id,name,marked_complete,stored_blocks,positive_blocks,observed_min,crossings,database
1,14nh_22512,1,120,119,0.12772907271930461,14,knot_research_14.db
2,14nh_08452,1,123,122,0.0076701234934024995,14,knot_research_14.db
3,14nh_26224,1,125,124,0.19083089333727668,14,knot_research_14.db
4,14nh_07304,1,133,132,0.029457675092596433,14,knot_research_14.db
6,14ah_11785,1,132,130,0.2325339336890161,14,knot_research_14.db
12,14nh_10778,1,128,126,0.015617998142370151,14,knot_research_14.db
13,14nh_25211,1,126,125,0.23402923736520756,14,knot_research_14.db
14,14nh_01057,1,131,130,0.007967299861295534,14,knot_research_14.db
15,14nh_10368,1,124,122,0.0326406202106905,14,knot_research_14.db
16,14nh_16899,1,134,133,0.09606490661830269,14,knot_research_14.db
17,14ah_00508,1,145,143,0.13526818492504197,14,knot_research_14.db
18,14nh_13933,1,125,124,0.04589046011032093,14,knot_research_14.db
19,14ah_18394,1,121,119,0.3155665704167247,14,knot_research_14.db
20,14ah_08278,1,133,131,0.30254403257917334,14,knot_research_14.db
21,14nh_24927,1,120,120,0.2114852793428766,14,knot_research_14.db
22,14nh_01798,1,122,121,0.0020530075480474593,14,knot_research_14.db
23,14nh_20525,1,126,124,0.03430759175728456,14,knot_research_14.db
24,14ah_11656,1,132,130,0.2217475540544624,14,knot_research_14.db
25,14ah_05600,1,135,133,0.22331125107915964,14,knot_research_14.db
26,14nh_08985,1,124,123,0.008646471767972218,14,knot_research_14.db
27,14ah_14195,1,123,121,0.34129942653368534,14,knot_research_14.db
28,14nh_03859,1,127,126,0.014931947316573605,14,knot_research_14.db
29,14nh_18543,1,124,123,0.14882138927356478,14,knot_research_14.db
30,14ah_04938,1,127,125,0.26183662466454366,14,knot_research_14.db
31,14ah_01969,1,139,137,0.2045747326185997,14,knot_research_14.db
32,14nh_00397,1,137,136,0.00397138484955585,14,knot_research_14.db
33,14nh_09985,1,127,126,0.015110327507346007,14,knot_research_14.db
34,14ah_02520,1,143,141,0.1822832267628671,14,knot_research_14.db
35,14nh_26900,1,128,127,0.2348794121043534,14,knot_research_14.db
36,14ah_00506,1,137,135,0.1080891555727625,14,knot_research_14.db
37,14nh_18750,1,124,122,0.012436418936528673,14,knot_research_14.db
38,14ah_00425,1,144,142,0.10636831384455737,14,knot_research_14.db
39,14ah_15796,1,129,127,0.25877524377020145,14,knot_research_14.db
40,14ah_19246,1,121,119,0.23477393165239824,14,knot_research_14.db
41,14nh_03269,1,138,138,0.11567588831211217,14,knot_research_14.db
42,14nh_15307,1,128,126,0.019575790987477224,14,knot_research_14.db
43,14nh_15949,1,137,136,0.14539038206670907,14,knot_research_14.db
44,14nh_07153,1,137,136,0.145557992941124,14,knot_research_14.db
45,14nh_02168,1,123,121,0.025209978367843954,14,knot_research_14.db
46,14nh_04580,1,134,133,0.07557904031664302,14,knot_research_14.db
47,14nh_24073,1,127,126,0.06146935246334602,14,knot_research_14.db
48,14ah_08521,1,121,119,0.2258837979480424,14,knot_research_14.db
49,14ah_16558,1,125,123,0.16764374164114437,14,knot_research_14.db
50,14ah_15826,1,121,119,0.3076483128325515,14,knot_research_14.db
51,14ah_09303,1,131,129,0.2150008652779232,14,knot_research_14.db
52,14nh_00581,1,133,131,0.0053970635536810556,14,knot_research_14.db
53,14ah_11578,1,129,127,0.22509002830897937,14,knot_research_14.db
54,14nh_12298,1,139,138,0.16417834682609048,14,knot_research_14.db
55,14ah_02592,1,135,133,0.19612508801131937,14,knot_research_14.db
56,14nh_04452,1,123,123,0.1110465744694196,14,knot_research_14.db
57,14nh_11162,1,128,127,0.010916794409977035,14,knot_research_14.db
58,14nh_03193,1,128,127,0.009515759226871848,14,knot_research_14.db
59,14nh_00021,1,126,125,0.0030292360538031185,14,knot_research_14.db
60,14nh_12334,1,117,116,0.015474386961892935,14,knot_research_14.db
61,14nh_03615,1,125,124,0.011877319206122455,14,knot_research_14.db
62,14ah_11283,1,131,129,0.20789901229841062,14,knot_research_14.db
63,14nh_09079,1,137,136,0.1536023384499272,14,knot_research_14.db
64,14nh_05939,1,129,128,0.13787617054792262,14,knot_research_14.db
65,14ah_17216,1,121,119,0.3259535066417828,14,knot_research_14.db
66,14ah_02935,1,138,136,0.21288393217150647,14,knot_research_14.db
67,14ah_06825,1,137,135,0.19780807825625726,14,knot_research_14.db
68,14nh_11455,1,124,122,0.022707468781812425,14,knot_research_14.db
69,14nh_13151,1,131,131,0.18669461990878236,14,knot_research_14.db
70,14nh_12250,1,134,133,0.12310795154853633,14,knot_research_14.db
71,14ah_03647,1,142,140,0.32534324008045085,14,knot_research_14.db
72,14nh_07200,1,139,138,0.18271802571331497,14,knot_research_14.db
73,14nh_23506,1,116,115,0.08313873703641667,14,knot_research_14.db
74,14nh_09148,1,126,124,0.026461075322514845,14,knot_research_14.db
75,14ah_01386,1,136,134,0.11961209412313191,14,knot_research_14.db
76,14nh_00934,1,127,126,0.002102197716736882,14,knot_research_14.db
77,14nh_19067,1,132,131,0.15432179896095302,14,knot_research_14.db
78,14nh_03876,1,147,146,0.1355265815873703,14,knot_research_14.db
79,14ah_03479,1,134,132,0.1741389799513609,14,knot_research_14.db
80,14nh_16751,1,129,128,0.09809595398198015,14,knot_research_14.db
81,14nh_03826,1,134,133,0.08699465168018039,14,knot_research_14.db
82,14nh_09796,1,128,127,0.1341738635360321,14,knot_research_14.db
83,14nh_10325,1,130,128,0.008627603121353853,14,knot_research_14.db
84,14ah_13302,1,125,123,0.3307386711859461,14,knot_research_14.db
85,14ah_01555,1,136,134,0.14133633362183928,14,knot_research_14.db
86,14nh_22664,1,133,132,0.059160628800772073,14,knot_research_14.db
87,14nh_14105,1,121,120,0.011813211394700813,14,knot_research_14.db
88,14ah_10612,1,125,123,0.25226663757913975,14,knot_research_14.db
89,14nh_20146,1,120,119,0.1645952768047608,14,knot_research_14.db
90,14ah_07333,1,137,135,0.19939234730341504,14,knot_research_14.db
91,14ah_14368,1,121,119,0.3209273914404539,14,knot_research_14.db
92,14nh_24014,1,125,124,0.18050178184892382,14,knot_research_14.db
93,14nh_20100,1,118,117,0.048579457479084,14,knot_research_14.db
94,14nh_04900,1,124,123,0.06452864347274839,14,knot_research_14.db
95,14nh_22944,1,127,126,0.2979642459946798,14,knot_research_14.db
96,14ah_14806,1,118,116,0.21413301543951982,14,knot_research_14.db
97,14nh_20647,1,130,129,0.06413092574672562,14,knot_research_14.db
98,14ah_05981,1,137,135,0.18649570522165435,14,knot_research_14.db
99,14nh_07495,1,131,129,0.013704126989826529,14,knot_research_14.db
100,14nh_23200,1,134,133,0.0738869814773232,14,knot_research_14.db
101,14nh_26648,1,123,122,0.05167285884562449,14,knot_research_14.db
102,14nh_05871,1,137,136,0.010221009361413822,14,knot_research_14.db
103,14ah_15358,1,129,127,0.2370019890370996,14,knot_research_14.db
104,14nh_24401,1,125,123,0.02561474347489248,14,knot_research_14.db
105,14nh_10819,1,126,125,0.01727946740900203,14,knot_research_14.db
106,14ah_03892,1,137,135,0.1707154654718429,14,knot_research_14.db
107,14nh_07548,1,129,128,0.05803603703974411,14,knot_research_14.db
108,14nh_07360,1,130,129,0.02409956433135257,14,knot_research_14.db
109,14ah_08913,1,128,126,0.26328251442521944,14,knot_research_14.db
110,14nh_19759,1,128,127,0.050663318925412065,14,knot_research_14.db
111,14nh_01130,1,114,113,0.021828384482406437,14,knot_research_14.db
112,14ah_00616,1,131,129,0.09911484625938179,14,knot_research_14.db
113,14nh_00852,1,137,136,0.1068995207477813,14,knot_research_14.db
114,14ah_19406,1,120,118,0.3361597349220142,14,knot_research_14.db
115,14ah_07715,1,126,124,0.11554874610426948,14,knot_research_14.db
116,14nh_25772,1,120,119,0.16837581920953487,14,knot_research_14.db
117,14ah_17385,1,128,126,0.2963127233051705,14,knot_research_14.db
118,14nh_21581,1,124,123,0.03375142826174248,14,knot_research_14.db
119,14nh_15504,1,125,124,0.050552579637951144,14,knot_research_14.db
120,14nh_01264,1,126,124,0.003948706982917414,14,knot_research_14.db
121,14nh_09606,1,127,125,0.031510167446273094,14,knot_research_14.db
122,14ah_13923,1,129,127,0.24138893109562284,14,knot_research_14.db
123,14ah_11143,1,128,126,0.175704706171708,14,knot_research_14.db
124,14nh_14827,1,126,125,0.020187864395220075,14,knot_research_14.db
125,14ah_00082,1,143,141,0.09801765976922278,14,knot_research_14.db
126,14ah_15725,1,124,122,0.26107683175737145,14,knot_research_14.db
127,14nh_07242,1,130,130,0.1840956623806583,14,knot_research_14.db
128,14ah_03755,1,137,135,0.21666318229521303,14,knot_research_14.db
129,14nh_11954,1,117,116,0.03497003900912607,14,knot_research_14.db
130,14ah_05316,1,133,131,0.20972644299134066,14,knot_research_14.db
131,14nh_26255,1,122,121,0.08448020650462777,14,knot_research_14.db
132,14ah_07166,1,133,131,0.18765706915373143,14,knot_research_14.db
133,14ah_01109,1,125,123,0.16676662177372886,14,knot_research_14.db
134,14ah_02383,1,130,128,0.14294515291191187,14,knot_research_14.db
135,14nh_14766,1,134,132,0.028462638386884502,14,knot_research_14.db
136,14nh_21839,1,134,133,0.07731985029343874,14,knot_research_14.db
137,14nh_06631,1,118,118,0.02671398696997343,14,knot_research_14.db
138,14ah_03717,1,136,134,0.24147311178970435,14,knot_research_14.db
139,14nh_00337,1,126,125,0.024689058677509725,14,knot_research_14.db
140,14ah_12166,1,127,125,0.22092609822400203,14,knot_research_14.db
141,14ah_14992,1,128,126,0.33764869771391937,14,knot_research_14.db
142,14ah_07010,1,130,128,0.23074131406234888,14,knot_research_14.db
143,14nh_08293,1,133,132,0.12328479495798465,14,knot_research_14.db
144,14nh_11411,1,127,126,0.20109290521664183,14,knot_research_14.db
145,14nh_18381,1,126,125,0.08537809074936839,14,knot_research_14.db
146,14nh_07420,1,130,129,0.02532657637171505,14,knot_research_14.db
147,14ah_16508,1,125,123,0.2451280892610485,14,knot_research_14.db
148,14nh_22164,1,133,132,0.09613762166644894,14,knot_research_14.db
149,14ah_11497,1,134,132,0.20964090718597464,14,knot_research_14.db
150,14ah_12138,1,129,127,0.2230270378672601,14,knot_research_14.db
151,14ah_17634,1,125,123,0.2790530772257683,14,knot_research_14.db
152,14ah_10335,1,126,124,0.2702633072885847,14,knot_research_14.db
153,14nh_18516,1,120,119,0.1931918231023132,14,knot_research_14.db
154,14ah_06376,1,121,119,0.11858542798337805,14,knot_research_14.db
155,14ah_08620,1,129,127,0.21425537320557286,14,knot_research_14.db
156,14ah_00732,1,135,133,0.13437205448300746,14,knot_research_14.db
157,14ah_00345,1,142,140,0.13361111711475282,14,knot_research_14.db
158,14ah_13532,1,127,125,0.21641900141291032,14,knot_research_14.db
159,14nh_26373,1,126,125,0.11327295307949484,14,knot_research_14.db
160,14nh_25368,1,125,124,0.2740130642279603,14,knot_research_14.db
161,14nh_23155,1,129,128,0.0158824710873779,14,knot_research_14.db
162,14nh_11859,1,123,122,0.18489633895385563,14,knot_research_14.db
163,14nh_27262,1,119,118,0.1881656797641917,14,knot_research_14.db
164,14nh_18721,1,132,131,0.17949988430932334,14,knot_research_14.db
165,14ah_11400,1,125,123,0.3287704989782114,14,knot_research_14.db
166,14nh_23516,1,128,127,0.20398640945689267,14,knot_research_14.db
167,14ah_01547,1,131,129,0.13821556371208746,14,knot_research_14.db
168,14nh_01994,1,133,132,0.0036964551104288934,14,knot_research_14.db
169,14nh_03671,1,132,131,0.0006119790255380953,14,knot_research_14.db
170,14nh_04860,1,129,128,0.006355014086351043,14,knot_research_14.db
171,14ah_07975,1,133,131,0.21804673336525995,14,knot_research_14.db
172,14ah_00731,1,146,144,0.13368090855528553,14,knot_research_14.db
173,14nh_00604,1,138,137,0.03969735140828595,14,knot_research_14.db
174,14ah_00079,1,141,139,0.0872890621997882,14,knot_research_14.db
175,14nh_02318,1,122,121,0.01991648369246549,14,knot_research_14.db
176,14nh_15261,1,126,125,0.02675076647827862,14,knot_research_14.db
177,14nh_11851,1,132,131,0.021143651406366853,14,knot_research_14.db
178,14nh_07191,1,132,131,0.07688934151223135,14,knot_research_14.db
179,14nh_11073,1,124,123,0.006122052436732785,14,knot_research_14.db
180,14nh_17362,1,124,123,0.09468306494658384,14,knot_research_14.db
181,14ah_07406,1,133,131,0.2463087324735888,14,knot_research_14.db
182,14ah_10100,1,137,135,0.21568970332853138,14,knot_research_14.db
183,14nh_02038,1,128,127,0.0028785946300212725,14,knot_research_14.db
184,14nh_23766,1,120,119,0.2040953375096018,14,knot_research_14.db
185,14nh_13155,1,129,128,0.17251263512821027,14,knot_research_14.db
186,14nh_16038,1,128,127,0.11648230407694146,14,knot_research_14.db
187,14ah_06433,1,123,121,0.14515061314022115,14,knot_research_14.db
188,14nh_26042,1,125,124,0.24566815626721114,14,knot_research_14.db
189,14nh_02250,1,120,119,0.06138823678278144,14,knot_research_14.db
190,14ah_00010,0,42,41,0.10295736779917657,14,knot_research_14.db
191,14nh_24350,1,126,125,0.14616701336440077,14,knot_research_14.db
192,14ah_07281,1,132,130,0.293436716124358,14,knot_research_14.db
193,14nh_24195,1,124,123,0.11923067487433799,14,knot_research_14.db
194,14ah_13166,1,128,126,0.33772726940641806,14,knot_research_14.db
195,14ah_02540,1,127,125,0.09984199761707924,14,knot_research_14.db
196,14nh_18953,1,127,126,0.13087900091881347,14,knot_research_14.db
197,14ah_05975,1,138,136,0.229679577616435,14,knot_research_14.db
198,14ah_12039,1,132,130,0.3352623905103122,14,knot_research_14.db
199,14ah_13528,1,131,129,0.25099183167599914,14,knot_research_14.db
200,14nh_11482,1,142,141,0.1668893611292468,14,knot_research_14.db
201,14ah_17861,1,123,121,0.34217998491824464,14,knot_research_14.db
202,14ah_15744,1,128,126,0.304901062542662,14,knot_research_14.db
203,14ah_03998,1,134,132,0.19183308519984876,14,knot_research_14.db
204,14nh_26912,1,130,129,0.14159325084294083,14,knot_research_14.db
205,14nh_25742,1,126,125,0.15091219582438378,14,knot_research_14.db
206,14nh_26113,1,130,129,0.2167249328413951,14,knot_research_14.db
207,14ah_12347,1,131,129,0.20688058073811114,14,knot_research_14.db
208,14ah_04526,1,137,135,0.20489972754714952,14,knot_research_14.db
209,14ah_10408,1,133,131,0.2616831905842139,14,knot_research_14.db
210,14ah_13515,1,128,126,0.26533897834846576,14,knot_research_14.db
211,14ah_19018,1,128,126,0.23269950620950766,14,knot_research_14.db
212,14ah_04307,1,142,140,0.18326929359104588,14,knot_research_14.db
213,14ah_07659,1,130,128,0.23653146347130405,14,knot_research_14.db
214,14ah_10113,1,129,127,0.28781797381193613,14,knot_research_14.db
215,14nh_26353,1,123,122,0.04419566821440592,14,knot_research_14.db
216,14ah_10559,1,128,126,0.19454413387685493,14,knot_research_14.db
217,14ah_19188,1,128,126,0.26284784682820184,14,knot_research_14.db
218,14ah_13114,1,124,122,0.19442615483911618,14,knot_research_14.db
219,14ah_17922,1,128,126,0.31677623634620083,14,knot_research_14.db
220,14nh_05011,1,125,124,0.005249030053777033,14,knot_research_14.db
221,14nh_04793,1,128,127,0.20487005317062795,14,knot_research_14.db
222,14nh_15324,1,124,123,0.09036292210038954,14,knot_research_14.db
223,14ah_16945,1,123,121,0.39750225189215505,14,knot_research_14.db
224,14nh_03873,1,122,121,0.01689645312310076,14,knot_research_14.db
225,14ah_08228,1,135,133,0.2252665807011719,14,knot_research_14.db
226,14ah_05910,1,135,133,0.15911929218487886,14,knot_research_14.db
227,14nh_05458,1,109,108,0.13482933769761526,14,knot_research_14.db
228,14nh_05314,1,127,126,0.0018137544516344576,14,knot_research_14.db
229,14ah_05173,1,133,131,0.23551780156783989,14,knot_research_14.db
230,14nh_01641,1,132,131,0.015132663197817987,14,knot_research_14.db
231,14ah_16762,1,128,126,0.2697021658308403,14,knot_research_14.db
232,14ah_05772,1,130,128,0.2521471441251231,14,knot_research_14.db
233,14nh_18671,1,127,125,0.018269068528330365,14,knot_research_14.db
234,14ah_16874,1,127,125,0.3891503840458736,14,knot_research_14.db
235,14nh_08698,1,129,128,0.01527476968029034,14,knot_research_14.db
236,14nh_20677,1,133,132,0.20877335294399899,14,knot_research_14.db
237,14nh_07712,1,126,125,0.023296763311659002,14,knot_research_14.db
238,14nh_02591,1,131,130,0.006155644968284035,14,knot_research_14.db
239,14ah_04882,1,127,125,0.2844362034097665,14,knot_research_14.db
240,14ah_02208,1,137,135,0.2071182608028114,14,knot_research_14.db
241,14nh_15449,1,127,125,0.02320004592037544,14,knot_research_14.db
242,14nh_02898,1,120,120,0.04454287981303477,14,knot_research_14.db
243,14nh_26129,1,121,120,0.2759828857828372,14,knot_research_14.db
244,14nh_04971,1,135,134,0.13210538012883657,14,knot_research_14.db
245,14nh_17419,1,140,139,0.1661160123773879,14,knot_research_14.db
246,14nh_23565,1,134,133,0.10483064887437012,14,knot_research_14.db
247,14nh_12156,1,128,126,0.014196401559054527,14,knot_research_14.db
248,14nh_25204,1,127,126,0.08233980027402173,14,knot_research_14.db
249,14nh_23447,1,130,129,0.09874769995203798,14,knot_research_14.db
250,14ah_18226,1,128,126,0.3307352484212091,14,knot_research_14.db
251,14ah_17257,1,125,123,0.20378225093118985,14,knot_research_14.db
252,14ah_03848,1,134,132,0.14534694938338868,14,knot_research_14.db
253,14ah_02363,1,137,135,0.17743113302302352,14,knot_research_14.db
254,14nh_05828,1,142,141,0.06516052195956286,14,knot_research_14.db
255,14nh_11969,1,128,127,0.06616681144565734,14,knot_research_14.db
256,14ah_09382,1,133,131,0.19872851391295476,14,knot_research_14.db
257,14nh_09510,1,129,128,0.22824201976623754,14,knot_research_14.db
258,14ah_11898,1,129,127,0.25433379160412506,14,knot_research_14.db
259,14ah_15172,1,134,132,0.23462794520358982,14,knot_research_14.db
260,14ah_01935,1,139,137,0.17390034621203365,14,knot_research_14.db
261,14ah_02550,1,134,132,0.12407783414431538,14,knot_research_14.db
262,14ah_17048,1,127,125,0.22243243244134994,14,knot_research_14.db
263,14nh_12744,1,125,124,0.036098998858058604,14,knot_research_14.db
264,14nh_02844,1,123,122,0.07519857216384147,14,knot_research_14.db
265,14nh_22441,1,120,119,0.013280380402747226,14,knot_research_14.db
266,14ah_07013,1,140,138,0.21462369437734602,14,knot_research_14.db
267,14nh_20360,1,128,128,0.24217482127946768,14,knot_research_14.db
268,14ah_03566,1,137,135,0.21509945449877824,14,knot_research_14.db
269,14ah_15074,1,132,130,0.2695710666340985,14,knot_research_14.db
270,14ah_01832,1,145,143,0.17148880077972023,14,knot_research_14.db
271,14nh_19667,1,120,119,0.12386782916439634,14,knot_research_14.db
272,14ah_07312,1,135,133,0.21039725466003917,14,knot_research_14.db
273,14ah_07252,1,135,133,0.28862352245267053,14,knot_research_14.db
274,14nh_18206,1,123,122,0.12757824852494232,14,knot_research_14.db
275,14nh_14719,1,124,123,0.04679831992814451,14,knot_research_14.db
276,14ah_17312,1,125,123,0.2619965754550876,14,knot_research_14.db
277,14ah_14910,1,130,128,0.23722074498764462,14,knot_research_14.db
278,14nh_04268,1,135,134,0.13577164728064928,14,knot_research_14.db
279,14ah_01209,1,141,139,0.18083863324000082,14,knot_research_14.db
280,14nh_00238,1,135,134,0.008820290757080483,14,knot_research_14.db
281,14nh_24334,1,127,126,0.2254613353480589,14,knot_research_14.db
282,14nh_19647,1,129,128,0.12269355871367887,14,knot_research_14.db
283,14nh_26857,1,120,119,0.18380776574261146,14,knot_research_14.db
284,14nh_11831,1,121,120,0.01559777238865231,14,knot_research_14.db
285,14nh_18915,1,124,123,0.11178195915468098,14,knot_research_14.db
286,14nh_12142,1,130,129,0.034889967161932135,14,knot_research_14.db
287,14nh_03819,1,126,124,0.020874064897539204,14,knot_research_14.db
288,14nh_05780,1,125,124,0.007695686669968449,14,knot_research_14.db
289,14ah_19314,1,128,126,0.3799205846364699,14,knot_research_14.db
290,14nh_13846,1,124,122,0.008488266855434952,14,knot_research_14.db
291,14nh_18252,1,131,130,0.0735001532855556,14,knot_research_14.db
292,14nh_19789,1,129,127,0.029458569841283488,14,knot_research_14.db
293,14nh_23470,1,129,128,0.07027901758302413,14,knot_research_14.db
294,14nh_14990,1,127,126,0.10645325077395262,14,knot_research_14.db
295,14ah_10651,1,130,128,0.22296578163485756,14,knot_research_14.db
296,14nh_14337,1,128,126,0.019144164373747587,14,knot_research_14.db
297,14nh_22382,1,121,121,0.1010719188241045,14,knot_research_14.db
298,14ah_16893,1,125,123,0.24916281973421314,14,knot_research_14.db
299,14nh_10001,1,123,121,0.014661655997142314,14,knot_research_14.db
300,14nh_24018,1,130,129,0.1600967250164066,14,knot_research_14.db
301,14nh_26049,1,121,120,0.03089743469753268,14,knot_research_14.db
302,14nh_21010,1,126,124,0.008571208136979721,14,knot_research_14.db
303,14nh_11431,1,128,127,0.011532617930887362,14,knot_research_14.db
304,14ah_05007,1,132,130,0.1820345052862427,14,knot_research_14.db
305,14ah_14888,1,128,126,0.2391706583950165,14,knot_research_14.db
306,14nh_03032,1,136,135,0.03523458865269389,14,knot_research_14.db
307,14nh_17391,1,129,128,0.16304259660167303,14,knot_research_14.db
308,14ah_12084,1,127,125,0.25156148075058826,14,knot_research_14.db
309,14nh_25172,1,124,123,0.08386322429051474,14,knot_research_14.db
310,14ah_11712,1,123,121,0.3327342575117683,14,knot_research_14.db
311,14nh_11013,1,125,124,0.17061590112505173,14,knot_research_14.db
312,14ah_10365,1,127,125,0.23743281057961585,14,knot_research_14.db
313,14nh_10898,1,128,127,0.13152262340098075,14,knot_research_14.db
314,14nh_23871,1,121,120,0.1306560200189559,14,knot_research_14.db
315,14nh_22629,1,126,125,0.025560817351996088,14,knot_research_14.db
316,14ah_10694,1,132,130,0.2396883940392029,14,knot_research_14.db
317,14ah_06649,1,119,117,0.20032815745661167,14,knot_research_14.db
318,14ah_08157,1,133,131,0.20651799011023236,14,knot_research_14.db
319,14nh_09696,1,122,122,0.2319227006093614,14,knot_research_14.db
320,14ah_07487,1,135,133,0.20662828078016596,14,knot_research_14.db
321,14ah_12152,1,129,127,0.20275141274966318,14,knot_research_14.db
322,14ah_13709,1,133,131,0.3114349717866238,14,knot_research_14.db
323,14nh_16212,1,118,117,0.14061454572798995,14,knot_research_14.db
324,14ah_14911,1,131,129,0.2806163497040888,14,knot_research_14.db
325,14nh_21187,1,132,131,0.15692945768771735,14,knot_research_14.db
326,14nh_06708,1,142,141,0.15966422448155226,14,knot_research_14.db
327,14nh_27323,1,124,123,0.0941725345500401,14,knot_research_14.db
328,14ah_07035,1,137,135,0.1661812742755967,14,knot_research_14.db
329,14ah_18304,1,127,125,0.33512828843354076,14,knot_research_14.db
330,14nh_18773,1,140,139,0.16664527249707364,14,knot_research_14.db
331,14ah_03081,1,141,139,0.15761360745513697,14,knot_research_14.db
332,14ah_04637,1,130,128,0.16096412512193864,14,knot_research_14.db
333,14nh_05239,1,118,117,0.03834211703466583,14,knot_research_14.db
334,14nh_16706,1,125,124,0.16444402826701088,14,knot_research_14.db
335,14ah_08484,1,131,129,0.20491875749987062,14,knot_research_14.db
336,14nh_12458,1,125,124,0.009977289091917349,14,knot_research_14.db
337,14nh_01245,1,136,135,0.011432281704936528,14,knot_research_14.db
338,14ah_01761,1,139,137,0.1295545581172119,14,knot_research_14.db
339,14ah_19391,1,123,121,0.2775487376097597,14,knot_research_14.db
340,14ah_14340,1,130,128,0.257767166943714,14,knot_research_14.db
341,14nh_13917,1,134,133,0.1941782710429783,14,knot_research_14.db
342,14ah_02839,1,123,121,0.15996423642801688,14,knot_research_14.db
343,14ah_13851,1,132,130,0.2581496066274988,14,knot_research_14.db
344,14nh_04930,1,121,120,0.0026765425075092183,14,knot_research_14.db
345,14nh_20739,1,133,132,0.015015226214317879,14,knot_research_14.db
346,14ah_12549,1,128,126,0.31059394346833963,14,knot_research_14.db
347,14ah_18984,1,120,118,0.31378394784140906,14,knot_research_14.db
348,14ah_03079,1,131,129,0.18975336143205201,14,knot_research_14.db
349,14nh_26704,1,128,127,0.1351241083166778,14,knot_research_14.db
350,14nh_26706,1,126,125,0.09886269209128429,14,knot_research_14.db
351,14ah_17819,1,121,119,0.3155665705235184,14,knot_research_14.db
352,14nh_26757,1,125,124,0.2383068714673009,14,knot_research_14.db
353,14nh_24997,1,129,128,0.23118099875153586,14,knot_research_14.db
354,14ah_14648,1,128,126,0.2336306897070637,14,knot_research_14.db
355,14nh_03618,1,137,136,0.0368248599357847,14,knot_research_14.db
356,14nh_01238,1,126,125,0.0032191911417555905,14,knot_research_14.db
357,14ah_09379,1,132,130,0.2942858799111851,14,knot_research_14.db
358,14ah_06535,1,135,133,0.2057588640793615,14,knot_research_14.db
359,14nh_02505,1,121,120,0.019969999293574504,14,knot_research_14.db
360,14nh_06269,1,122,121,0.04744169832666808,14,knot_research_14.db
361,14nh_12586,1,132,130,0.012510480246438693,14,knot_research_14.db
362,14ah_03877,1,143,141,0.1508716921071955,14,knot_research_14.db
363,14ah_05395,1,132,130,0.1786125047684099,14,knot_research_14.db
364,14nh_11872,1,120,119,0.17759845401624708,14,knot_research_14.db
365,14ah_03618,1,135,133,0.22281667897320837,14,knot_research_14.db
366,14nh_10753,1,123,122,0.08236469557264445,14,knot_research_14.db
367,14nh_00745,1,129,128,0.009646187184403401,14,knot_research_14.db
368,14nh_11114,1,134,133,0.019924323662150436,14,knot_research_14.db
369,14ah_16703,1,129,127,0.2825569506148982,14,knot_research_14.db
371,14ah_13229,1,129,127,0.23040952846750437,14,knot_research_14.db
372,14nh_08962,1,118,117,0.01926059600882188,14,knot_research_14.db
373,14ah_16264,1,128,126,0.26284784722602295,14,knot_research_14.db
374,14nh_00227,1,129,128,0.03422491957231838,14,knot_research_14.db
375,14nh_04328,1,128,126,0.019898981828705725,14,knot_research_14.db
376,14nh_14966,1,121,119,0.019928913722398973,14,knot_research_14.db
377,14nh_12017,1,126,125,0.13666003753005357,14,knot_research_14.db
378,14nh_01441,1,117,116,0.07176147999999503,14,knot_research_14.db
379,14nh_17218,1,128,127,0.2485589537329675,14,knot_research_14.db
380,14nh_10842,1,125,124,0.028210908907291537,14,knot_research_14.db
381,14ah_14360,1,133,131,0.2845063548374829,14,knot_research_14.db
382,14nh_00561,1,126,125,0.04503338910525418,14,knot_research_14.db
383,14ah_18105,1,124,122,0.39526775836157585,14,knot_research_14.db
384,14ah_10755,1,129,127,0.22456261088152107,14,knot_research_14.db
385,14nh_03536,1,135,134,0.14972378250503224,14,knot_research_14.db
386,14nh_22659,1,122,120,0.046610782889015025,14,knot_research_14.db
387,14nh_22809,1,127,126,0.03276362664761746,14,knot_research_14.db
388,14ah_05868,1,135,133,0.23242586376140803,14,knot_research_14.db
389,14ah_09112,1,128,126,0.2623551288687572,14,knot_research_14.db
390,14nh_14336,1,121,120,0.11134173278077975,14,knot_research_14.db
391,14ah_09461,1,132,130,0.22310481527933898,14,knot_research_14.db
392,14nh_17149,1,131,130,0.052630812840474654,14,knot_research_14.db
393,14ah_03014,1,137,135,0.21009900700334955,14,knot_research_14.db
394,14ah_06613,1,130,128,0.17570470617296388,14,knot_research_14.db
395,14ah_06697,1,135,133,0.17131777105026058,14,knot_research_14.db
396,14nh_17987,1,129,128,0.19723864961707485,14,knot_research_14.db
397,14nh_16735,1,118,117,0.05654396583535235,14,knot_research_14.db
398,14nh_09532,1,138,137,0.16805355169518812,14,knot_research_14.db
399,14nh_21618,1,121,121,0.08044706394895657,14,knot_research_14.db
400,14nh_18962,1,132,131,0.08461691603142173,14,knot_research_14.db
401,14ah_09029,1,133,131,0.2460704044549938,14,knot_research_14.db
402,14nh_03609,1,148,147,0.11797052942181037,14,knot_research_14.db
403,14nh_12009,1,139,138,0.13450246040097205,14,knot_research_14.db
404,14nh_08038,1,124,123,0.005733303081463126,14,knot_research_14.db
405,14nh_06056,1,130,129,0.00454127394743492,14,knot_research_14.db
406,14nh_16919,1,120,119,0.00627288286055494,14,knot_research_14.db
407,14nh_10355,1,125,124,0.005693748769645274,14,knot_research_14.db
408,14nh_11003,1,120,119,0.03391337733959641,14,knot_research_14.db
409,14ah_18691,1,122,120,0.36453173193065475,14,knot_research_14.db
410,14nh_10947,1,122,121,0.044303170120946846,14,knot_research_14.db
411,14nh_17314,1,123,121,0.009329132273444809,14,knot_research_14.db
412,14nh_15342,1,134,133,0.16204515506664566,14,knot_research_14.db
413,14nh_26692,1,127,126,0.081527805209914,14,knot_research_14.db
414,14nh_22654,1,120,118,0.03503252953540411,14,knot_research_14.db
415,14nh_15707,1,125,124,0.18261186714721017,14,knot_research_14.db
416,14ah_00921,1,135,133,0.09230320168521268,14,knot_research_14.db
417,14nh_04598,1,132,131,0.09355019873768462,14,knot_research_14.db
418,14nh_14550,1,127,127,0.20231806565340332,14,knot_research_14.db
419,14nh_17706,1,123,122,0.02017876736664877,14,knot_research_14.db
420,14ah_07310,1,133,131,0.2423957974772765,14,knot_research_14.db
421,14ah_09952,1,128,126,0.28592014483179934,14,knot_research_14.db
422,14nh_08218,1,119,118,0.01774262178834746,14,knot_research_14.db
423,14ah_12781,1,134,132,0.19501583155122867,14,knot_research_14.db
424,14ah_11221,1,135,133,0.2730099254459917,14,knot_research_14.db
425,14nh_20894,1,128,127,0.016428416035334608,14,knot_research_14.db
426,14nh_10551,1,127,126,0.01368102303766024,14,knot_research_14.db
427,14nh_14959,1,137,136,0.25186399648540786,14,knot_research_14.db
428,14ah_15765,1,126,124,0.335649086784734,14,knot_research_14.db
429,14nh_14574,1,126,125,0.023698049386856965,14,knot_research_14.db
430,14nh_14913,1,139,138,0.06509119945556588,14,knot_research_14.db
431,14nh_19223,1,122,121,0.13158844711078743,14,knot_research_14.db
432,14nh_17208,1,128,126,0.035882612246541455,14,knot_research_14.db
433,14nh_26812,1,116,115,0.2919631699540027,14,knot_research_14.db
434,14nh_26225,1,127,126,0.0778783526551843,14,knot_research_14.db
435,14ah_16412,1,125,123,0.19673770819815162,14,knot_research_14.db
436,14nh_03176,1,131,130,0.03832578994970717,14,knot_research_14.db
437,14nh_26729,1,127,126,0.15175448087493962,14,knot_research_14.db
438,14ah_08075,1,128,126,0.1884480429793117,14,knot_research_14.db
439,14ah_07573,1,134,132,0.2499046555455277,14,knot_research_14.db
440,14ah_02339,1,133,131,0.13461062865016582,14,knot_research_14.db
441,14ah_17113,1,123,121,0.27192778762903597,14,knot_research_14.db
442,14nh_25139,1,119,118,0.04389671040424768,14,knot_research_14.db
443,14nh_19451,1,131,130,0.07188348860434866,14,knot_research_14.db
444,14nh_18841,1,131,130,0.14115117236443472,14,knot_research_14.db
445,14nh_07969,1,125,124,0.043077246544523766,14,knot_research_14.db
446,14ah_16183,1,130,128,0.31776050307985043,14,knot_research_14.db
447,14nh_16014,1,124,122,0.006858343067737884,14,knot_research_14.db
448,14ah_05796,1,135,133,0.2195347798281229,14,knot_research_14.db
449,14nh_04802,1,123,122,0.009131878673128827,14,knot_research_14.db
450,14nh_23329,1,130,129,0.20890144008360836,14,knot_research_14.db
451,14nh_26600,1,126,125,0.27309127124477134,14,knot_research_14.db
452,14ah_06405,1,135,133,0.16084566416143192,14,knot_research_14.db
453,14nh_04304,1,125,124,0.010664031531886385,14,knot_research_14.db
454,14ah_00327,1,147,145,0.12061475842818255,14,knot_research_14.db
455,14ah_06776,1,134,132,0.24772922976919426,14,knot_research_14.db
456,14ah_18663,1,128,126,0.3097627411804087,14,knot_research_14.db
457,14ah_15553,1,131,129,0.2950850563307214,14,knot_research_14.db
458,14nh_18236,1,131,130,0.03215801380256686,14,knot_research_14.db
459,14nh_09076,1,131,130,0.19402221515670204,14,knot_research_14.db
460,14nh_10667,0,29,28,0.33626505989439515,14,knot_research_14.db
461,14ah_08033,1,133,131,0.2113910192769921,14,knot_research_14.db
462,14nh_19780,1,123,122,0.1439041676359956,14,knot_research_14.db
463,14nh_26848,1,120,119,0.14390373375455284,14,knot_research_14.db
464,14nh_17817,1,135,134,0.054429763915759405,14,knot_research_14.db
465,14ah_14116,1,132,130,0.25551263515997036,14,knot_research_14.db
466,14nh_01406,1,124,123,0.015726123318674366,14,knot_research_14.db
467,14nh_09333,1,127,125,0.045602340975939216,14,knot_research_14.db
468,14nh_25235,1,129,128,0.05569365720479223,14,knot_research_14.db
469,14nh_08424,1,131,130,0.14994273655934773,14,knot_research_14.db
470,14nh_22205,1,118,117,0.26823454884383874,14,knot_research_14.db
471,14nh_25097,1,125,124,0.2454324399622846,14,knot_research_14.db
472,14ah_17891,1,132,130,0.2661730772818374,14,knot_research_14.db
473,14nh_20965,1,131,130,0.043587195995788884,14,knot_research_14.db
474,14nh_16590,1,129,128,0.003976718316439426,14,knot_research_14.db
475,14ah_07191,1,137,135,0.19073043615518856,14,knot_research_14.db
476,14ah_10152,1,128,126,0.25781299343517117,14,knot_research_14.db
477,14ah_02330,1,134,132,0.14348461564997209,14,knot_research_14.db
478,14ah_12033,1,128,126,0.20980387029762776,14,knot_research_14.db
479,14ah_12072,1,136,134,0.2662812405332633,14,knot_research_14.db
480,14nh_22852,1,124,123,0.18093934621922914,14,knot_research_14.db
481,14nh_09541,1,132,131,0.028339628530402592,14,knot_research_14.db
482,14ah_10477,1,131,129,0.3072135170539264,14,knot_research_14.db
483,14ah_07843,1,138,136,0.26721334802696717,14,knot_research_14.db
484,14ah_13703,1,131,129,0.26168319059718337,14,knot_research_14.db
485,14nh_05124,1,133,133,0.13573432133901153,14,knot_research_14.db
486,14nh_11037,1,125,124,0.008032042933791459,14,knot_research_14.db
487,14nh_03078,1,124,124,0.09071818259598935,14,knot_research_14.db
488,14nh_25315,1,126,125,0.16393692736378418,14,knot_research_14.db
489,14ah_06339,1,132,130,0.1452078878804361,14,knot_research_14.db
490,14nh_23785,1,129,128,0.3124623835509874,14,knot_research_14.db
491,14ah_18632,1,123,121,0.3443675743704326,14,knot_research_14.db
492,14ah_16951,1,124,122,0.3356490868799811,14,knot_research_14.db
493,14nh_10679,1,124,123,0.032149143175951564,14,knot_research_14.db
494,14nh_25000,1,119,118,0.07906775741369078,14,knot_research_14.db
495,14ah_03805,1,132,130,0.15103510444387783,14,knot_research_14.db
496,14nh_10363,1,129,128,0.13549862522860243,14,knot_research_14.db
497,14nh_14791,1,123,123,0.08857830215817979,14,knot_research_14.db
498,14ah_03624,1,135,133,0.2054666109022137,14,knot_research_14.db
499,14ah_07566,1,137,135,0.25424240519755875,14,knot_research_14.db
500,14nh_22173,1,123,121,0.015447405934098912,14,knot_research_14.db
501,14nh_03332,1,125,124,0.02318230514299896,14,knot_research_14.db
502,14ah_16943,1,125,123,0.195565870512205,14,knot_research_14.db
503,14nh_14063,1,131,130,0.22875106321603003,14,knot_research_14.db
504,14nh_24370,1,127,126,0.04639544269064601,14,knot_research_14.db
505,14ah_09293,1,131,129,0.22658814978435599,14,knot_research_14.db
506,14nh_19059,1,124,123,0.0020359659533987925,14,knot_research_14.db
507,14ah_02620,1,135,133,0.21058750988717578,14,knot_research_14.db
508,14ah_04612,1,130,128,0.13709481537733403,14,knot_research_14.db
509,14ah_12206,1,127,125,0.1973134822772758,14,knot_research_14.db
510,14ah_15608,1,127,125,0.3088392750042788,14,knot_research_14.db
511,14nh_21229,1,132,131,0.12774891354465112,14,knot_research_14.db
512,14nh_12817,1,129,127,0.024349760691193083,14,knot_research_14.db
513,14nh_22250,1,125,124,0.2124593143868102,14,knot_research_14.db
514,14ah_10105,1,129,127,0.2156346715683661,14,knot_research_14.db
515,14nh_24244,1,129,128,0.05326176443994959,14,knot_research_14.db
516,14ah_04160,1,134,132,0.17693130190823467,14,knot_research_14.db
517,14nh_20992,1,127,126,0.19228389450702366,14,knot_research_14.db
518,14nh_27322,1,120,119,0.14042392661598596,14,knot_research_14.db
519,14ah_01171,1,139,137,0.13072785209253704,14,knot_research_14.db
520,14nh_16470,1,123,122,0.042935647821887794,14,knot_research_14.db
521,14ah_00593,1,131,129,0.16395173634713908,14,knot_research_14.db
522,14nh_19262,1,119,118,0.19150447080355718,14,knot_research_14.db
523,14nh_25203,1,125,124,0.21688271226191308,14,knot_research_14.db
524,14nh_14864,1,127,126,0.24018580357599992,14,knot_research_14.db
525,14ah_18760,1,121,119,0.34213212146570715,14,knot_research_14.db
526,14nh_22267,1,129,128,0.10415744718133789,14,knot_research_14.db
527,14nh_07781,1,121,120,0.039888798013272844,14,knot_research_14.db
528,14ah_11865,1,126,124,0.1761782192190361,14,knot_research_14.db
529,14nh_08255,1,121,121,0.2111245249853981,14,knot_research_14.db
530,14ah_06547,1,135,133,0.1748944730222411,14,knot_research_14.db
531,14ah_06266,1,135,133,0.22588515189354041,14,knot_research_14.db
532,14ah_05451,1,134,132,0.2221937036626468,14,knot_research_14.db
533,14ah_14562,1,127,125,0.29597071349376086,14,knot_research_14.db
534,14nh_16368,1,131,130,0.22108431769991715,14,knot_research_14.db
535,14nh_25924,1,123,122,0.24624140850832507,14,knot_research_14.db
536,14ah_07034,1,132,130,0.19941627268856138,14,knot_research_14.db
537,14ah_14865,1,132,130,0.2435285500977406,14,knot_research_14.db
538,14nh_22684,1,130,129,0.1785054069085435,14,knot_research_14.db
539,14nh_16970,1,120,118,0.03424981447654846,14,knot_research_14.db
540,14ah_10006,1,131,129,0.378905826048708,14,knot_research_14.db
541,14nh_19462,1,127,126,0.019790735733695445,14,knot_research_14.db
542,14nh_05695,1,135,134,0.011965023183330698,14,knot_research_14.db
543,14ah_03942,1,140,138,0.18647087944944604,14,knot_research_14.db
544,14nh_14906,1,131,129,0.06118881357882018,14,knot_research_14.db
545,14ah_09742,1,130,128,0.26091637535184925,14,knot_research_14.db
546,14ah_04241,1,137,135,0.18207456209074885,14,knot_research_14.db
547,14ah_10774,1,127,125,0.20549335209522407,14,knot_research_14.db
548,14nh_23287,1,121,120,0.08108212735741353,14,knot_research_14.db
549,14nh_01388,1,128,127,0.009392132079862552,14,knot_research_14.db
550,14ah_05345,1,137,135,0.14826617779456885,14,knot_research_14.db
551,14nh_08851,1,127,127,0.134444162339046,14,knot_research_14.db
552,14nh_03779,1,129,128,0.03530754869377909,14,knot_research_14.db
553,14ah_15897,1,118,116,0.21230628582544314,14,knot_research_14.db
554,14nh_08939,1,116,115,0.00687291381525532,14,knot_research_14.db
555,14ah_04726,1,138,136,0.1603850580158869,14,knot_research_14.db
556,14nh_10772,1,116,115,0.06036085992393141,14,knot_research_14.db
557,14nh_00884,1,122,122,0.012750503816049223,14,knot_research_14.db
558,14ah_10537,1,129,127,0.26681695309892345,14,knot_research_14.db
559,14nh_16278,1,125,124,0.07077459730760889,14,knot_research_14.db
560,14nh_06589,1,117,116,0.05513601275762934,14,knot_research_14.db
561,14nh_15702,1,127,125,0.0095772782869881,14,knot_research_14.db
562,14ah_15226,1,125,123,0.26199657545695487,14,knot_research_14.db
563,14nh_11605,1,129,127,0.08237603862637465,14,knot_research_14.db
564,14ah_00645,1,145,143,0.15730898039293628,14,knot_research_14.db
565,14nh_06560,1,115,114,0.030805704642841335,14,knot_research_14.db
566,14nh_12348,1,126,125,0.2565449700127326,14,knot_research_14.db
567,14ah_06548,1,138,136,0.21729934274427504,14,knot_research_14.db
568,14ah_16162,1,128,126,0.26209473800126476,14,knot_research_14.db
569,14ah_08421,1,136,134,0.20595491923851042,14,knot_research_14.db
570,14ah_11595,1,135,133,0.1886035440990946,14,knot_research_14.db
571,14ah_06869,1,130,128,0.23264223980630602,14,knot_research_14.db
572,14nh_26359,1,121,120,0.1688675933783187,14,knot_research_14.db
573,14nh_10720,1,127,127,0.08816572111348786,14,knot_research_14.db
574,14nh_07320,1,130,129,0.10617790584502083,14,knot_research_14.db
575,14nh_08427,1,132,131,0.009278760143138125,14,knot_research_14.db
576,14ah_01775,1,145,143,0.14194987377420842,14,knot_research_14.db
577,14nh_01536,1,120,119,0.039462102211612816,14,knot_research_14.db
578,14ah_04504,1,134,132,0.15787769802885324,14,knot_research_14.db
579,14ah_08227,1,133,131,0.24055544919975536,14,knot_research_14.db
580,14nh_27100,1,126,125,0.15020104106085638,14,knot_research_14.db
581,14ah_10656,1,131,129,0.23679608082034337,14,knot_research_14.db
582,14nh_15753,1,126,125,0.02503116443087755,14,knot_research_14.db
583,14nh_14619,1,129,128,0.13779937698764427,14,knot_research_14.db
584,14nh_17584,1,135,134,0.13691568285342914,14,knot_research_14.db
585,14nh_23589,1,131,130,0.21664807650548795,14,knot_research_14.db
586,14nh_18986,1,124,123,0.2360686729507565,14,knot_research_14.db
587,14ah_06802,1,138,136,0.22512597944017748,14,knot_research_14.db
588,14nh_20430,1,133,132,0.06926168132626358,14,knot_research_14.db
589,14nh_26265,1,125,124,0.05530313788481975,14,knot_research_14.db
590,14nh_14251,1,133,132,0.03550054680532476,14,knot_research_14.db
591,14ah_10906,1,133,131,0.2412903614108869,14,knot_research_14.db
592,14nh_15545,1,129,128,0.02132733651799154,14,knot_research_14.db
593,14nh_14752,1,137,136,0.15346910797939853,14,knot_research_14.db
594,14ah_04164,1,133,131,0.2059232149540897,14,knot_research_14.db
595,14nh_00005,1,134,133,0.013981044686432782,14,knot_research_14.db
596,14ah_02637,1,135,133,0.18452502924460515,14,knot_research_14.db
597,14ah_00355,1,137,135,0.10867386541058843,14,knot_research_14.db
598,14nh_18793,1,124,123,0.2304070587446353,14,knot_research_14.db
599,14nh_07762,1,131,130,0.05572113193456146,14,knot_research_14.db
600,14nh_25754,1,122,121,0.2064531914109158,14,knot_research_14.db
601,14ah_10064,1,133,131,0.18695169536487857,14,knot_research_14.db
602,14ah_09503,1,132,130,0.17678399685502635,14,knot_research_14.db
603,14nh_19075,1,131,130,0.05525387399936908,14,knot_research_14.db
604,14ah_02304,1,141,139,0.19517020213663736,14,knot_research_14.db
605,14ah_08400,1,128,126,0.23291949879913568,14,knot_research_14.db
606,14ah_17509,1,128,126,0.26187473010036183,14,knot_research_14.db
607,14ah_13256,1,132,130,0.22383186342474493,14,knot_research_14.db
608,14nh_26331,1,115,114,0.03868511052930409,14,knot_research_14.db
609,14ah_08452,1,131,129,0.16291031530601038,14,knot_research_14.db
610,14nh_24444,1,124,123,0.10898880533704018,14,knot_research_14.db
611,14nh_09806,1,132,131,0.05049864753683569,14,knot_research_14.db
612,14nh_16211,1,118,117,0.14061454572799045,14,knot_research_14.db
613,14nh_16374,1,129,128,0.16653734510936316,14,knot_research_14.db
614,14nh_11440,1,130,128,0.04192619950487879,14,knot_research_14.db
615,14ah_03878,1,143,141,0.15087169210727328,14,knot_research_14.db
616,14nh_11067,1,123,122,0.03856182177664942,14,knot_research_14.db
617,14nh_27342,1,121,120,0.2367728383863808,14,knot_research_14.db
618,14ah_18835,1,123,121,0.3159379992967067,14,knot_research_14.db
619,14nh_22712,1,136,135,0.16559433951448851,14,knot_research_14.db
620,14nh_05087,1,118,117,0.004717321508778315,14,knot_research_14.db
621,14ah_01009,1,129,127,0.11143452577327885,14,knot_research_14.db
622,14ah_05732,1,131,129,0.17716695330431104,14,knot_research_14.db
623,14ah_08727,1,128,126,0.15231945109690526,14,knot_research_14.db
624,14nh_13667,1,133,132,0.03659356847893781,14,knot_research_14.db
625,14nh_10788,1,128,127,0.03482816251136425,14,knot_research_14.db
626,14ah_08038,1,128,126,0.29005702622546536,14,knot_research_14.db
627,14ah_10600,1,138,136,0.2247411077334308,14,knot_research_14.db
628,14nh_12853,1,133,132,0.1287949230383645,14,knot_research_14.db
629,14nh_10025,1,129,127,0.013309665384881198,14,knot_research_14.db
630,14ah_02900,1,138,136,0.18552789403453565,14,knot_research_14.db
631,14nh_12329,1,120,119,0.018947935980929576,14,knot_research_14.db
632,14nh_04828,1,125,124,0.04975241023435982,14,knot_research_14.db
633,14nh_10647,1,124,123,0.0034448871373527995,14,knot_research_14.db
634,14ah_02887,1,133,131,0.16690107524051814,14,knot_research_14.db
635,14ah_08395,1,131,129,0.23404701060071945,14,knot_research_14.db
636,14ah_04035,1,130,128,0.18497983716478092,14,knot_research_14.db
637,14nh_09717,1,125,124,0.13289683874720423,14,knot_research_14.db
638,14nh_23644,1,134,133,0.1885426799414357,14,knot_research_14.db
639,14ah_06095,1,133,131,0.2099837066423755,14,knot_research_14.db
640,14nh_13557,1,142,141,0.15538210865618635,14,knot_research_14.db
641,14nh_02714,1,123,122,0.0018714774386547064,14,knot_research_14.db
642,14ah_17695,1,123,121,0.3412994262452172,14,knot_research_14.db
643,14ah_07124,1,133,131,0.2355178016842904,14,knot_research_14.db
644,14nh_11492,1,127,126,0.059491770576282924,14,knot_research_14.db
645,14ah_17040,1,125,123,0.2923297872943481,14,knot_research_14.db
646,14nh_15473,1,125,124,0.09607560120500729,14,knot_research_14.db
647,14ah_05401,1,128,126,0.26200688462299976,14,knot_research_14.db
648,14ah_07883,1,137,135,0.18488000313245712,14,knot_research_14.db
649,14ah_18567,1,119,117,0.2824490824170565,14,knot_research_14.db
650,14ah_11055,1,133,131,0.19473933190153975,14,knot_research_14.db
651,14ah_15886,1,128,126,0.30419855388920247,14,knot_research_14.db
652,14ah_04554,1,139,137,0.1770877398683446,14,knot_research_14.db
653,14ah_08317,1,131,129,0.2186713950791696,14,knot_research_14.db
654,14nh_00385,1,125,124,0.007767291845337861,14,knot_research_14.db
655,14ah_07950,1,136,134,0.25743037421326664,14,knot_research_14.db
656,14nh_13431,1,123,121,0.02921108370775751,14,knot_research_14.db
657,14ah_06669,1,136,134,0.20485798505632527,14,knot_research_14.db
658,14ah_10952,1,127,125,0.23892066743984527,14,knot_research_14.db
659,14nh_04252,1,123,121,0.00480808011542096,14,knot_research_14.db
660,14ah_14537,1,128,126,0.32181970708294555,14,knot_research_14.db
661,14nh_14087,1,130,129,0.22347848998805675,14,knot_research_14.db
662,14nh_01572,1,134,132,0.007287467967659292,14,knot_research_14.db
663,14nh_05387,1,132,130,0.011479262689513514,14,knot_research_14.db
664,14nh_12441,1,132,131,0.016199860937955918,14,knot_research_14.db
665,14nh_25999,1,123,122,0.04966004191665699,14,knot_research_14.db
666,14nh_13859,1,119,118,0.005546547786959581,14,knot_research_14.db
667,14nh_00747,1,134,132,0.0034983912158274696,14,knot_research_14.db
668,14nh_04517,1,128,127,0.007851421983579056,14,knot_research_14.db
669,14nh_11672,1,128,127,0.04293902887462851,14,knot_research_14.db
670,14nh_03573,1,123,123,0.08766229555985335,14,knot_research_14.db
671,14ah_16380,1,131,129,0.267161628883116,14,knot_research_14.db
672,14nh_09759,1,130,129,0.0697163882670872,14,knot_research_14.db
673,14ah_14735,1,128,126,0.29356827979189853,14,knot_research_14.db
674,14ah_09897,1,131,129,0.21759079370957662,14,knot_research_14.db
675,14ah_08972,1,126,124,0.21391902724039308,14,knot_research_14.db
676,14ah_11623,1,129,127,0.2866113118021822,14,knot_research_14.db
677,14nh_26639,1,124,123,0.10199406098502342,14,knot_research_14.db
678,14ah_19324,1,128,126,0.29557741744920746,14,knot_research_14.db
679,14ah_12806,1,128,126,0.22538792729580173,14,knot_research_14.db
680,14ah_08385,1,135,133,0.19781848666184856,14,knot_research_14.db
681,14nh_10975,1,127,126,0.11057696276133046,14,knot_research_14.db
682,14ah_07560,1,133,131,0.23904348311561976,14,knot_research_14.db
683,14nh_06696,1,129,128,0.11801544751277096,14,knot_research_14.db
684,14ah_06979,1,136,134,0.21031735503245902,14,knot_research_14.db
685,14nh_10170,1,123,122,0.007810841611463851,14,knot_research_14.db
686,14ah_05999,1,137,135,0.19392941746502593,14,knot_research_14.db
687,14nh_15890,1,133,132,0.0647445583277116,14,knot_research_14.db
688,14nh_11547,1,126,125,0.003826305546442939,14,knot_research_14.db
689,14nh_08087,1,119,118,0.01855853898121171,14,knot_research_14.db
690,14ah_04419,1,132,130,0.2290010071210004,14,knot_research_14.db
691,14ah_06164,1,128,126,0.26855934286144584,14,knot_research_14.db
692,14ah_11952,1,124,122,0.205130180560627,14,knot_research_14.db
693,14ah_19475,1,119,117,0.3972947514310401,14,knot_research_14.db
694,14ah_08560,1,137,135,0.17116762919012846,14,knot_research_14.db
695,14nh_00738,1,128,127,0.012098369871910106,14,knot_research_14.db
696,14nh_11516,1,140,139,0.16469965321313362,14,knot_research_14.db
697,14ah_11099,1,131,129,0.2841010512200771,14,knot_research_14.db
698,14ah_07288,1,137,135,0.23022146775809446,14,knot_research_14.db
699,14ah_06346,1,135,133,0.2688272768680092,14,knot_research_14.db
700,14nh_06944,1,110,110,0.14830311333727494,14,knot_research_14.db
701,14nh_04514,1,130,129,0.038442199215626485,14,knot_research_14.db
702,14nh_03614,1,123,122,0.0042973824328451805,14,knot_research_14.db
703,14nh_04256,1,125,125,0.1277893021740031,14,knot_research_14.db
704,14nh_12494,1,131,130,0.07112019077522526,14,knot_research_14.db
705,14ah_18827,1,128,126,0.2869112319355931,14,knot_research_14.db
706,14ah_15874,1,121,119,0.22029378591168938,14,knot_research_14.db
707,14nh_15338,1,126,125,0.07976632566146404,14,knot_research_14.db
708,14ah_04805,1,139,137,0.1992137928764826,14,knot_research_14.db
709,14nh_21988,1,125,124,0.16622653918786243,14,knot_research_14.db
710,14nh_07381,1,118,117,0.009833186218192397,14,knot_research_14.db
711,14ah_16652,1,127,125,0.2800590317153281,14,knot_research_14.db
712,14ah_06273,1,136,134,0.23959282577659402,14,knot_research_14.db
713,14ah_16335,1,128,126,0.2268808243971418,14,knot_research_14.db
714,14ah_09453,1,123,121,0.27969807480185743,14,knot_research_14.db
715,14nh_06129,1,120,119,0.04908380373285837,14,knot_research_14.db
716,14ah_01019,1,143,141,0.15130442897137492,14,knot_research_14.db
717,14nh_12082,1,125,124,0.16997461345943024,14,knot_research_14.db
718,14nh_15014,1,122,121,0.0092684810065569,14,knot_research_14.db
719,14ah_00814,1,133,131,0.12047242931136898,14,knot_research_14.db
720,14ah_16617,1,122,120,0.3319570583919134,14,knot_research_14.db
721,14ah_03917,1,133,131,0.16147053675097167,14,knot_research_14.db
722,14nh_05276,1,132,131,0.06740218997676363,14,knot_research_14.db
723,14nh_06244,1,135,134,0.01911111415048662,14,knot_research_14.db
724,14ah_18403,1,128,126,0.22044849824374038,14,knot_research_14.db
725,14nh_23953,1,127,126,0.22942468435534175,14,knot_research_14.db
726,14nh_02540,1,135,134,0.03455620558235865,14,knot_research_14.db
727,14nh_06253,1,137,136,0.01522079217166216,14,knot_research_14.db
728,14nh_26122,1,126,125,0.15156859151265137,14,knot_research_14.db
729,14ah_01024,1,144,142,0.118942577112231,14,knot_research_14.db
730,14nh_19379,1,134,133,0.17396842825439685,14,knot_research_14.db
731,14ah_05199,1,137,135,0.15564989570982246,14,knot_research_14.db
732,14nh_25539,1,125,124,0.2668695467141492,14,knot_research_14.db
733,14nh_00846,1,140,139,0.012527388789396372,14,knot_research_14.db
734,14nh_22293,1,132,131,0.17913555740454015,14,knot_research_14.db
735,14nh_23130,1,130,129,0.1338183569618692,14,knot_research_14.db
736,14nh_19528,1,133,132,0.12753015665763004,14,knot_research_14.db
737,14ah_06934,1,127,125,0.19298075900046133,14,knot_research_14.db
738,14nh_18337,1,129,128,0.04684325354519704,14,knot_research_14.db
739,14ah_12831,1,120,118,0.19974601700464875,14,knot_research_14.db
740,14ah_16968,1,128,126,0.21477819778614185,14,knot_research_14.db
741,14ah_18276,1,128,126,0.25016819458729866,14,knot_research_14.db
742,14nh_09872,1,128,127,0.025695944582129995,14,knot_research_14.db
743,14ah_11243,1,125,123,0.242307180306798,14,knot_research_14.db
744,14ah_02629,1,138,136,0.17299253760340216,14,knot_research_14.db
745,14nh_20001,1,119,118,0.21041009059771357,14,knot_research_14.db
746,14nh_16521,1,127,126,0.15203510771921291,14,knot_research_14.db
747,14ah_12640,1,132,130,0.16493845547919708,14,knot_research_14.db
748,14nh_26251,1,119,118,0.3140206575916221,14,knot_research_14.db
749,14ah_01875,1,139,137,0.1718169707987862,14,knot_research_14.db
750,14nh_10545,1,124,123,0.006473134955132054,14,knot_research_14.db
751,14nh_07915,1,137,136,0.19486175987349025,14,knot_research_14.db
752,14nh_03194,1,138,137,0.004764182081878465,14,knot_research_14.db
753,14nh_26652,1,127,126,0.12337670919144517,14,knot_research_14.db
754,14nh_17144,1,136,135,0.1086561105655005,14,knot_research_14.db
755,14ah_04228,1,135,133,0.23536868216230106,14,knot_research_14.db
756,14nh_18678,1,124,122,0.04679827727684241,14,knot_research_14.db
757,14nh_20929,1,128,127,0.0747942202229101,14,knot_research_14.db
758,14nh_08729,1,124,123,0.006918938669865475,14,knot_research_14.db
759,14ah_07113,1,135,133,0.2836171182359626,14,knot_research_14.db
760,14nh_00252,1,123,121,0.10979270102550176,14,knot_research_14.db
761,14ah_13492,1,127,125,0.23773537322913094,14,knot_research_14.db
762,14ah_16403,1,129,127,0.22363944803286903,14,knot_research_14.db
763,14nh_17656,1,127,126,0.10747520905665232,14,knot_research_14.db
764,14nh_24359,1,125,124,0.2590876180018421,14,knot_research_14.db
765,14nh_11495,1,121,120,0.15656033719471585,14,knot_research_14.db
766,14nh_19235,1,127,125,0.01206389981602065,14,knot_research_14.db
767,14nh_20676,1,118,117,0.24419705482829868,14,knot_research_14.db
768,14nh_24162,1,125,124,0.06941641233942072,14,knot_research_14.db
769,14ah_02878,1,136,134,0.1656406092361036,14,knot_research_14.db
770,14nh_23547,1,121,120,0.09229562256604354,14,knot_research_14.db
771,14nh_22746,1,131,130,0.13667813792768535,14,knot_research_14.db
772,14nh_15257,1,131,130,0.11875675782122938,14,knot_research_14.db
773,14ah_10531,1,126,124,0.1923114581890081,14,knot_research_14.db
774,14ah_00516,1,142,140,0.1207637153882243,14,knot_research_14.db
775,14nh_09275,1,129,128,0.05594083169511144,14,knot_research_14.db
776,14nh_01663,1,137,136,0.030245289989756254,14,knot_research_14.db
777,14ah_07827,1,135,133,0.17345298534629236,14,knot_research_14.db
778,14nh_21210,1,121,120,0.2257662424719924,14,knot_research_14.db
779,14ah_14085,1,129,127,0.27701248997225336,14,knot_research_14.db
780,14nh_23624,1,120,119,0.17969287273597728,14,knot_research_14.db
781,14nh_19831,1,127,126,0.3050589017003037,14,knot_research_14.db
782,14nh_27161,1,126,125,0.10065270173766613,14,knot_research_14.db
783,14nh_03492,1,129,127,0.04253605887279819,14,knot_research_14.db
784,14nh_15068,1,121,120,0.025935524957477394,14,knot_research_14.db
785,14ah_16674,1,123,121,0.2726558148900671,14,knot_research_14.db
786,14nh_14691,1,124,122,0.029415224879906103,14,knot_research_14.db
787,14nh_18395,1,134,133,0.18441710802133476,14,knot_research_14.db
788,14ah_18135,1,128,126,0.25361775667085606,14,knot_research_14.db
789,14nh_20134,1,119,118,0.05482678227543812,14,knot_research_14.db
790,14ah_13262,1,124,122,0.32508131544950514,14,knot_research_14.db
791,14nh_19875,1,120,118,0.028340600357482103,14,knot_research_14.db
792,14nh_22259,1,122,121,0.21286654142789957,14,knot_research_14.db
793,14nh_13038,1,129,128,0.010498073012716694,14,knot_research_14.db
794,14nh_17894,1,127,125,0.053140634925671615,14,knot_research_14.db
795,14nh_21559,1,121,119,0.03774139344966303,14,knot_research_14.db
796,14nh_21641,1,127,126,0.2445152481109859,14,knot_research_14.db
797,14nh_19640,1,129,128,0.17763150376948947,14,knot_research_14.db
798,14nh_04009,1,132,131,0.01673934469459935,14,knot_research_14.db
799,14ah_02415,1,140,138,0.1912396942085477,14,knot_research_14.db
800,14ah_01132,1,142,140,0.1941066238072474,14,knot_research_14.db
801,14ah_11774,1,131,129,0.20724186302620848,14,knot_research_14.db
802,14nh_16892,1,120,120,0.22578352210091443,14,knot_research_14.db
803,14nh_24240,1,131,130,0.03760545059066917,14,knot_research_14.db
804,14nh_24337,1,126,125,0.13670215278016826,14,knot_research_14.db
805,14ah_00330,1,135,133,0.11819456907069423,14,knot_research_14.db
806,14nh_20080,1,120,119,0.2278330154364768,14,knot_research_14.db
807,14ah_09540,1,128,126,0.2889198957598377,14,knot_research_14.db
808,14ah_00514,1,142,140,0.09360104755805237,14,knot_research_14.db
809,14nh_00552,1,128,126,0.011237305977568451,14,knot_research_14.db
810,14ah_11610,1,127,125,0.2899953905157559,14,knot_research_14.db
811,14nh_02181,1,136,135,0.03204760381307356,14,knot_research_14.db
812,14nh_06022,1,120,120,0.12445641380967058,14,knot_research_14.db
813,14nh_19829,1,126,125,0.16691850952674572,14,knot_research_14.db
814,14ah_10809,1,127,125,0.3464888529896434,14,knot_research_14.db
815,14ah_11958,1,132,130,0.2555126351499839,14,knot_research_14.db
816,14ah_01320,1,131,129,0.1364769526582645,14,knot_research_14.db
817,14nh_24902,1,125,124,0.32735657588301204,14,knot_research_14.db
818,14ah_17098,1,128,126,0.2474709656258772,14,knot_research_14.db
819,14ah_06448,1,137,135,0.20910407639959483,14,knot_research_14.db
820,14nh_10790,1,120,119,0.07385855402963905,14,knot_research_14.db
821,14ah_09560,1,133,131,0.21753900607075327,14,knot_research_14.db
822,14ah_07055,1,133,131,0.22952378412188754,14,knot_research_14.db
823,14nh_14177,1,130,129,0.07335957587530147,14,knot_research_14.db
824,14nh_22239,1,124,124,0.1881581644074545,14,knot_research_14.db
825,14nh_08634,1,137,136,0.022626021715974522,14,knot_research_14.db
826,14nh_10963,1,131,130,0.011964022774762481,14,knot_research_14.db
827,14nh_03004,1,114,113,0.00137580886763934,14,knot_research_14.db
828,14nh_22425,1,129,128,0.24293131639527474,14,knot_research_14.db
829,14nh_05131,1,113,112,0.006667701632645477,14,knot_research_14.db
830,14ah_07195,1,140,138,0.22536321857080197,14,knot_research_14.db
831,14ah_13777,1,123,121,0.2636407295508338,14,knot_research_14.db
832,14ah_00660,1,144,142,0.12569263860836213,14,knot_research_14.db
833,14nh_21923,1,121,120,0.2602355342899774,14,knot_research_14.db
834,14ah_10399,1,133,131,0.2688272769110334,14,knot_research_14.db
835,14nh_06861,1,133,133,0.15559422097246084,14,knot_research_14.db
836,14ah_19265,1,123,121,0.32641975285914393,14,knot_research_14.db
837,14nh_09920,1,124,123,0.030252592736895175,14,knot_research_14.db
838,14nh_21363,1,129,128,0.19464512579516302,14,knot_research_14.db
839,14ah_09369,1,130,128,0.22035807287859588,14,knot_research_14.db
840,14ah_18382,1,126,124,0.3334292676042958,14,knot_research_14.db
841,14ah_09312,1,129,127,0.28126102178903367,14,knot_research_14.db
842,14ah_06652,1,139,137,0.14239258610417024,14,knot_research_14.db
843,14nh_24763,1,113,113,0.08045070739459079,14,knot_research_14.db
844,14nh_12791,1,129,129,0.1839579088610703,14,knot_research_14.db
845,14ah_15756,1,122,120,0.40587383794019594,14,knot_research_14.db
846,14ah_01799,1,138,136,0.09456162048040381,14,knot_research_14.db
847,14nh_14709,1,137,136,0.15768959691032353,14,knot_research_14.db
848,14nh_06306,1,122,121,0.07208315710206013,14,knot_research_14.db
849,14ah_18302,1,119,117,0.33247825801639247,14,knot_research_14.db
850,14nh_06224,1,133,132,0.12494548289630791,14,knot_research_14.db
851,14ah_00744,1,143,141,0.14656780458417998,14,knot_research_14.db
852,14ah_14313,1,123,121,0.33482857664967136,14,knot_research_14.db
853,14nh_09879,1,121,120,0.21005966456261754,14,knot_research_14.db
854,14nh_16469,1,123,122,0.13781890581210696,14,knot_research_14.db
855,14nh_06281,1,125,124,0.04131738009402901,14,knot_research_14.db
856,14nh_07050,1,129,127,0.010371086479943196,14,knot_research_14.db
857,14ah_07038,1,138,136,0.19527402290878956,14,knot_research_14.db
858,14ah_03981,1,138,136,0.22276256879817227,14,knot_research_14.db
859,14ah_09254,1,122,120,0.16864955586780386,14,knot_research_14.db
860,14ah_13609,1,129,127,0.30213575510163093,14,knot_research_14.db
861,14ah_04903,1,130,128,0.1895008596114641,14,knot_research_14.db
862,14ah_02880,1,139,137,0.21481493164969148,14,knot_research_14.db
863,14nh_24173,1,133,132,0.2094677965998096,14,knot_research_14.db
864,14nh_26531,1,126,125,0.13549780698245398,14,knot_research_14.db
865,14nh_10907,1,122,121,0.01714519257016268,14,knot_research_14.db
866,14nh_17901,1,120,119,0.20033092237945108,14,knot_research_14.db
867,14nh_17428,1,124,124,0.15059266818896297,14,knot_research_14.db
868,14nh_01614,1,138,137,0.04079106943413538,14,knot_research_14.db
869,14ah_02704,1,140,138,0.16705928695498554,14,knot_research_14.db
870,14nh_25418,1,125,124,0.2547431563639087,14,knot_research_14.db
871,14nh_17981,1,138,137,0.22741804085334894,14,knot_research_14.db
872,14ah_06756,1,135,133,0.19324116064273436,14,knot_research_14.db
873,14nh_15139,1,117,116,0.24155586799626996,14,knot_research_14.db
874,14nh_09279,1,125,123,0.015048794119411405,14,knot_research_14.db
875,14ah_06241,1,137,135,0.19557148691305135,14,knot_research_14.db
876,14nh_18852,1,120,119,0.18708230849267637,14,knot_research_14.db
877,14nh_24480,1,130,129,0.1139555046981228,14,knot_research_14.db
878,14nh_16680,1,123,121,0.014010512479704015,14,knot_research_14.db
879,14ah_00084,1,148,146,0.10189300680593458,14,knot_research_14.db
880,14nh_26029,1,128,127,0.13863627133716647,14,knot_research_14.db
881,14ah_09317,1,134,132,0.2347659809611254,14,knot_research_14.db
882,14nh_03515,1,117,116,0.017433222339129112,14,knot_research_14.db
883,14nh_16410,1,122,121,0.058081660679726185,14,knot_research_14.db
884,14nh_25547,1,125,124,0.24527676929536876,14,knot_research_14.db
885,14ah_06471,1,131,129,0.20243150253705322,14,knot_research_14.db
886,14nh_19556,1,129,128,0.09960023495336424,14,knot_research_14.db
887,14ah_07938,1,128,126,0.1959247450455685,14,knot_research_14.db
888,14nh_19828,1,126,125,0.028571945565780955,14,knot_research_14.db
889,14nh_02996,1,125,125,0.13115192372640147,14,knot_research_14.db
890,14nh_02572,1,134,133,0.14134737429120153,14,knot_research_14.db
891,14nh_17951,1,123,121,0.04015115961238429,14,knot_research_14.db
892,14ah_14308,1,129,127,0.22068946512815366,14,knot_research_14.db
893,14nh_26608,1,118,117,0.23246582766976015,14,knot_research_14.db
894,14nh_12314,1,132,131,0.03838611244753819,14,knot_research_14.db
895,14ah_05693,1,131,129,0.2839887470584047,14,knot_research_14.db
896,14nh_10977,1,118,117,0.008708305444293338,14,knot_research_14.db
897,14ah_01188,1,125,123,0.1412130718579122,14,knot_research_14.db
898,14ah_07760,1,129,127,0.23162504092873454,14,knot_research_14.db
899,14nh_27311,1,124,123,0.08349880639708214,14,knot_research_14.db
900,14ah_08685,1,135,133,0.23526297077358227,14,knot_research_14.db
901,14nh_05207,1,128,127,0.0612580627708566,14,knot_research_14.db
902,14nh_07164,1,135,133,0.00817228009560167,14,knot_research_14.db
903,14nh_06319,1,126,125,0.025324496993969534,14,knot_research_14.db
904,14nh_19268,1,126,125,0.15578868172566185,14,knot_research_14.db
905,14nh_05220,1,137,137,0.09928792834264971,14,knot_research_14.db
906,14ah_03504,1,132,130,0.23327733926115843,14,knot_research_14.db
907,14nh_21071,1,124,123,0.18467641190491924,14,knot_research_14.db
908,14nh_01910,1,128,127,0.019411865939755944,14,knot_research_14.db
909,14ah_10369,1,129,127,0.1617797146103699,14,knot_research_14.db
910,14ah_18570,1,122,120,0.2935506632786138,14,knot_research_14.db
911,14ah_00656,1,145,143,0.14239597908493595,14,knot_research_14.db
912,14ah_13447,1,132,130,0.27150013071958906,14,knot_research_14.db
913,14nh_22030,1,130,130,0.25898143629894077,14,knot_research_14.db
914,14nh_08762,1,127,126,0.00987419029393782,14,knot_research_14.db
915,14ah_08192,1,135,133,0.21518601175945104,14,knot_research_14.db
916,14ah_09251,1,133,131,0.15492335694874987,14,knot_research_14.db
917,14nh_14499,1,123,123,0.25478822626269026,14,knot_research_14.db
918,14ah_02695,1,133,131,0.1490446216287654,14,knot_research_14.db
919,14nh_10606,1,137,136,0.11807190221947504,14,knot_research_14.db
920,14nh_05337,1,118,117,0.032239845862355,14,knot_research_14.db
921,14ah_02450,1,138,136,0.13404832984220852,14,knot_research_14.db
922,14nh_07048,1,133,131,0.02031845448177752,14,knot_research_14.db
923,14nh_19197,1,135,134,0.2060199458199674,14,knot_research_14.db
924,14nh_04394,1,121,120,0.019643836603288868,14,knot_research_14.db
925,14ah_13970,1,131,129,0.25608737244034563,14,knot_research_14.db
926,14ah_03668,1,132,130,0.18107081979494716,14,knot_research_14.db
927,14nh_08327,1,131,130,0.15565750265107997,14,knot_research_14.db
928,14nh_08984,1,123,123,0.1911561442762925,14,knot_research_14.db
929,14nh_00459,1,119,118,0.07319915213073817,14,knot_research_14.db
930,14nh_22474,1,125,124,0.04067213698245841,14,knot_research_14.db
931,14nh_00583,1,130,129,0.014055273315282358,14,knot_research_14.db
932,14nh_10825,1,125,124,0.2157168776806709,14,knot_research_14.db
933,14ah_08843,1,131,129,0.14117194764425411,14,knot_research_14.db
934,14ah_06024,1,139,137,0.20216100127019115,14,knot_research_14.db
935,14ah_03391,1,129,127,0.1612768579528903,14,knot_research_14.db
936,14ah_13516,1,132,130,0.1767839968548827,14,knot_research_14.db
937,14nh_15824,1,122,122,0.12527038166680876,14,knot_research_14.db
938,14nh_21286,1,120,118,0.01580607942140952,14,knot_research_14.db
939,14nh_22200,1,129,128,0.2383614745083268,14,knot_research_14.db
940,14ah_02930,1,138,136,0.14871435269590713,14,knot_research_14.db
941,14ah_07463,1,130,128,0.1539156019309188,14,knot_research_14.db
942,14nh_13714,1,129,127,0.030186100178528973,14,knot_research_14.db
943,14ah_17387,1,128,126,0.33597601126417087,14,knot_research_14.db
944,14ah_01034,1,143,141,0.19358848076266466,14,knot_research_14.db
945,14ah_18124,1,123,121,0.2348047669486457,14,knot_research_14.db
946,14nh_26040,1,123,122,0.11779727399798814,14,knot_research_14.db
947,14nh_26901,1,130,129,0.1273862110003839,14,knot_research_14.db
948,14nh_07864,1,124,123,0.16135828971036928,14,knot_research_14.db
949,14ah_17334,1,123,121,0.24986202936224722,14,knot_research_14.db
950,14nh_04187,1,123,123,0.0669315779903427,14,knot_research_14.db
951,14nh_06456,1,123,122,0.00904991566210793,14,knot_research_14.db
952,14ah_19371,1,119,117,0.366801025024116,14,knot_research_14.db
953,14ah_13554,1,128,126,0.23971727372392754,14,knot_research_14.db
954,14ah_07149,1,129,127,0.26644176480868864,14,knot_research_14.db
955,14nh_07220,1,127,127,0.051625364057273526,14,knot_research_14.db
956,14nh_20011,1,120,119,0.2130579088857923,14,knot_research_14.db
957,14ah_13471,1,127,125,0.28001748301673746,14,knot_research_14.db
958,14nh_25640,1,132,131,0.16068257059140337,14,knot_research_14.db
959,14nh_02042,1,134,133,0.03300042855700366,14,knot_research_14.db
960,14ah_16417,1,132,130,0.2859969880109542,14,knot_research_14.db
961,14ah_11159,1,131,129,0.22265985317537895,14,knot_research_14.db
962,14ah_17714,1,123,121,0.32397295657097347,14,knot_research_14.db
963,14nh_16109,1,121,121,0.03609747854259243,14,knot_research_14.db
964,14ah_00080,1,148,146,0.11279319668451471,14,knot_research_14.db
965,14nh_25922,1,120,119,0.24991982454597458,14,knot_research_14.db
966,14nh_21004,1,123,123,0.09126551679643458,14,knot_research_14.db
967,14nh_03473,1,121,120,0.0332353585848656,14,knot_research_14.db
968,14nh_10492,1,119,118,0.023467791879102896,14,knot_research_14.db
969,14ah_16587,1,130,128,0.2933033080772502,14,knot_research_14.db
970,14ah_00958,1,143,141,0.1524186428710312,14,knot_research_14.db
971,14nh_12106,1,127,126,0.0018552081660963208,14,knot_research_14.db
972,14ah_02107,1,130,128,0.18862357243920616,14,knot_research_14.db
973,14nh_02582,1,125,124,0.0041307879285678115,14,knot_research_14.db
974,14nh_07124,1,120,119,0.0022911209335991934,14,knot_research_14.db
975,14nh_25378,1,130,129,0.17101167417266244,14,knot_research_14.db
976,14nh_02192,1,134,133,0.04035746611808185,14,knot_research_14.db
977,14nh_26702,1,126,125,0.09729905305933571,14,knot_research_14.db
978,14ah_12181,1,131,129,0.24946596956259098,14,knot_research_14.db
979,14nh_00996,1,131,130,0.004499921801216851,14,knot_research_14.db
980,14ah_03726,1,136,134,0.16779193811727647,14,knot_research_14.db
981,14ah_14392,1,129,127,0.2304108357597906,14,knot_research_14.db
982,14nh_25867,1,120,119,0.30577740430067923,14,knot_research_14.db
983,14nh_13011,1,124,123,0.04845631421106475,14,knot_research_14.db
984,14ah_04623,1,139,137,0.20701956965946874,14,knot_research_14.db
985,14nh_22041,1,127,126,0.13948485682484874,14,knot_research_14.db
986,14nh_19620,1,126,125,0.0307367245350448,14,knot_research_14.db
987,14ah_16301,1,123,121,0.21874903150028588,14,knot_research_14.db
988,14ah_13206,1,132,130,0.27653733790520263,14,knot_research_14.db
989,14nh_07268,1,121,120,0.018045508871802503,14,knot_research_14.db
990,14ah_07964,1,135,133,0.23384541275942514,14,knot_research_14.db
991,14nh_05810,1,133,132,0.12495577474920327,14,knot_research_14.db
992,14nh_20506,1,137,136,0.19126734683229288,14,knot_research_14.db
993,14nh_21453,1,121,120,0.23383585209057126,14,knot_research_14.db
994,14ah_04508,1,137,135,0.16551145985627433,14,knot_research_14.db
995,14ah_12603,1,132,130,0.21978159772024572,14,knot_research_14.db
996,14nh_06760,1,134,132,0.009903432810487474,14,knot_research_14.db
997,14nh_12732,1,124,123,0.03788776903402508,14,knot_research_14.db
998,14nh_08983,1,135,135,0.2120185868649736,14,knot_research_14.db
999,14ah_07699,1,139,137,0.23147285289149802,14,knot_research_14.db
1000,14ah_08076,1,131,129,0.18821862250198518,14,knot_research_14.db
1001,14ah_00935,1,144,142,0.16533690774268311,14,knot_research_14.db
1002,14ah_02395,1,141,139,0.16789240313116785,14,knot_research_14.db
1003,14ah_03674,1,133,131,0.195151280190348,14,knot_research_14.db
1004,14ah_07767,1,137,135,0.22588515189230468,14,knot_research_14.db
1005,14ah_03586,1,136,134,0.16666430361888906,14,knot_research_14.db
1006,14nh_24544,1,119,118,0.2771959244446898,14,knot_research_14.db
1007,14ah_10637,1,124,122,0.18766260902809045,14,knot_research_14.db
1008,14ah_00467,1,142,140,0.14261631241137124,14,knot_research_14.db
1009,14nh_22979,1,132,131,0.20566852265441365,14,knot_research_14.db
1010,14nh_06758,1,126,125,0.10814036769138032,14,knot_research_14.db
1011,14nh_06736,1,139,138,0.018645821918937946,14,knot_research_14.db
1012,14ah_00972,1,133,131,0.11730358848208922,14,knot_research_14.db
1013,14ah_00644,1,131,129,0.13631684586385526,14,knot_research_14.db
1014,14ah_01405,1,131,129,0.11788740748415881,14,knot_research_14.db
1015,14nh_26576,1,125,124,0.19802901544598842,14,knot_research_14.db
1016,14nh_22418,1,125,124,0.07789536440117541,14,knot_research_14.db
1017,14nh_01953,1,127,126,0.039841591477604216,14,knot_research_14.db
1018,14ah_17711,1,130,128,0.27336417051553225,14,knot_research_14.db
1019,14nh_17211,1,123,123,0.08363678061581421,14,knot_research_14.db
1020,14ah_10618,1,135,133,0.21830394019351043,14,knot_research_14.db
1021,14nh_15420,1,127,125,0.016732933879841375,14,knot_research_14.db
1022,14nh_18758,1,121,120,0.10436504608569008,14,knot_research_14.db
1023,14nh_17589,1,133,132,0.20003360668252634,14,knot_research_14.db
1024,14nh_02482,1,147,146,0.10006145380999121,14,knot_research_14.db
1025,14nh_26747,1,124,123,0.2795548201079661,14,knot_research_14.db
1026,14ah_01798,1,131,129,0.11812362794790654,14,knot_research_14.db
1027,14ah_08271,1,137,135,0.19921379286746388,14,knot_research_14.db
1028,14nh_11225,1,131,130,0.19295968478510894,14,knot_research_14.db
1029,14nh_11160,1,128,127,0.20028303929889038,14,knot_research_14.db
1030,14nh_05924,1,126,125,0.011580226110471992,14,knot_research_14.db
1031,14nh_14615,1,126,125,0.09795607441117159,14,knot_research_14.db
1032,14nh_04134,1,119,118,0.0021656336389133503,14,knot_research_14.db
1033,14nh_21987,1,118,117,0.014636358575836268,14,knot_research_14.db
1034,14nh_21328,1,126,124,0.036448145065998354,14,knot_research_14.db
1035,14nh_03883,1,128,127,0.013606533390129296,14,knot_research_14.db
1036,14nh_09926,1,124,123,0.035428688429479875,14,knot_research_14.db
1037,14nh_24447,1,126,125,0.118562190047722,14,knot_research_14.db
1038,14nh_08766,1,124,123,0.008025868649687792,14,knot_research_14.db
1039,14ah_06458,1,139,137,0.21440939162189032,14,knot_research_14.db
1040,14nh_22737,1,127,126,0.06719661871615284,14,knot_research_14.db
1041,14ah_16210,1,127,125,0.3089938858165324,14,knot_research_14.db
1042,14nh_08567,1,124,123,0.04428540941554558,14,knot_research_14.db
1043,14nh_22841,1,122,121,0.019769599996171224,14,knot_research_14.db
1044,14nh_24589,1,129,128,0.07691466522234781,14,knot_research_14.db
1045,14nh_25205,1,127,126,0.2342957225508799,14,knot_research_14.db
1046,14ah_16570,1,127,125,0.2979642460457813,14,knot_research_14.db
1047,14nh_25531,1,128,127,0.1930257805817812,14,knot_research_14.db
1048,14ah_10272,1,134,132,0.19501583154687308,14,knot_research_14.db
1049,14nh_11848,1,132,131,0.16175947409951896,14,knot_research_14.db
1050,14nh_17644,1,127,125,0.007149718601822768,14,knot_research_14.db
1051,14nh_17549,1,123,122,0.026633516330464495,14,knot_research_14.db
1052,14nh_13834,1,129,128,0.00795897450321532,14,knot_research_14.db
1053,14ah_02370,1,141,139,0.14155196031855566,14,knot_research_14.db
1054,14nh_03799,1,123,122,0.0016241916595746532,14,knot_research_14.db
1055,14ah_10631,1,135,133,0.23725842607833383,14,knot_research_14.db
1056,14nh_19471,1,123,122,0.2203602255872867,14,knot_research_14.db
1057,14ah_12010,1,127,125,0.2821041000482517,14,knot_research_14.db
1058,14nh_21471,1,130,129,0.09630078340258921,14,knot_research_14.db
1059,14nh_01558,1,134,133,0.03278303502977729,14,knot_research_14.db
1060,14ah_01125,1,136,134,0.1660467684704861,14,knot_research_14.db
1061,14nh_01181,1,120,119,0.012553179422544318,14,knot_research_14.db
1062,14ah_07906,1,133,131,0.2393921118215196,14,knot_research_14.db
1063,14nh_01213,1,127,126,0.0016657447687788017,14,knot_research_14.db
1064,14ah_06654,1,122,120,0.256477586157317,14,knot_research_14.db
1065,14nh_09149,1,126,124,0.02621445482308745,14,knot_research_14.db
1066,14nh_19488,1,126,125,0.15391561414923266,14,knot_research_14.db
1067,14nh_15436,1,136,135,0.22123382639674485,14,knot_research_14.db
1068,14ah_14031,1,122,120,0.2662265266823486,14,knot_research_14.db
1069,14nh_01669,1,133,131,0.007649317362247914,14,knot_research_14.db
1070,14nh_06524,1,130,129,0.02158248690889743,14,knot_research_14.db
1071,14nh_17345,1,123,121,0.03236645570738177,14,knot_research_14.db
1072,14nh_14441,1,123,121,0.042739884823724456,14,knot_research_14.db
1073,14nh_21526,1,119,118,0.2576189042118447,14,knot_research_14.db
1074,14ah_07457,1,136,134,0.21066240425748894,14,knot_research_14.db
1075,14nh_01000,1,135,134,0.03027855241637225,14,knot_research_14.db
1076,14nh_26799,1,122,121,0.1405307058020705,14,knot_research_14.db
1077,14ah_11332,1,130,128,0.2960059938791106,14,knot_research_14.db
1078,14ah_14055,1,128,126,0.2999892801592431,14,knot_research_14.db
1079,14ah_12668,1,131,129,0.2544412259922315,14,knot_research_14.db
1080,14nh_22550,1,131,130,0.11336330776743249,14,knot_research_14.db
1081,14nh_09458,1,136,134,0.06333465101129278,14,knot_research_14.db
1082,14ah_17151,1,128,126,0.2999892802004839,14,knot_research_14.db
1083,14ah_12399,1,124,122,0.20513018057279792,14,knot_research_14.db
1084,14nh_20999,1,121,119,0.021427835054223122,14,knot_research_14.db
1085,14nh_12926,1,126,125,0.007489767978266758,14,knot_research_14.db
1086,14ah_09114,1,119,117,0.24919957793908443,14,knot_research_14.db
1087,14ah_01856,1,146,144,0.15015361920328968,14,knot_research_14.db
1088,14ah_15877,1,128,126,0.28296432841150365,14,knot_research_14.db
1089,14nh_01342,1,132,131,0.016487842630617033,14,knot_research_14.db
1090,14nh_14987,1,134,133,0.1749777469692299,14,knot_research_14.db
1091,14ah_03613,1,139,137,0.26417874019542587,14,knot_research_14.db
1092,14ah_13189,1,128,126,0.21339423688864148,14,knot_research_14.db
1093,14ah_15933,1,129,127,0.22189254491028473,14,knot_research_14.db
1094,14nh_16935,1,122,121,0.003979886174481726,14,knot_research_14.db
1095,14nh_05350,1,122,122,0.1641394947603893,14,knot_research_14.db
1096,14ah_06274,1,138,136,0.16827143812252032,14,knot_research_14.db
1097,14nh_19522,1,133,132,0.07968768441141388,14,knot_research_14.db
1098,14ah_15993,1,130,128,0.2316690958229214,14,knot_research_14.db
1099,14nh_22966,1,125,124,0.039930881866792625,14,knot_research_14.db
1100,14ah_03142,1,136,134,0.12168907731388247,14,knot_research_14.db
1101,14nh_24601,1,121,120,0.13972714653241966,14,knot_research_14.db
1102,14ah_16135,1,130,128,0.26914244235981605,14,knot_research_14.db
1103,14nh_15269,1,126,125,0.01789104999356644,14,knot_research_14.db
1104,14ah_15684,1,132,130,0.22895787064471684,14,knot_research_14.db
1105,14ah_18067,1,128,126,0.2752954837502351,14,knot_research_14.db
1106,14nh_07167,1,120,119,0.00874113247558068,14,knot_research_14.db
1107,14nh_27087,1,121,120,0.34876620292495897,14,knot_research_14.db
1108,14ah_07327,1,136,134,0.19824947086900732,14,knot_research_14.db
1109,14ah_17119,1,119,117,0.32250587647796713,14,knot_research_14.db
1110,14nh_00301,1,136,135,0.041881316761137155,14,knot_research_14.db
1111,14nh_19253,1,120,119,0.2774126216052616,14,knot_research_14.db
1112,14ah_17254,1,125,123,0.34466226455368526,14,knot_research_14.db
1113,14ah_17302,1,124,122,0.3356490868070132,14,knot_research_14.db
1114,14nh_11030,1,131,129,0.02136509190812279,14,knot_research_14.db
1115,14ah_15932,1,123,121,0.30581128306709393,14,knot_research_14.db
1116,14ah_09990,1,135,133,0.21830394027722888,14,knot_research_14.db
1117,14ah_11614,1,128,126,0.3055570512439713,14,knot_research_14.db
1118,14nh_12834,1,138,137,0.22282675910364252,14,knot_research_14.db
1119,14nh_19304,1,129,128,0.06249012235731868,14,knot_research_14.db
1120,14nh_10920,1,139,138,0.1755362414316447,14,knot_research_14.db
1121,14nh_00881,1,122,121,0.0486909753128752,14,knot_research_14.db
1122,14nh_08887,1,118,118,0.014299515659531407,14,knot_research_14.db
1123,14ah_18733,1,124,122,0.30793455485009535,14,knot_research_14.db
1124,14nh_24866,1,130,129,0.14178078608551503,14,knot_research_14.db
1125,14ah_18140,1,119,117,0.28997325013397773,14,knot_research_14.db
1126,14nh_02196,1,116,116,0.11719521905385742,14,knot_research_14.db
1127,14nh_10060,1,126,125,0.01729647285710947,14,knot_research_14.db
1128,14nh_08201,1,129,127,0.02651969794424684,14,knot_research_14.db
1129,14nh_08144,1,131,130,0.008646761333807953,14,knot_research_14.db
1130,14ah_12864,1,131,129,0.17103028507686666,14,knot_research_14.db
1131,14ah_12963,1,127,125,0.23437372130360423,14,knot_research_14.db
1132,14nh_20530,1,130,129,0.19025086616242404,14,knot_research_14.db
1133,14nh_04449,1,121,120,0.047148878750260935,14,knot_research_14.db
1134,14ah_12426,1,130,128,0.2372207449973522,14,knot_research_14.db
1135,14nh_01329,1,137,136,0.06088118468802447,14,knot_research_14.db
1136,14nh_24434,1,126,125,0.1405995126418043,14,knot_research_14.db
1137,14ah_09734,1,133,131,0.1992137928727305,14,knot_research_14.db
1138,14nh_20480,1,123,122,0.23928296727526122,14,knot_research_14.db
1139,14nh_25826,1,120,119,0.2689464633887198,14,knot_research_14.db
1140,14nh_26693,1,120,119,0.12351010439093474,14,knot_research_14.db
1141,14nh_11248,1,120,119,0.008100827673733761,14,knot_research_14.db
1142,14nh_02977,1,128,127,0.11856482488258312,14,knot_research_14.db
1143,14ah_16308,1,128,126,0.3079345545604557,14,knot_research_14.db
1144,14nh_01949,1,127,126,0.009063337055356566,14,knot_research_14.db
1145,14ah_01999,1,130,128,0.15558494369201492,14,knot_research_14.db
1146,14nh_21970,1,125,124,0.2549027660740943,14,knot_research_14.db
1147,14ah_05116,1,132,130,0.14780542208942762,14,knot_research_14.db
1148,14ah_13004,1,131,129,0.23972614210966212,14,knot_research_14.db
1149,14nh_25481,1,131,130,0.2608636359687935,14,knot_research_14.db
1150,14ah_05513,1,138,136,0.15992282301819447,14,knot_research_14.db
1151,14ah_18648,1,123,121,0.2619300632604841,14,knot_research_14.db
1152,14nh_04281,1,124,123,0.0172819312126393,14,knot_research_14.db
1153,14nh_21760,1,130,129,0.1942862833704194,14,knot_research_14.db
1154,14ah_04794,1,137,135,0.23522202107074258,14,knot_research_14.db
1155,14nh_18802,1,121,121,0.017481792667236446,14,knot_research_14.db
1156,14nh_07159,1,126,126,0.05855105422381675,14,knot_research_14.db
1157,14nh_10740,1,136,135,0.13066491780758066,14,knot_research_14.db
1158,14ah_18192,1,125,123,0.22948620593779998,14,knot_research_14.db
1159,14ah_06692,1,132,130,0.2009831904569054,14,knot_research_14.db
1160,14nh_18806,1,127,126,0.05183690728967622,14,knot_research_14.db
1161,14nh_04856,1,144,143,0.1955545434155091,14,knot_research_14.db
1162,14nh_23354,1,121,120,0.09528065962858474,14,knot_research_14.db
1163,14ah_05882,1,138,136,0.2056531730289346,14,knot_research_14.db
1164,14ah_05354,1,135,133,0.14975550687467276,14,knot_research_14.db
1165,14ah_07120,1,135,133,0.26857234932626417,14,knot_research_14.db
1166,14nh_20977,1,129,128,0.16081721017957523,14,knot_research_14.db
1167,14nh_04660,1,121,120,0.02138145653986915,14,knot_research_14.db
1168,14nh_07305,1,124,123,0.007556442351641459,14,knot_research_14.db
1169,14nh_03437,1,129,127,0.015053913906956677,14,knot_research_14.db
1170,14nh_24042,1,132,131,0.10440602924998915,14,knot_research_14.db
1171,14ah_18837,1,119,117,0.3983152452023613,14,knot_research_14.db
1172,14nh_08381,1,131,129,0.022816308500147334,14,knot_research_14.db
1173,14ah_11174,1,127,125,0.23219168441051424,14,knot_research_14.db
1174,14nh_22889,1,125,124,0.22304093902308036,14,knot_research_14.db
1175,14nh_20351,1,136,135,0.1633647764648577,14,knot_research_14.db
1176,14nh_25814,1,126,125,0.13719470242029563,14,knot_research_14.db
1177,14ah_13625,1,129,127,0.3320862803443122,14,knot_research_14.db
1178,14nh_02900,1,124,124,0.06391024472339804,14,knot_research_14.db
1179,14ah_02519,1,130,128,0.12724665095691473,14,knot_research_14.db
1180,14nh_13537,1,126,125,0.0019925201652065804,14,knot_research_14.db
1181,14ah_17712,1,125,123,0.22075639978885317,14,knot_research_14.db
1182,14ah_00602,1,138,136,0.16892428984304533,14,knot_research_14.db
1183,14ah_01729,1,136,134,0.10271820034802613,14,knot_research_14.db
1184,14nh_04141,1,121,120,0.0028320676999428374,14,knot_research_14.db
1185,14ah_17900,1,119,117,0.3225058764821635,14,knot_research_14.db
1186,14ah_17440,1,128,126,0.2682121015791611,14,knot_research_14.db
1187,14nh_07844,1,124,123,0.1745093914864719,14,knot_research_14.db
1188,14ah_07847,1,135,133,0.20877335295318253,14,knot_research_14.db
1189,14nh_19126,1,119,118,0.22282260726477512,14,knot_research_14.db
1190,14nh_23250,1,127,125,0.01817385084381011,14,knot_research_14.db
1191,14ah_09520,1,131,129,0.24345209426161754,14,knot_research_14.db
1192,14ah_07948,1,130,128,0.2172128938923907,14,knot_research_14.db
1193,14nh_08504,1,125,124,0.020886724913856854,14,knot_research_14.db
1194,14nh_14635,1,130,129,0.014228130167824385,14,knot_research_14.db
1195,14ah_05410,1,137,135,0.15339103585814218,14,knot_research_14.db
1196,14ah_10412,1,132,130,0.25692502789236826,14,knot_research_14.db
1197,14ah_05248,1,135,133,0.2523561767347344,14,knot_research_14.db
1198,14nh_08910,1,113,112,0.010465202649550025,14,knot_research_14.db
1199,14nh_22610,1,132,131,0.20129574901892033,14,knot_research_14.db
1200,14ah_05652,1,140,138,0.1874777726112376,14,knot_research_14.db
1201,14nh_13160,1,128,127,0.21269426080925408,14,knot_research_14.db
1202,14ah_08364,1,135,133,0.19809439837798257,14,knot_research_14.db
1203,14nh_01719,1,127,126,0.057414840764414124,14,knot_research_14.db
1204,14nh_05208,1,129,128,0.01689505153245406,14,knot_research_14.db
1205,14nh_07671,1,141,140,0.16089817434504197,14,knot_research_14.db
1206,14nh_18042,1,123,121,0.10854257411375721,14,knot_research_14.db
1207,14ah_10790,1,128,126,0.23264223980902315,14,knot_research_14.db
1208,14ah_16666,1,118,116,0.23740019010532876,14,knot_research_14.db
1209,14ah_05071,1,139,137,0.11597700626848688,14,knot_research_14.db
1210,14nh_18018,1,133,131,0.015039557244669877,14,knot_research_14.db
1211,14ah_03636,1,139,137,0.15002043245476773,14,knot_research_14.db
1212,14ah_13769,1,134,132,0.23618999798281595,14,knot_research_14.db
1213,14nh_26950,1,125,124,0.03781933098129079,14,knot_research_14.db
1214,14nh_17670,1,127,125,0.05609267071321865,14,knot_research_14.db
1215,14nh_16668,1,115,115,0.06241067961968403,14,knot_research_14.db
1216,14nh_17354,1,123,121,0.0148460084709898,14,knot_research_14.db
1217,14ah_14916,1,128,126,0.26824868719595213,14,knot_research_14.db
1218,14nh_00502,0,62,61,0.17253777817334667,14,knot_research_14.db
1219,14ah_09988,1,131,129,0.24735715662939733,14,knot_research_14.db
1220,14ah_06358,1,130,128,0.20049301714548365,14,knot_research_14.db
1221,14nh_26581,1,127,126,0.08697045820674124,14,knot_research_14.db
1222,14nh_20764,1,123,123,0.20835622802428988,14,knot_research_14.db
1223,14nh_21369,1,121,120,0.11618294307615458,14,knot_research_14.db
1224,14ah_08955,1,136,134,0.20595491924547804,14,knot_research_14.db
1225,14ah_09120,1,136,134,0.2412266458681836,14,knot_research_14.db
1226,14ah_09205,1,129,127,0.26199892064148883,14,knot_research_14.db
1227,14ah_09957,1,134,132,0.24990465555567487,14,knot_research_14.db
1228,14nh_27259,1,123,122,0.08453189840749316,14,knot_research_14.db
1229,14nh_26162,1,126,125,0.1441885013703297,14,knot_research_14.db
1230,14ah_11207,1,130,128,0.23459473935394273,14,knot_research_14.db
1231,14nh_13939,1,118,117,0.20012596230505672,14,knot_research_14.db
1232,14ah_00745,1,145,143,0.13912130992499905,14,knot_research_14.db
1233,14nh_05172,1,128,126,0.009901828794357824,14,knot_research_14.db
1234,14ah_06155,1,131,129,0.19318489155351312,14,knot_research_14.db
1235,14ah_12208,1,131,129,0.21217095780377898,14,knot_research_14.db
1236,14ah_04688,1,127,125,0.15552089529141305,14,knot_research_14.db
1237,14ah_11258,1,131,129,0.2376973140371396,14,knot_research_14.db
1238,14ah_07517,1,130,128,0.18979047849751943,14,knot_research_14.db
1239,14nh_17736,1,124,123,0.15011218518927508,14,knot_research_14.db
1240,14ah_10081,1,135,133,0.20073879869741107,14,knot_research_14.db
1241,14nh_18766,1,124,124,0.19347316813612075,14,knot_research_14.db
1242,14nh_13069,1,121,121,0.20175280468405016,14,knot_research_14.db
1243,14nh_03627,1,133,132,0.0033426729377008116,14,knot_research_14.db
1244,14nh_10943,1,126,125,0.18060585198483198,14,knot_research_14.db
1245,14nh_03959,1,129,128,0.06195857404766285,14,knot_research_14.db
1246,14nh_23996,1,121,119,0.022111420885416292,14,knot_research_14.db
1247,14nh_05627,1,121,120,0.016055225151394854,14,knot_research_14.db
1248,14nh_20125,1,131,130,0.17379530212278702,14,knot_research_14.db
1249,14nh_22910,1,129,128,0.27800376584104747,14,knot_research_14.db
1250,14ah_14519,1,129,127,0.23234612868393129,14,knot_research_14.db
1251,14ah_14848,1,123,121,0.30100912643958644,14,knot_research_14.db
1252,14nh_03380,1,129,128,0.0021689996978340328,14,knot_research_14.db
1253,14ah_04525,1,132,130,0.23834842880350632,14,knot_research_14.db
1254,14nh_00095,0,60,60,0.07919643154798364,14,knot_research_14.db
1255,14nh_21193,1,130,128,0.032527013134437156,14,knot_research_14.db
1256,14nh_08196,1,126,125,0.024796260908785485,14,knot_research_14.db
1257,14nh_11099,1,126,125,0.02066659991102381,14,knot_research_14.db
1258,14nh_20033,1,122,121,0.10529222690314112,14,knot_research_14.db
1259,14nh_13485,1,126,126,0.23722034122883556,14,knot_research_14.db
1260,14nh_02265,1,128,127,0.007889003068685688,14,knot_research_14.db
1261,14ah_08607,1,123,121,0.31559441298374286,14,knot_research_14.db
1262,14nh_04156,1,129,128,0.008471181018774514,14,knot_research_14.db
1263,14nh_06304,1,135,134,0.038682788049127656,14,knot_research_14.db
1264,14nh_15371,1,117,116,0.021318060751850176,14,knot_research_14.db
1265,14nh_06625,1,138,137,0.027901534388997326,14,knot_research_14.db
1266,14ah_05767,1,137,135,0.20701956965474302,14,knot_research_14.db
1267,14nh_27037,1,122,121,0.14288599085943646,14,knot_research_14.db
1268,14nh_10224,1,125,124,0.017741926910105014,14,knot_research_14.db
1269,14nh_11557,1,142,141,0.16898515826327642,14,knot_research_14.db
1270,14nh_06885,1,124,123,0.15574598952122587,14,knot_research_14.db
1271,14nh_19933,1,126,125,0.14283093043930598,14,knot_research_14.db
1272,14nh_05979,1,121,121,0.1459703951689401,14,knot_research_14.db
1273,14nh_12951,1,120,120,0.058114117391485705,14,knot_research_14.db
1274,14ah_05831,1,126,124,0.21464631972827128,14,knot_research_14.db
1275,14nh_15337,1,123,122,0.19508289865738282,14,knot_research_14.db
1276,14nh_01835,1,127,126,0.019036808785492885,14,knot_research_14.db
1277,14nh_03167,1,124,123,0.030717174028169578,14,knot_research_14.db
1278,14nh_09700,1,138,137,0.07134740321454949,14,knot_research_14.db
1279,14ah_00176,1,149,147,0.1267881158199985,14,knot_research_14.db
1280,14nh_04286,1,119,118,0.007404668624346266,14,knot_research_14.db
1281,14ah_11853,1,132,130,0.32460658960247263,14,knot_research_14.db
1282,14nh_19034,1,135,134,0.20149426264761566,14,knot_research_14.db
1283,14nh_27228,1,121,120,0.20817066990497332,14,knot_research_14.db
1284,14nh_12056,1,124,123,0.004319682671217707,14,knot_research_14.db
1285,14ah_07209,1,131,129,0.18703112599084232,14,knot_research_14.db
1286,14nh_06280,1,127,126,0.15429695714792654,14,knot_research_14.db
1287,14nh_13404,1,129,128,0.19776117818729017,14,knot_research_14.db
1288,14nh_07482,1,126,126,0.13928488514692947,14,knot_research_14.db
1289,14nh_07597,1,137,136,0.09034655698848129,14,knot_research_14.db
1290,14nh_18967,1,136,135,0.23656808083768452,14,knot_research_14.db
1291,14ah_00647,1,139,137,0.11044167635595549,14,knot_research_14.db
1292,14nh_18081,1,134,133,0.18688691892393358,14,knot_research_14.db
1293,14nh_18276,1,119,118,0.21263194032704505,14,knot_research_14.db
1294,14nh_20779,1,133,132,0.03317159297260256,14,knot_research_14.db
1295,14ah_18928,1,123,121,0.2525345479186871,14,knot_research_14.db
1296,14ah_13819,1,128,126,0.3243311576601854,14,knot_research_14.db
1297,14nh_27253,1,124,123,0.09983921850374637,14,knot_research_14.db
1298,14ah_11154,1,129,127,0.2885559076279994,14,knot_research_14.db
1299,14nh_16588,1,124,124,0.16940405597081265,14,knot_research_14.db
1300,14nh_16792,1,134,133,0.1448492016176679,14,knot_research_14.db
1301,14nh_11450,1,126,125,0.02671936507825296,14,knot_research_14.db
1302,14nh_19770,1,121,120,0.11368965175664227,14,knot_research_14.db
1303,14nh_12262,1,127,126,0.014198052567600252,14,knot_research_14.db
1304,14nh_16807,1,133,132,0.04653675092905031,14,knot_research_14.db
1305,14ah_01186,1,136,134,0.18406261058089993,14,knot_research_14.db
1306,14nh_23779,1,127,126,0.19151060659509497,14,knot_research_14.db
1307,14nh_22549,1,119,119,0.2829786187832845,14,knot_research_14.db
1308,14ah_02414,1,138,136,0.13488407423678417,14,knot_research_14.db
1309,14ah_03757,1,134,132,0.1821030777606121,14,knot_research_14.db
1310,14nh_11681,1,132,131,0.14270389959901367,14,knot_research_14.db
1311,14ah_14260,1,132,130,0.2605407022288264,14,knot_research_14.db
1312,14nh_26451,1,125,124,0.3209294655319073,14,knot_research_14.db
1313,14ah_16327,1,128,126,0.2263423809740666,14,knot_research_14.db
1314,14ah_07946,1,133,131,0.18601641158309792,14,knot_research_14.db
1315,14ah_15880,1,128,126,0.2800842714873561,14,knot_research_14.db
1316,14ah_08958,1,127,125,0.24346171269067005,14,knot_research_14.db
1317,14ah_04340,1,137,135,0.2366208822420128,14,knot_research_14.db
1318,14nh_26911,1,123,122,0.13716648501670617,14,knot_research_14.db
1319,14nh_23555,1,129,128,0.1036865113377916,14,knot_research_14.db
1320,14nh_26125,1,130,129,0.2428374930242587,14,knot_research_14.db
1321,14nh_22228,1,120,119,0.19096187893894676,14,knot_research_14.db
1322,14nh_20110,1,135,134,0.18066558506736993,14,knot_research_14.db
1323,14ah_02724,1,138,136,0.18065279714872035,14,knot_research_14.db
1324,14ah_01958,1,138,136,0.18852358323845883,14,knot_research_14.db
1325,14nh_03260,1,138,137,0.061112192626749225,14,knot_research_14.db
1326,14nh_19555,1,124,122,0.009924202216340855,14,knot_research_14.db
1327,14nh_10821,1,126,125,0.037448197317135036,14,knot_research_14.db
1328,14nh_20788,1,127,126,0.045597405702781826,14,knot_research_14.db
1329,14nh_23242,1,128,127,0.1143831671908306,14,knot_research_14.db
1330,14ah_03769,1,132,130,0.168924289841816,14,knot_research_14.db
1331,14nh_05275,1,131,130,0.04646229372491258,14,knot_research_14.db
1332,14ah_11165,1,132,130,0.2953910083111518,14,knot_research_14.db
1333,14nh_25014,1,131,130,0.05688255156579847,14,knot_research_14.db
1334,14nh_11786,1,133,132,0.20167057739087557,14,knot_research_14.db
1335,14nh_27021,1,119,118,0.1645281324052475,14,knot_research_14.db
1336,14nh_08900,1,126,125,0.07745238524155375,14,knot_research_14.db
1337,14nh_00964,1,138,137,0.006128445828788901,14,knot_research_14.db
1338,14ah_13511,1,132,130,0.2870867345188945,14,knot_research_14.db
1339,14nh_04958,1,136,135,0.0881785885078279,14,knot_research_14.db
1340,14ah_17263,1,126,124,0.31070109332290186,14,knot_research_14.db
1341,14nh_19296,1,124,123,0.23650916023383947,14,knot_research_14.db
1342,14nh_07133,1,125,124,0.0062518433803467836,14,knot_research_14.db
1343,14nh_16145,1,140,139,0.12895955585833194,14,knot_research_14.db
1344,14nh_15717,1,137,136,0.08775497558338143,14,knot_research_14.db
1345,14nh_14900,1,131,130,0.045247478142226516,14,knot_research_14.db
1346,14nh_04427,1,128,126,0.007697295637542776,14,knot_research_14.db
1347,14nh_17658,1,122,120,0.008709457992742937,14,knot_research_14.db
1348,14nh_26260,1,124,123,0.16293143528479467,14,knot_research_14.db
1349,14nh_07769,1,128,127,0.00711828969452786,14,knot_research_14.db
1350,14ah_03735,1,136,134,0.22636785278614557,14,knot_research_14.db
1351,14nh_00128,1,133,132,0.030350800515609948,14,knot_research_14.db
1352,14ah_12151,1,129,127,0.2253515818556814,14,knot_research_14.db
1353,14ah_12682,1,127,125,0.28181072210342745,14,knot_research_14.db
1354,14nh_03731,1,133,132,0.04840039064786082,14,knot_research_14.db
1355,14nh_02902,1,139,138,0.013605542685197262,14,knot_research_14.db
1356,14nh_04368,1,125,125,0.17142369196025004,14,knot_research_14.db
1357,14ah_09669,1,133,131,0.24918201811697843,14,knot_research_14.db
1358,14nh_03100,1,132,130,0.008165268452258822,14,knot_research_14.db
1359,14nh_16712,1,132,131,0.11666778839400056,14,knot_research_14.db
1360,14ah_18075,1,123,121,0.2942637306097366,14,knot_research_14.db
1361,14nh_19156,1,135,134,0.18751070658455082,14,knot_research_14.db
1362,14nh_15779,1,129,128,0.07407717046498916,14,knot_research_14.db
1363,14nh_13209,1,121,120,0.0038809137894212386,14,knot_research_14.db
1364,14nh_16812,1,122,121,0.09668713222454861,14,knot_research_14.db
1365,14ah_13479,1,129,127,0.23275637226158621,14,knot_research_14.db
1366,14nh_04197,1,129,127,0.014021487548447164,14,knot_research_14.db
1367,14nh_08594,1,134,133,0.08870917539784957,14,knot_research_14.db
1368,14nh_26644,1,121,120,0.20083250241919687,14,knot_research_14.db
1369,14nh_03246,1,128,127,0.0021719001852872548,14,knot_research_14.db
1370,14nh_19481,1,121,120,0.16466934580655282,14,knot_research_14.db
1371,14ah_03859,1,136,134,0.10882156045264041,14,knot_research_14.db
1372,14nh_22142,1,126,125,0.1382994191125671,14,knot_research_14.db
1373,14nh_05085,1,126,125,0.07125268569163357,14,knot_research_14.db
1374,14ah_16926,1,127,125,0.21689267114972516,14,knot_research_14.db
1375,14nh_18754,1,125,124,0.04709414025879865,14,knot_research_14.db
1376,14ah_10611,1,132,130,0.28058038646357286,14,knot_research_14.db
1377,14ah_11559,1,138,136,0.21666839010156197,14,knot_research_14.db
1378,14ah_05194,1,127,125,0.2316524710469793,14,knot_research_14.db
1379,14ah_00582,1,137,135,0.10240034318762357,14,knot_research_14.db
1380,14nh_13544,1,125,124,0.13600286988330107,14,knot_research_14.db
1381,14ah_05120,1,128,126,0.19398420364349378,14,knot_research_14.db
1382,14ah_16273,1,128,126,0.2552994122940073,14,knot_research_14.db
1383,14nh_10062,1,123,122,0.019721021539124334,14,knot_research_14.db
1384,14ah_01814,1,134,132,0.10956901638531855,14,knot_research_14.db
1385,14nh_23510,1,129,128,0.1065413125830554,14,knot_research_14.db
1386,14ah_06130,1,133,131,0.22985228601756125,14,knot_research_14.db
1387,14nh_03229,1,133,132,0.08557646367555982,14,knot_research_14.db
1388,14ah_01698,1,136,134,0.13639951324992855,14,knot_research_14.db
1389,14ah_10565,1,131,129,0.19460195670286068,14,knot_research_14.db
1390,14nh_13742,1,131,130,0.033847054611272576,14,knot_research_14.db
1391,14nh_22535,1,136,135,0.11761981449164856,14,knot_research_14.db
1392,14ah_03196,1,138,136,0.13555316380882695,14,knot_research_14.db
1393,14ah_12364,1,132,130,0.2185740957862397,14,knot_research_14.db
1394,14nh_17982,1,117,116,0.031829842278062105,14,knot_research_14.db
1395,14ah_17102,1,128,126,0.31524038602829235,14,knot_research_14.db
1396,14nh_12231,1,126,125,0.012540626204312011,14,knot_research_14.db
1397,14nh_11316,1,126,124,0.006279238180794131,14,knot_research_14.db
1398,14nh_09924,1,136,135,0.18031923677265072,14,knot_research_14.db
1399,14nh_17064,1,122,121,0.0551732841711874,14,knot_research_14.db
1400,14ah_04961,1,134,132,0.17159918994004747,14,knot_research_14.db
1401,14nh_01224,1,124,123,0.012646934353419964,14,knot_research_14.db
1402,14nh_17883,1,121,120,0.11045499548979648,14,knot_research_14.db
1403,14nh_03177,1,126,126,0.0809880239025032,14,knot_research_14.db
1404,14nh_15172,1,119,118,0.03952014837258559,14,knot_research_14.db
1405,14ah_15864,1,130,128,0.24679738031075776,14,knot_research_14.db
1406,14ah_02928,1,128,126,0.18539362552933522,14,knot_research_14.db
1407,14nh_02543,1,121,120,0.016226187486343076,14,knot_research_14.db
1408,14nh_08027,1,126,125,0.183080947112701,14,knot_research_14.db
1409,14nh_19752,1,127,126,0.15802300661186985,14,knot_research_14.db
1410,14nh_19403,1,122,121,0.10993385450092451,14,knot_research_14.db
1411,14nh_00445,1,125,124,0.04669074054592584,14,knot_research_14.db
1412,14nh_01840,1,140,138,0.01055973153594741,14,knot_research_14.db
1413,14ah_15218,1,129,127,0.26765860262603797,14,knot_research_14.db
1414,14ah_07548,1,130,128,0.19739504624727144,14,knot_research_14.db
1415,14ah_11232,1,132,130,0.24231546478368204,14,knot_research_14.db
1416,14ah_05468,1,130,128,0.20119176634041142,14,knot_research_14.db
1417,14nh_11133,1,122,122,0.22320183359645762,14,knot_research_14.db
1418,14nh_07737,1,120,118,0.009382816679622487,14,knot_research_14.db
1419,14ah_12997,1,135,133,0.2679304004609949,14,knot_research_14.db
1420,14ah_10274,1,131,129,0.2316672823262015,14,knot_research_14.db
1421,14nh_00837,1,123,122,0.002286259406778435,14,knot_research_14.db
1422,14ah_04371,1,135,133,0.23041248676104115,14,knot_research_14.db
1423,14ah_08217,1,137,135,0.20701956965248913,14,knot_research_14.db
1424,14nh_00202,1,129,128,0.01578326653828722,14,knot_research_14.db
1425,14ah_14020,1,130,128,0.30305815022947535,14,knot_research_14.db
1426,14nh_11257,1,135,134,0.1910264581858243,14,knot_research_14.db
1427,14nh_04559,1,126,125,0.006592886741799175,14,knot_research_14.db
1428,14nh_25409,1,130,129,0.19676469535928862,14,knot_research_14.db
1429,14nh_12158,1,127,126,0.009363357302501206,14,knot_research_14.db
1430,14ah_14254,1,135,133,0.2641787401885252,14,knot_research_14.db
1431,14ah_02875,1,124,122,0.2765967474460237,14,knot_research_14.db
1432,14ah_09886,1,133,131,0.22669520545345098,14,knot_research_14.db
1433,14nh_08593,1,121,120,0.10753201957802426,14,knot_research_14.db
1434,14nh_16219,1,133,132,0.06102539064165428,14,knot_research_14.db
1435,14nh_02087,1,117,116,0.05729383557736686,14,knot_research_14.db
1436,14ah_16336,1,127,125,0.22948620593686023,14,knot_research_14.db
1437,14ah_07608,1,136,134,0.21066240423973887,14,knot_research_14.db
1438,14nh_07383,1,131,130,0.02337671331640223,14,knot_research_14.db
1439,14nh_12624,1,128,127,0.036275432609414085,14,knot_research_14.db
1440,14ah_11044,1,138,136,0.32460658960786637,14,knot_research_14.db
1441,14ah_12037,1,130,128,0.19793204533967726,14,knot_research_14.db
1442,14nh_24245,1,119,118,0.06451323005773266,14,knot_research_14.db
1443,14nh_16250,1,126,124,0.057903446282141724,14,knot_research_14.db
1444,14nh_26430,1,122,121,0.23130202583546128,14,knot_research_14.db
1445,14nh_05775,1,116,115,0.007557373392469075,14,knot_research_14.db
1446,14ah_02622,1,129,127,0.1024138672760166,14,knot_research_14.db
1447,14ah_19478,1,122,120,0.4063528348009533,14,knot_research_14.db
1448,14nh_01772,1,140,139,0.05552776802289484,14,knot_research_14.db
1449,14nh_21911,1,126,125,0.1730377505599465,14,knot_research_14.db
1450,14nh_06651,1,117,116,0.09047879771016326,14,knot_research_14.db
1451,14nh_25902,1,126,125,0.14828702652196044,14,knot_research_14.db
1452,14nh_22178,1,118,117,0.024761054494522348,14,knot_research_14.db
1453,14nh_21567,1,121,120,0.21846169158680234,14,knot_research_14.db
1454,14ah_01361,1,136,134,0.1144297324183263,14,knot_research_14.db
1455,14ah_14472,1,124,122,0.27429480410082224,14,knot_research_14.db
1456,14ah_16739,1,123,121,0.3397670512567197,14,knot_research_14.db
1457,14ah_06624,1,138,136,0.18625945149456888,14,knot_research_14.db
1458,14ah_10860,1,130,128,0.1674354787233448,14,knot_research_14.db
1459,14nh_12614,1,124,123,0.012644892615911956,14,knot_research_14.db
1460,14nh_15092,1,123,122,0.09198795640869831,14,knot_research_14.db
1461,14nh_22534,1,124,123,0.09515552914975658,14,knot_research_14.db
1462,14nh_12366,1,122,121,0.006912605429384081,14,knot_research_14.db
1463,14ah_01051,1,147,145,0.14590301981781742,14,knot_research_14.db
1464,14ah_03837,1,131,129,0.22564471778655548,14,knot_research_14.db
1465,14nh_20901,1,126,124,0.03300840714505678,14,knot_research_14.db
1466,14nh_11423,1,136,135,0.21138863996817722,14,knot_research_14.db
1467,14nh_23578,1,125,124,0.2450479086107064,14,knot_research_14.db
1468,14ah_07663,1,131,129,0.2363528049492194,14,knot_research_14.db
1469,14nh_15870,1,121,120,0.18710133067382237,14,knot_research_14.db
1470,14nh_26282,1,126,125,0.1402585965409105,14,knot_research_14.db
1471,14nh_18262,1,118,117,0.0721123170577929,14,knot_research_14.db
1472,14ah_03681,1,134,132,0.13646002055677872,14,knot_research_14.db
1473,14nh_21039,1,120,118,0.03872099534316999,14,knot_research_14.db
1474,14ah_17475,1,125,123,0.24134552865613512,14,knot_research_14.db
1475,14nh_21796,1,129,128,0.10334438154296953,14,knot_research_14.db
1476,14ah_18150,1,129,127,0.26092218023271896,14,knot_research_14.db
1477,14nh_09472,1,129,128,0.12915476828168673,14,knot_research_14.db
1478,14nh_26849,1,121,120,0.06832368871589585,14,knot_research_14.db
1479,14ah_06572,1,137,135,0.17578674663581684,14,knot_research_14.db
1480,14ah_18157,1,125,123,0.2689449583661579,14,knot_research_14.db
1481,14nh_26949,1,127,126,0.18686830812552302,14,knot_research_14.db
1482,14nh_01013,1,127,126,0.0594923007224293,14,knot_research_14.db
1483,14ah_19486,1,118,116,0.34855065852296147,14,knot_research_14.db
1484,14nh_18139,1,134,133,0.11247021142752064,14,knot_research_14.db
1485,14ah_01907,1,130,128,0.12025652689335879,14,knot_research_14.db
1486,14nh_25255,1,128,127,0.10372302968266923,14,knot_research_14.db
1487,14nh_07424,1,115,114,0.006467243389828951,14,knot_research_14.db
1488,14ah_10011,1,130,128,0.1763580539706115,14,knot_research_14.db
1489,14ah_06580,1,130,128,0.2541365313783048,14,knot_research_14.db
1490,14ah_15418,1,123,121,0.3263668463988781,14,knot_research_14.db
1491,14nh_01720,1,147,146,0.15538153445726255,14,knot_research_14.db
1492,14nh_14492,1,125,124,0.024985160286003186,14,knot_research_14.db
1493,14nh_23399,1,126,125,0.144522363046173,14,knot_research_14.db
1494,14nh_17568,1,120,119,0.12250454218675254,14,knot_research_14.db
1495,14nh_15134,1,125,124,0.16172414645885236,14,knot_research_14.db
1496,14nh_18719,1,135,134,0.18498230975567567,14,knot_research_14.db
1497,14nh_06258,1,121,119,0.0063528374256692915,14,knot_research_14.db
1498,14nh_25453,1,125,124,0.27480349553044364,14,knot_research_14.db
1499,14ah_04353,1,136,134,0.12146759387856583,14,knot_research_14.db
1500,14ah_08014,1,137,135,0.18346738927918554,14,knot_research_14.db
1501,14nh_02410,1,133,132,0.010357267437593638,14,knot_research_14.db
1502,14nh_16155,1,116,116,0.12494688512283231,14,knot_research_14.db
1503,14ah_12722,1,127,125,0.33626842050647265,14,knot_research_14.db
1504,14nh_12412,1,129,128,0.13047670716205034,14,knot_research_14.db
1505,14ah_07274,1,134,132,0.2499046555511977,14,knot_research_14.db
1506,14nh_22735,1,135,134,0.05926523114117012,14,knot_research_14.db
1507,14ah_16751,1,127,125,0.23370060517290828,14,knot_research_14.db
1508,14nh_26760,1,121,120,0.05000612039058466,14,knot_research_14.db
1509,14ah_06078,1,139,137,0.20090924284064293,14,knot_research_14.db
1510,14nh_07523,1,133,132,0.1723400886649425,14,knot_research_14.db
1511,14nh_04245,1,128,128,0.06302291050206779,14,knot_research_14.db
1512,14nh_16452,1,131,130,0.05920498766785916,14,knot_research_14.db
1513,14ah_08084,1,136,134,0.19824947086868988,14,knot_research_14.db
1514,14nh_08273,1,141,140,0.09595021056756198,14,knot_research_14.db
1515,14ah_13624,1,128,126,0.26284784719545884,14,knot_research_14.db
1516,14nh_09602,1,142,141,0.11304914996148385,14,knot_research_14.db
1517,14nh_25055,1,121,120,0.08559448537722396,14,knot_research_14.db
1518,14ah_01590,1,132,130,0.15558494369223771,14,knot_research_14.db
1519,14ah_10977,1,127,125,0.3129005744337797,14,knot_research_14.db
1520,14ah_11136,1,134,132,0.296005993881754,14,knot_research_14.db
1521,14ah_02967,1,132,130,0.17133138534455492,14,knot_research_14.db
1522,14nh_22365,1,118,117,0.017334695211993795,14,knot_research_14.db
1523,14ah_02575,1,138,136,0.13429121717665177,14,knot_research_14.db
1524,14nh_19113,1,124,122,0.04092609534565379,14,knot_research_14.db
1525,14ah_09028,1,133,131,0.24607040446064138,14,knot_research_14.db
1526,14ah_16701,1,125,123,0.18273338148539728,14,knot_research_14.db
1527,14nh_04139,1,127,126,0.009742967466762627,14,knot_research_14.db
1528,14ah_06076,1,135,133,0.1686931008486827,14,knot_research_14.db
1529,14ah_12237,1,127,125,0.22754076804690335,14,knot_research_14.db
1530,14nh_19370,1,117,116,0.09810652091003845,14,knot_research_14.db
1531,14ah_19438,1,120,118,0.39707172720895495,14,knot_research_14.db
1532,14nh_04635,1,125,124,0.008561589327197038,14,knot_research_14.db
1533,14ah_02699,1,134,132,0.23280645576539516,14,knot_research_14.db
1534,14nh_10751,1,116,115,0.03867628118391003,14,knot_research_14.db
1535,14nh_20318,1,123,122,0.19897111679953855,14,knot_research_14.db
1536,14nh_06364,1,131,130,0.07398141766887836,14,knot_research_14.db
1537,14nh_19348,1,123,122,0.2315627585686769,14,knot_research_14.db
1538,14nh_16073,1,131,130,0.17343554275473214,14,knot_research_14.db
1539,14nh_04879,1,130,130,0.08712544006412111,14,knot_research_14.db
1540,14nh_27260,1,126,125,0.1761927128247928,14,knot_research_14.db
1541,14ah_00839,0,56,55,0.17914335467125567,14,knot_research_14.db
1542,14nh_13459,1,120,118,0.024396650840298437,14,knot_research_14.db
1543,14ah_14879,1,126,124,0.2085654089639894,14,knot_research_14.db
1544,14nh_24433,1,126,125,0.14270184610440753,14,knot_research_14.db
1545,14ah_15477,1,127,125,0.24522509730084197,14,knot_research_14.db
1546,14nh_03865,1,136,135,0.10498792251400121,14,knot_research_14.db
1547,14ah_02868,1,138,136,0.21627057553028037,14,knot_research_14.db
1548,14nh_19864,1,122,121,0.01650951907633969,14,knot_research_14.db
1549,14nh_08394,1,119,118,0.0071249814436097104,14,knot_research_14.db
1550,14ah_12246,1,131,129,0.26661504914105644,14,knot_research_14.db
1551,14nh_14340,1,127,126,0.18712699922305354,14,knot_research_14.db
1552,14ah_16828,1,123,121,0.34052632967480434,14,knot_research_14.db
1553,14ah_06507,1,137,135,0.1661812742731472,14,knot_research_14.db
1554,14ah_15392,1,131,129,0.25832139838223134,14,knot_research_14.db
1555,14nh_26814,1,130,129,0.18062846126520765,14,knot_research_14.db
1556,14ah_14612,1,135,133,0.22571027872084942,14,knot_research_14.db
1557,14nh_05662,1,119,119,0.1026332767196588,14,knot_research_14.db
1558,14nh_09583,1,126,125,0.14145308538933768,14,knot_research_14.db
1559,14nh_25073,1,131,130,0.24404966267876035,14,knot_research_14.db
1560,14nh_25275,1,126,125,0.1149882203009534,14,knot_research_14.db
1561,14nh_26924,1,126,125,0.17831221504303135,14,knot_research_14.db
1619,14ah_17001,1,128,126,0.3105939435984106,14,knot_research_14.db
1627,14nh_12948,1,140,139,0.23615181601842564,14,knot_research_14.db
1630,14ah_00698,1,143,141,0.13463823332542393,14,knot_research_14.db
1643,14ah_07405,1,130,128,0.20992408228043902,14,knot_research_14.db
1648,14nh_26902,1,118,117,0.18258851195787537,14,knot_research_14.db
1651,14nh_20972,1,133,132,0.1110739252803872,14,knot_research_14.db
1662,14nh_08497,1,143,142,0.1550246879302119,14,knot_research_14.db
1663,14ah_07616,1,138,136,0.1949073975808278,14,knot_research_14.db
1667,14ah_06145,1,121,119,0.2921785570093715,14,knot_research_14.db
1674,14nh_27088,1,122,121,0.32783844590121936,14,knot_research_14.db
1678,14nh_21110,1,120,119,0.03355277885412098,14,knot_research_14.db
1690,14nh_08238,1,131,131,0.13129331239073513,14,knot_research_14.db
1693,14ah_03040,1,135,133,0.23511840732155134,14,knot_research_14.db
1699,14ah_05921,1,133,131,0.2293260440062057,14,knot_research_14.db
1703,14ah_07114,1,138,136,0.18181156330529188,14,knot_research_14.db
1708,14nh_10996,1,129,128,0.03471091305525702,14,knot_research_14.db
1709,14ah_04451,1,132,130,0.21882014071987843,14,knot_research_14.db
1710,14ah_06137,1,137,135,0.2320062042380456,14,knot_research_14.db
1714,14nh_06324,1,137,136,0.11046888065467778,14,knot_research_14.db
1722,14ah_03105,1,139,137,0.22058488348681393,14,knot_research_14.db
1724,14nh_12859,1,128,127,0.18614991257971777,14,knot_research_14.db
1726,14ah_13047,1,134,132,0.23781406108885006,14,knot_research_14.db
1734,14nh_07037,1,135,134,0.006141983650649569,14,knot_research_14.db
1741,14ah_03528,1,136,134,0.15696734615825678,14,knot_research_14.db
1748,14nh_04820,1,135,134,0.05164612925951239,14,knot_research_14.db
1761,14ah_16355,1,129,127,0.2803857695281841,14,knot_research_14.db
1762,14nh_06952,1,126,125,0.003607800894989529,14,knot_research_14.db
1770,14nh_03082,1,129,127,0.009051173976965877,14,knot_research_14.db
1771,14ah_19397,1,118,116,0.39545907128678537,14,knot_research_14.db
1772,14nh_22925,1,135,134,0.20206314473675444,14,knot_research_14.db
1773,14ah_17380,1,121,119,0.17816950779731483,14,knot_research_14.db
1774,14nh_16805,1,131,130,0.10133397842365338,14,knot_research_14.db
1779,14nh_05536,1,124,123,0.16412125545021095,14,knot_research_14.db
1781,14nh_12745,1,137,136,0.15824939803009216,14,knot_research_14.db
1789,14ah_17946,1,128,126,0.3487274061126436,14,knot_research_14.db
1790,14nh_14942,1,124,123,0.09071936582612386,14,knot_research_14.db
1792,14ah_16375,1,125,123,0.26864332872315827,14,knot_research_14.db
1793,14ah_06516,1,138,136,0.23536031555377773,14,knot_research_14.db
1801,14ah_15891,1,130,128,0.28018423270206866,14,knot_research_14.db
1803,14ah_17326,1,120,118,0.2673411485893291,14,knot_research_14.db
1805,14nh_20424,1,136,135,0.21692237186180388,14,knot_research_14.db
1813,14nh_02122,1,134,133,0.01259205030896559,14,knot_research_14.db
1814,14nh_12880,1,125,124,0.21571687768256254,14,knot_research_14.db
1816,14ah_18652,1,128,126,0.30736285325896984,14,knot_research_14.db
1826,14ah_12975,1,131,129,0.17556489934800745,14,knot_research_14.db
1827,14nh_27082,1,121,120,0.2075437152030368,14,knot_research_14.db
1828,14ah_02183,1,142,140,0.1447827054914206,14,knot_research_14.db
1829,14nh_17683,1,124,123,0.11058654729664769,14,knot_research_14.db
1838,14ah_09672,1,129,127,0.21309961395302185,14,knot_research_14.db
1839,14nh_24661,1,130,129,0.21918281694574196,14,knot_research_14.db
1840,14nh_19892,1,132,131,0.23369417763368924,14,knot_research_14.db
1848,14ah_00938,1,138,136,0.16775324139658482,14,knot_research_14.db
1849,14ah_08723,1,137,135,0.19326304421340848,14,knot_research_14.db
1850,14ah_17788,1,128,126,0.34324972825431244,14,knot_research_14.db
1852,14ah_09013,1,136,134,0.254863226334265,14,knot_research_14.db
1858,14nh_05515,1,122,120,0.007725291451020711,14,knot_research_14.db
1860,14ah_05679,1,130,128,0.30487264680403225,14,knot_research_14.db
1864,14ah_01926,1,138,136,0.199469059737725,14,knot_research_14.db
1870,14ah_14962,1,129,127,0.2656109851452004,14,knot_research_14.db
1872,14ah_04232,1,131,129,0.3075203132173682,14,knot_research_14.db
1874,14nh_07409,1,126,126,0.09606256917212987,14,knot_research_14.db
1875,14ah_00761,1,146,144,0.17281810481946094,14,knot_research_14.db
1884,14ah_04023,1,139,137,0.1685234350092564,14,knot_research_14.db
1886,14nh_21751,1,127,126,0.11579178605293675,14,knot_research_14.db
1887,14nh_19529,1,123,121,0.026876202688935685,14,knot_research_14.db
1890,14nh_17790,1,121,120,0.0825119071684947,14,knot_research_14.db
1899,14nh_04381,1,129,128,0.006999781552551109,14,knot_research_14.db
1900,14ah_05777,1,133,131,0.2167105213954737,14,knot_research_14.db
1901,14nh_02039,1,140,140,0.16350641449612524,14,knot_research_14.db
1910,14nh_18447,1,123,122,0.12074423432500678,14,knot_research_14.db
1911,14nh_05109,1,113,113,0.17561792907430965,14,knot_research_14.db
1913,14nh_18928,1,129,128,0.08470050763689702,14,knot_research_14.db
1914,14ah_12335,1,129,127,0.2736485420480877,14,knot_research_14.db
1915,14nh_00678,1,124,123,0.019343392495054283,14,knot_research_14.db
1917,14nh_23075,1,129,128,0.03699429515827429,14,knot_research_14.db
1918,14ah_15161,1,131,129,0.25435757358479305,14,knot_research_14.db
1928,14ah_17644,1,125,123,0.3086462561650385,14,knot_research_14.db
1930,14ah_01121,0,69,68,0.09510453712748543,14,knot_research_14.db
1931,14nh_22057,1,132,131,0.17605875004208926,14,knot_research_14.db
1938,14nh_24376,1,127,126,0.169460753150175,14,knot_research_14.db
1939,14nh_20853,1,120,119,0.2222512409974666,14,knot_research_14.db
1941,14ah_14224,1,129,127,0.20370486750568906,14,knot_research_14.db
1942,14nh_07677,1,128,127,0.1353877294527633,14,knot_research_14.db
1943,14ah_18080,1,125,123,0.32877049895781674,14,knot_research_14.db
1953,14nh_02212,1,130,129,0.005614499623087125,14,knot_research_14.db
1954,14nh_11393,1,128,126,0.013295997611726711,14,knot_research_14.db
1956,14ah_02542,1,142,140,0.16612714482639568,14,knot_research_14.db
1957,14nh_08585,1,142,141,0.16672572191380164,14,knot_research_14.db
1964,14ah_00462,1,145,143,0.1301898691223605,14,knot_research_14.db
1968,14ah_09164,1,138,136,0.20291069513074284,14,knot_research_14.db
1978,14ah_18253,1,123,121,0.3089938858336922,14,knot_research_14.db
1979,14nh_19557,1,131,130,0.14037783143567936,14,knot_research_14.db
1981,14nh_07540,1,117,116,0.05379016461508506,14,knot_research_14.db
1983,14ah_12225,1,129,127,0.2958673090270361,14,knot_research_14.db
1984,14nh_01226,1,126,125,0.013158747911319059,14,knot_research_14.db
1992,14ah_10323,1,130,128,0.20547236640867994,14,knot_research_14.db
1994,14nh_12593,1,137,136,0.25888448185907625,14,knot_research_14.db
2002,14ah_13852,1,121,119,0.32250587636257566,14,knot_research_14.db
2004,14ah_11860,1,134,132,0.23067457971012406,14,knot_research_14.db
2006,14ah_06089,1,140,138,0.2620913285226748,14,knot_research_14.db
2018,14ah_15317,1,127,125,0.2650503314077482,14,knot_research_14.db
2019,14nh_16654,1,126,125,0.02459582359096193,14,knot_research_14.db
2020,14ah_14354,1,124,122,0.2307227151343896,14,knot_research_14.db
2021,14ah_00711,1,144,142,0.13098799595160543,14,knot_research_14.db
2031,14ah_18125,1,128,126,0.3386534043122019,14,knot_research_14.db
2034,14ah_06670,1,137,135,0.18407619091173794,14,knot_research_14.db
2041,14ah_09679,1,130,128,0.22058745081566236,14,knot_research_14.db
2042,14nh_20331,1,134,133,0.1414430778733965,14,knot_research_14.db
2043,14nh_18201,1,125,124,0.21698358453270908,14,knot_research_14.db
2045,14nh_27009,1,121,120,0.05966502898358497,14,knot_research_14.db
2047,14nh_15223,1,131,130,0.18965337342949698,14,knot_research_14.db
2057,14ah_11913,1,131,129,0.22761025749299127,14,knot_research_14.db
2059,14nh_08091,1,126,125,0.015937860219192024,14,knot_research_14.db
2061,14nh_21192,1,138,137,0.18865603446545043,14,knot_research_14.db
2062,14nh_07922,1,123,122,0.021916394695464372,14,knot_research_14.db
2071,14ah_04205,1,138,136,0.21206529258282394,14,knot_research_14.db
2072,14nh_21420,1,126,125,0.026647431344041326,14,knot_research_14.db
2076,14nh_17588,1,120,119,0.02567047191679133,14,knot_research_14.db
2083,14nh_04838,1,120,120,0.09638051626168695,14,knot_research_14.db
2086,14ah_04220,1,131,129,0.2310950134636425,14,knot_research_14.db
2087,14nh_12432,1,131,129,0.03417355550086341,14,knot_research_14.db
2088,14ah_18982,1,128,126,0.2963127221557075,14,knot_research_14.db
2094,14nh_21851,1,118,117,0.03147395546119373,14,knot_research_14.db
2095,14ah_19292,1,121,119,0.48063808697876814,14,knot_research_14.db
2096,14ah_01587,1,143,141,0.14165018684595276,14,knot_research_14.db
2097,14nh_18335,1,120,119,0.2582547021627505,14,knot_research_14.db
2098,14nh_09394,1,129,127,0.013115669081383246,14,knot_research_14.db
2100,14ah_02314,1,139,137,0.17716080911521978,14,knot_research_14.db
2107,14nh_26947,1,121,120,0.10919618743551647,14,knot_research_14.db
2108,14ah_06718,1,137,135,0.2113910192381895,14,knot_research_14.db
2117,14nh_15781,1,128,127,0.0982633843461101,14,knot_research_14.db
2118,14nh_16643,1,134,133,0.14053315226762966,14,knot_research_14.db
2119,14ah_01017,1,144,142,0.16578031786934527,14,knot_research_14.db
2121,14nh_09044,1,127,126,0.042593510309324595,14,knot_research_14.db
2123,14ah_09232,1,134,132,0.2767374187569682,14,knot_research_14.db
2124,14nh_14437,1,125,124,0.029834770954320907,14,knot_research_14.db
2132,14ah_15969,1,131,129,0.254165615179804,14,knot_research_14.db
2134,14nh_18109,1,123,121,0.01805219470253254,14,knot_research_14.db
2142,14nh_00212,1,133,132,0.021029386992142983,14,knot_research_14.db
2144,14ah_14765,1,118,116,0.21413301546496666,14,knot_research_14.db
2145,14nh_22687,1,131,130,0.1795694652690207,14,knot_research_14.db
2147,14nh_26570,1,122,121,0.1064202686887898,14,knot_research_14.db
2158,14nh_00153,1,126,125,0.0011383598111553684,14,knot_research_14.db
2159,14ah_05604,1,136,134,0.22388330521850133,14,knot_research_14.db
2161,14ah_14279,1,134,132,0.26222669674233323,14,knot_research_14.db
2162,14nh_16187,1,130,128,0.03692406109243943,14,knot_research_14.db
2170,14nh_18071,1,126,125,0.024083494417926943,14,knot_research_14.db
2171,14ah_09414,1,136,134,0.20286437190460813,14,knot_research_14.db
2172,14nh_17744,1,122,121,0.13473609301783632,14,knot_research_14.db
2182,14nh_03051,1,130,129,0.010909957663060544,14,knot_research_14.db
2183,14nh_11522,1,126,125,0.011932568405378152,14,knot_research_14.db
2184,14ah_16022,1,132,130,0.27389226451503507,14,knot_research_14.db
2185,14ah_01261,1,142,140,0.13822319997724133,14,knot_research_14.db
2192,14nh_27318,1,124,123,0.13516493917144884,14,knot_research_14.db
2193,14nh_08524,1,134,133,0.13782712402572536,14,knot_research_14.db
2195,14nh_15775,1,138,137,0.21168327786531096,14,knot_research_14.db
2197,14ah_00137,0,50,49,0.08259883661804181,14,knot_research_14.db
2204,14nh_20479,1,127,126,0.23706773880602486,14,knot_research_14.db
2205,14nh_00615,1,133,132,0.07686580721496544,14,knot_research_14.db
2207,14nh_07605,1,119,118,0.01571468681578918,14,knot_research_14.db
2216,14ah_03028,1,138,136,0.14293134563322107,14,knot_research_14.db
2218,14ah_00264,1,150,148,0.15227338558722078,14,knot_research_14.db
2220,14nh_03298,1,120,119,0.01363342521945012,14,knot_research_14.db
2222,14ah_00823,1,146,144,0.16948757593829217,14,knot_research_14.db
2223,14nh_08188,1,125,124,0.007663036310681969,14,knot_research_14.db
2224,14ah_09680,1,136,134,0.26173774440254366,14,knot_research_14.db
2226,14nh_17274,1,126,125,0.17087455559251685,14,knot_research_14.db
2234,14nh_13412,1,131,130,0.04152602281655204,14,knot_research_14.db
2237,14ah_07708,1,138,136,0.22751904993230568,14,knot_research_14.db
2241,14ah_14183,1,132,130,0.22526178749795053,14,knot_research_14.db
2255,14nh_15082,1,139,138,0.07213400255460979,14,knot_research_14.db
2256,14nh_18899,1,127,126,0.042931063039789316,14,knot_research_14.db
2265,14ah_03963,1,142,140,0.19085035800132447,14,knot_research_14.db
2266,14ah_00383,1,149,147,0.12068922490510342,14,knot_research_14.db
2269,14nh_10036,1,125,124,0.0616107585022351,14,knot_research_14.db
2280,14nh_20747,1,130,129,0.1348802704131162,14,knot_research_14.db
2281,14nh_23017,1,126,125,0.09366331749280941,14,knot_research_14.db
2294,14ah_17864,1,127,125,0.3358447808887509,14,knot_research_14.db
2296,14ah_00495,1,140,138,0.12720671599019673,14,knot_research_14.db
2297,14ah_02491,1,137,135,0.1549944856263708,14,knot_research_14.db
2310,14nh_06425,1,131,129,0.0168704090163337,14,knot_research_14.db
2311,14nh_23402,1,126,125,0.20427305327465073,14,knot_research_14.db
2312,14nh_00001,0,41,40,0.030354023290256917,14,knot_research_14.db
2313,14nh_04671,1,111,111,0.06295146602319576,14,knot_research_14.db
2329,14nh_05944,1,124,124,0.14165139460424125,14,knot_research_14.db
2331,14ah_16886,1,127,125,0.27796077904094435,14,knot_research_14.db
2342,14nh_27056,1,121,120,0.06023258520868109,14,knot_research_14.db
2344,14nh_13136,1,125,124,0.05647689685846447,14,knot_research_14.db
2347,14ah_07429,1,130,128,0.26382552131920683,14,knot_research_14.db
2362,14ah_08604,1,134,132,0.1942020444748457,14,knot_research_14.db
2363,14nh_10826,1,125,124,0.05120080337883204,14,knot_research_14.db
2364,14nh_15742,1,127,125,0.010052574477788904,14,knot_research_14.db
2365,14ah_10554,1,129,127,0.27153675245555303,14,knot_research_14.db
2366,14ah_15622,1,125,123,0.24321209386841056,14,knot_research_14.db
2379,14nh_10456,1,131,130,0.06915291606297756,14,knot_research_14.db
2380,14ah_13713,1,135,133,0.2641787401802725,14,knot_research_14.db
2382,14nh_22781,1,128,127,0.03852222795276895,14,knot_research_14.db
2395,14ah_03969,1,133,131,0.17659208315839844,14,knot_research_14.db
2396,14nh_23278,1,128,127,0.17479206956901316,14,knot_research_14.db
2397,14nh_21344,1,129,128,0.05916534145570741,14,knot_research_14.db
2398,14nh_19693,1,124,122,0.026436927350451497,14,knot_research_14.db
2409,14ah_08948,1,131,129,0.27023323127043264,14,knot_research_14.db
2410,14ah_10544,1,129,127,0.24915253930660639,14,knot_research_14.db
2422,14ah_08772,1,122,120,0.19369036208604917,14,knot_research_14.db
2423,14ah_11095,1,129,127,0.27364854218145657,14,knot_research_14.db
2424,14ah_07776,1,136,134,0.21066240426897997,14,knot_research_14.db
2425,14nh_22440,1,124,123,0.20660551230383686,14,knot_research_14.db
2427,14nh_22893,1,118,117,0.1770328779261777,14,knot_research_14.db
2429,14nh_17717,1,121,120,0.04086875745682605,14,knot_research_14.db
2440,14nh_14811,1,127,125,0.018384282746349824,14,knot_research_14.db
2452,14ah_18388,1,126,124,0.3152403860673149,14,knot_research_14.db
2454,14ah_08707,1,134,132,0.23822092395178684,14,knot_research_14.db
2455,14nh_04147,1,122,121,0.009772959852550852,14,knot_research_14.db
2456,14nh_11873,1,130,128,0.010319774233678304,14,knot_research_14.db
2468,14nh_10318,1,133,132,0.04568009403021747,14,knot_research_14.db
2469,14ah_07382,1,135,133,0.222843508698013,14,knot_research_14.db
2470,14nh_07720,1,121,120,0.03371238204687803,14,knot_research_14.db
2472,14nh_11897,1,134,132,0.009417958028164,14,knot_research_14.db
2473,14nh_10223,1,139,138,0.17842129022490094,14,knot_research_14.db
2474,14nh_21482,1,122,121,0.21563101343671856,14,knot_research_14.db
2483,14nh_07985,1,140,139,0.028780684573035845,14,knot_research_14.db
2484,14nh_08670,1,130,129,0.0031994750535550474,14,knot_research_14.db
2486,14nh_11277,1,123,122,0.07381166671267386,14,knot_research_14.db
2497,14nh_14911,1,129,127,0.01577311102694706,14,knot_research_14.db
2498,14ah_13707,1,132,130,0.2676170322952044,14,knot_research_14.db
2500,14nh_01205,1,141,140,0.02275800191653959,14,knot_research_14.db
2501,14nh_18825,1,126,124,0.035885707227307884,14,knot_research_14.db
2502,14nh_15411,1,121,120,0.015602894266784718,14,knot_research_14.db
2512,14ah_07841,1,133,131,0.17981031592339342,14,knot_research_14.db
2513,14nh_01122,1,136,134,0.003730250187390085,14,knot_research_14.db
2515,14nh_19566,1,129,128,0.2579099438495865,14,knot_research_14.db
2526,14nh_08040,1,116,115,0.010896273100289048,14,knot_research_14.db
2527,14nh_18574,1,135,134,0.23102583371010332,14,knot_research_14.db
2528,14ah_18822,1,119,117,0.40973807605616097,14,knot_research_14.db
2540,14nh_14072,1,136,135,0.09994504066104466,14,knot_research_14.db
2542,14ah_13369,1,128,126,0.31522722759589045,14,knot_research_14.db
2543,14nh_16818,1,124,124,0.11183123079317064,14,knot_research_14.db
2545,14nh_24302,1,123,122,0.038974617371781976,14,knot_research_14.db
2546,14ah_16585,1,127,125,0.23370060517065855,14,knot_research_14.db
2557,14nh_13120,1,122,121,0.0037026817186822498,14,knot_research_14.db
2558,14nh_16869,1,125,124,0.06603744025008967,14,knot_research_14.db
2559,14nh_07823,1,120,119,0.015470633316455009,14,knot_research_14.db
2570,14ah_05467,1,128,126,0.17882278205104551,14,knot_research_14.db
2571,14nh_10903,1,126,125,0.06548868151634794,14,knot_research_14.db
2575,14ah_18408,1,124,122,0.31816550110301783,14,knot_research_14.db
2576,14ah_13095,1,128,126,0.279192392092233,14,knot_research_14.db
2586,14nh_18940,1,123,122,0.0593521165179936,14,knot_research_14.db
2587,14nh_12343,1,125,124,0.03933709780843125,14,knot_research_14.db
2588,14ah_09895,1,126,124,0.18959204695105236,14,knot_research_14.db
2589,14nh_26723,1,128,127,0.21172938337573888,14,knot_research_14.db
2599,14nh_08841,1,125,124,0.0719626576826918,14,knot_research_14.db
2601,14nh_13165,1,127,126,0.13174260927062265,14,knot_research_14.db
2602,14ah_06203,1,135,133,0.26652403365456756,14,knot_research_14.db
2603,14nh_16897,1,133,132,0.03924336955676189,14,knot_research_14.db
2604,14nh_02698,1,137,136,0.011541366414408366,14,knot_research_14.db
2605,14ah_04662,1,136,134,0.2231048152761536,14,knot_research_14.db
2616,14nh_04189,1,116,115,0.014057561403679638,14,knot_research_14.db
2617,14nh_00350,1,130,129,0.013581059978008205,14,knot_research_14.db
2618,14nh_17078,1,120,119,0.18229649934442274,14,knot_research_14.db
2619,14ah_14093,1,128,126,0.39170494093596436,14,knot_research_14.db
2620,14nh_16789,1,124,123,0.23058862613935002,14,knot_research_14.db
2630,14nh_27064,1,121,120,0.0843602319021388,14,knot_research_14.db
2631,14nh_10410,1,126,125,0.012754410125876428,14,knot_research_14.db
2632,14nh_00404,1,129,128,0.002553476251494332,14,knot_research_14.db
2642,14nh_14046,1,131,129,0.17279604757115294,14,knot_research_14.db
2643,14nh_22227,1,128,127,0.025381143529189736,14,knot_research_14.db
2644,14ah_02843,1,137,135,0.18049904082623214,14,knot_research_14.db
2645,14ah_08407,1,133,131,0.18444602644755131,14,knot_research_14.db
2655,14nh_07427,1,123,121,0.007063373654051865,14,knot_research_14.db
2656,14nh_17528,1,135,134,0.19963364852033014,14,knot_research_14.db
2657,14nh_13037,1,128,126,0.01751068154156202,14,knot_research_14.db
2658,14nh_03699,1,131,130,0.006238451892248631,14,knot_research_14.db
2659,14nh_04016,1,116,115,0.01315621670118427,14,knot_research_14.db
2671,14nh_18336,1,134,133,0.20951599208722588,14,knot_research_14.db
2673,14nh_13480,1,119,118,0.045009323309194715,14,knot_research_14.db
2676,14ah_14972,1,129,127,0.2138023627865498,14,knot_research_14.db
2686,14nh_07219,1,143,142,0.16376898694857944,14,knot_research_14.db
2688,14nh_05176,1,124,123,0.04115374898440121,14,knot_research_14.db
2689,14nh_22407,1,134,133,0.10649045641270713,14,knot_research_14.db
2690,14ah_16546,1,123,121,0.27265581486778656,14,knot_research_14.db
2692,14ah_15706,1,131,129,0.237028370216742,14,knot_research_14.db
2701,14ah_08308,1,134,132,0.24733796133440905,14,knot_research_14.db
2705,14ah_16668,1,122,120,0.38144003574474705,14,knot_research_14.db
2707,14ah_16027,1,130,128,0.28408199816953356,14,knot_research_14.db
2717,14nh_19776,1,134,133,0.16889102456009888,14,knot_research_14.db
2718,14nh_24156,1,130,129,0.14653632220838522,14,knot_research_14.db
2719,14nh_13494,1,116,115,0.009012758297234247,14,knot_research_14.db
2720,14nh_21661,1,127,126,0.20450580774814933,14,knot_research_14.db
2721,14nh_26095,1,123,122,0.013344612747319308,14,knot_research_14.db
2731,14nh_17814,1,127,126,0.1527043019902127,14,knot_research_14.db
2732,14nh_20741,1,127,126,0.02308565931897956,14,knot_research_14.db
2733,14nh_05394,1,121,120,0.009050603828005366,14,knot_research_14.db
2734,14ah_05601,1,135,133,0.22012871316524557,14,knot_research_14.db
2744,14ah_14687,1,129,127,0.26243262942785145,14,knot_research_14.db
2745,14nh_22368,1,129,128,0.058339524614710536,14,knot_research_14.db
2746,14nh_10738,1,129,127,0.03600310326699176,14,knot_research_14.db
2747,14nh_17775,1,135,134,0.18644910504722656,14,knot_research_14.db
2756,14nh_26724,1,123,122,0.2643263051574624,14,knot_research_14.db
2758,14nh_11630,1,127,127,0.15439927972666342,14,knot_research_14.db
2759,14ah_09722,1,134,132,0.25434015013434996,14,knot_research_14.db
2771,14nh_11332,1,115,114,0.1648558061704449,14,knot_research_14.db
2773,14ah_06252,1,133,131,0.2073972786348835,14,knot_research_14.db
2774,14nh_08035,1,122,121,0.11013699231380916,14,knot_research_14.db
2775,14ah_12363,1,133,131,0.21804673336317823,14,knot_research_14.db
2785,14nh_05152,1,121,120,0.013441251420346747,14,knot_research_14.db
2786,14nh_14384,1,120,119,0.03612899704715065,14,knot_research_14.db
2787,14ah_14050,1,127,125,0.27929332768261955,14,knot_research_14.db
2788,14nh_02609,1,126,125,0.023522660188756983,14,knot_research_14.db
2789,14nh_09734,1,124,123,0.007185445508150395,14,knot_research_14.db
2798,14nh_24097,1,126,125,0.24554299184138653,14,knot_research_14.db
2799,14ah_00033,1,134,132,0.08654902144568334,14,knot_research_14.db
2800,14nh_08562,1,126,124,0.016080510238868688,14,knot_research_14.db
2802,14nh_18188,1,126,125,0.190837604420683,14,knot_research_14.db
2803,14nh_02227,1,137,136,0.05256488921707087,14,knot_research_14.db
2812,14ah_16341,1,121,119,0.335590568832133,14,knot_research_14.db
2813,14nh_02975,1,123,122,0.018706354658414824,14,knot_research_14.db
2814,14ah_03256,1,127,125,0.12767821248935524,14,knot_research_14.db
2815,14nh_11227,1,126,125,0.10066853882117469,14,knot_research_14.db
2816,14nh_15363,1,124,123,0.1502692408705811,14,knot_research_14.db
2817,14ah_15248,1,132,130,0.21076839210109236,14,knot_research_14.db
2827,14ah_02248,1,146,144,0.16084889130230243,14,knot_research_14.db
2828,14ah_17258,1,125,123,0.20211608385555907,14,knot_research_14.db
2838,14nh_21214,1,126,125,0.20957757926502346,14,knot_research_14.db
2841,14nh_00297,1,122,121,0.02446715777313203,14,knot_research_14.db
2852,14ah_11819,1,129,127,0.23573313956280337,14,knot_research_14.db
2853,14nh_23747,1,126,125,0.14764234529046855,14,knot_research_14.db
2855,14nh_17434,1,136,135,0.11923299517151303,14,knot_research_14.db
2856,14nh_20914,1,120,119,0.3012063944410898,14,knot_research_14.db
2858,14nh_09381,1,129,128,0.10307283135521049,14,knot_research_14.db
2869,14ah_00144,1,150,148,0.1387931051276064,14,knot_research_14.db
2871,14nh_21606,1,124,124,0.21219998737933612,14,knot_research_14.db
2872,14ah_11240,1,132,130,0.2914969132753562,14,knot_research_14.db
2884,14nh_07713,1,126,125,0.023527118601861727,14,knot_research_14.db
2887,14ah_03343,1,138,136,0.22211514695985554,14,knot_research_14.db
2898,14nh_05445,1,121,120,0.006790673232339415,14,knot_research_14.db
2910,14nh_05448,1,140,139,0.1607907003809896,14,knot_research_14.db
2911,14nh_19452,1,126,125,0.013429656097665311,14,knot_research_14.db
2913,14nh_10554,1,131,130,0.116213142324365,14,knot_research_14.db
2915,14nh_15977,1,125,123,0.06683702166192874,14,knot_research_14.db
2926,14nh_01296,1,132,131,0.01956549585828379,14,knot_research_14.db
2927,14nh_26658,1,128,127,0.13381689952998138,14,knot_research_14.db
2928,14ah_03690,1,136,134,0.12995046222183781,14,knot_research_14.db
2930,14ah_00140,1,151,149,0.13013430636353115,14,knot_research_14.db
2942,14nh_03432,1,122,121,0.0031371907894324484,14,knot_research_14.db
2955,14nh_26868,1,127,126,0.30888755313995975,14,knot_research_14.db
2957,14nh_14947,1,125,124,0.016248446336423885,14,knot_research_14.db
2958,14nh_24665,1,119,118,0.039565768971371214,14,knot_research_14.db
2959,14ah_05784,1,133,131,0.2415869439896857,14,knot_research_14.db
2971,14ah_07293,1,137,135,0.26008007129926775,14,knot_research_14.db
2973,14ah_07697,1,132,130,0.1463528176218484,14,knot_research_14.db
2983,14ah_17542,1,127,125,0.18386688726316644,14,knot_research_14.db
2984,14nh_06362,1,128,127,0.04163977441791116,14,knot_research_14.db
2987,14ah_18165,1,125,123,0.2137835908803996,14,knot_research_14.db
2997,14ah_12021,1,134,132,0.17862157101697246,14,knot_research_14.db
3008,14nh_04242,1,123,122,0.027316374860393684,14,knot_research_14.db
3010,14ah_19151,1,121,119,0.5018074251408571,14,knot_research_14.db
3012,14nh_04418,1,127,126,0.14371073572004456,14,knot_research_14.db
3013,14nh_23299,1,135,134,0.20206314473621437,14,knot_research_14.db
3026,14nh_17651,1,123,122,0.08661879966060507,14,knot_research_14.db
3027,14nh_05938,1,118,118,0.011824151143827085,14,knot_research_14.db
3042,14nh_07774,1,119,118,0.009833579942883648,14,knot_research_14.db
3044,14nh_05030,1,127,127,0.1727726205890319,14,knot_research_14.db
3045,14ah_15496,1,127,125,0.21322585399747013,14,knot_research_14.db
3047,14nh_01413,1,138,137,0.042258757919801146,14,knot_research_14.db
3061,14ah_14558,1,130,128,0.25663504641664964,14,knot_research_14.db
3062,14ah_05717,1,139,137,0.19921379287468638,14,knot_research_14.db
3063,14ah_18473,1,129,127,0.2713067383767421,14,knot_research_14.db
3077,14nh_14606,1,124,123,0.06974818701108654,14,knot_research_14.db
3079,14nh_05781,1,130,129,0.0073420977879663455,14,knot_research_14.db
3092,14nh_13727,1,123,122,0.2467828299071996,14,knot_research_14.db
3094,14ah_18777,1,119,117,0.35888930643464845,14,knot_research_14.db
3095,14ah_07455,1,137,135,0.22527350982892655,14,knot_research_14.db
3107,14ah_15501,1,128,126,0.22900377420876172,14,knot_research_14.db
3109,14ah_16443,1,127,125,0.2872887791363723,14,knot_research_14.db
3110,14ah_18653,1,128,126,0.29631272334738434,14,knot_research_14.db
3122,14nh_25234,1,130,129,0.21891284262265753,14,knot_research_14.db
3123,14ah_14420,1,127,125,0.2543337915814568,14,knot_research_14.db
3137,14nh_17124,1,120,119,0.030583214575705574,14,knot_research_14.db
3138,14ah_03944,1,137,135,0.15143317251924196,14,knot_research_14.db
3139,14ah_00168,1,137,135,0.09704081293581227,14,knot_research_14.db
3152,14ah_08205,1,132,130,0.23707671226939295,14,knot_research_14.db
3154,14ah_14556,1,127,125,0.2587613657870859,14,knot_research_14.db
3155,14nh_26050,1,125,124,0.03494903279463259,14,knot_research_14.db
3167,14nh_02279,1,130,129,0.03350523126309197,14,knot_research_14.db
3168,14nh_01446,1,113,112,0.0710971241962763,14,knot_research_14.db
3180,14ah_00399,1,139,137,0.13252663885251273,14,knot_research_14.db
3192,14nh_14688,1,135,134,0.178400366799423,14,knot_research_14.db
3193,14ah_14822,1,129,127,0.29544874708316543,14,knot_research_14.db
3194,14nh_21123,1,121,120,0.07478984253235584,14,knot_research_14.db
3195,14ah_05577,1,139,137,0.22640467251746232,14,knot_research_14.db
3196,14nh_26047,1,130,129,0.17876956946214345,14,knot_research_14.db
3197,14nh_15814,1,128,127,0.12957501916944572,14,knot_research_14.db
3208,14nh_21018,1,132,131,0.16896820464898699,14,knot_research_14.db
3210,14ah_02148,1,139,137,0.17179176226025278,14,knot_research_14.db
3221,14ah_13463,1,127,125,0.2499389467716231,14,knot_research_14.db
3223,14nh_21311,1,132,131,0.13879602233312893,14,knot_research_14.db
3225,14nh_10192,1,133,132,0.023682021823479494,14,knot_research_14.db
3228,14ah_03939,1,133,131,0.20117970047343958,14,knot_research_14.db
3240,14nh_14859,1,120,119,0.010026894995480488,14,knot_research_14.db
3252,14nh_08971,1,128,128,0.10184316554715604,14,knot_research_14.db
3253,14nh_17904,1,131,130,0.2727259482681532,14,knot_research_14.db
3266,14ah_07441,1,132,130,0.16067225826662668,14,knot_research_14.db
3278,14ah_06299,1,136,134,0.21825735237523994,14,knot_research_14.db
3279,14ah_17532,1,125,123,0.33226658408744225,14,knot_research_14.db
3283,14nh_05716,1,137,136,0.03127978884920591,14,knot_research_14.db
3285,14ah_18303,1,128,126,0.3079951851791731,14,knot_research_14.db
3286,14nh_08980,1,116,115,0.019173356281357773,14,knot_research_14.db
3299,14ah_09353,1,128,126,0.19577857263832404,14,knot_research_14.db
3301,14nh_06475,1,125,124,0.012148244341891231,14,knot_research_14.db
3313,14nh_11609,1,133,132,0.013975317707143818,14,knot_research_14.db
3314,14nh_07755,1,123,121,0.007034309253452911,14,knot_research_14.db
3316,14nh_06504,1,134,133,0.02489965589671111,14,knot_research_14.db
3326,14nh_19742,1,122,121,0.1541926156299138,14,knot_research_14.db
3330,14ah_03455,1,141,139,0.16296728253301768,14,knot_research_14.db
3331,14nh_22464,1,121,119,0.03779471124690545,14,knot_research_14.db
3332,14ah_07408,1,133,131,0.1678060724422633,14,knot_research_14.db
3345,14ah_00440,1,142,140,0.1289587056191778,14,knot_research_14.db
3346,14ah_10669,1,131,129,0.23210251244109104,14,knot_research_14.db
3348,14nh_00886,1,132,131,0.043963680235725194,14,knot_research_14.db
3349,14nh_25070,1,123,122,0.057431667688831185,14,knot_research_14.db
3361,14nh_14847,1,131,130,0.032551237209893356,14,knot_research_14.db
3374,14nh_10002,1,123,121,0.013059266775317371,14,knot_research_14.db
3376,14nh_02841,1,132,131,0.03319442258251434,14,knot_research_14.db
3378,14nh_19393,1,129,128,0.05511392880023742,14,knot_research_14.db
3391,14nh_19952,1,132,131,0.21604268492987555,14,knot_research_14.db
3393,14ah_16477,1,129,127,0.2641874666515027,14,knot_research_14.db
3407,14ah_05833,1,137,135,0.1996120765739263,14,knot_research_14.db
3409,14ah_01588,1,138,136,0.17223963248131155,14,knot_research_14.db
3420,14nh_23265,1,124,122,0.051418313496443394,14,knot_research_14.db
3421,14ah_10375,1,128,126,0.2285313016796595,14,knot_research_14.db
3423,14ah_16741,1,128,126,0.2687651354451363,14,knot_research_14.db
3425,14nh_09831,1,126,125,0.07297551811481891,14,knot_research_14.db
3436,14nh_09790,1,127,126,0.018314674787777104,14,knot_research_14.db
3437,14nh_25765,1,127,126,0.22765109929619562,14,knot_research_14.db
3450,14ah_05997,1,128,126,0.16381772307941264,14,knot_research_14.db
3451,14nh_06835,1,133,131,0.010928170432044169,14,knot_research_14.db
3453,14ah_00002,0,38,37,0.530054862116392,14,knot_research_14.db
3467,14nh_24212,1,134,133,0.19068284233619553,14,knot_research_14.db
3480,14nh_06721,1,125,124,0.004139745883024572,14,knot_research_14.db
3483,14ah_15974,1,119,117,0.33247825801361125,14,knot_research_14.db
3484,14nh_11156,1,135,134,0.13947350969087868,14,knot_research_14.db
3495,14nh_14158,1,127,126,0.031795939140287714,14,knot_research_14.db
3496,14nh_02327,1,122,121,0.010725081188536949,14,knot_research_14.db
3509,14nh_08189,1,118,117,0.04055438506440069,14,knot_research_14.db
3510,14ah_17580,1,123,121,0.2971708647233248,14,knot_research_14.db
3511,14nh_20482,1,123,122,0.22381136952761313,14,knot_research_14.db
3513,14nh_04226,1,123,122,0.024110302760191424,14,knot_research_14.db
3524,14nh_13646,1,125,124,0.0477233173120998,14,knot_research_14.db
3526,14nh_01727,1,123,123,0.07990687031560746,14,knot_research_14.db
3527,14nh_06649,1,125,124,0.011870757068770643,14,knot_research_14.db
3540,14ah_18543,1,128,126,0.30976274122197767,14,knot_research_14.db
3541,14nh_20115,1,136,135,0.1945954307055903,14,knot_research_14.db
3542,14nh_04355,1,118,117,0.007871051619733607,14,knot_research_14.db
3544,14ah_10204,1,128,126,0.2202331754902555,14,knot_research_14.db
3545,14ah_11069,1,128,126,0.1951683593085278,14,knot_research_14.db
3557,14ah_14402,1,128,126,0.3211901006602311,14,knot_research_14.db
3558,14ah_14098,1,128,126,0.2684190559557404,14,knot_research_14.db
3559,14nh_12026,1,120,119,0.0031285548610199437,14,knot_research_14.db
3571,14nh_20338,1,123,121,0.04141770991971865,14,knot_research_14.db
3575,14nh_24487,1,129,128,0.2657122349846451,14,knot_research_14.db
3586,14nh_23694,1,128,127,0.07516016023482147,14,knot_research_14.db
3588,14nh_26163,1,123,122,0.1775865166812782,14,knot_research_14.db
3590,14nh_00348,1,141,140,0.09966240586197252,14,knot_research_14.db
3591,14nh_09325,1,122,121,0.040203778287969734,14,knot_research_14.db
3592,14ah_13348,1,127,125,0.22033866433437874,14,knot_research_14.db
3603,14ah_10235,1,132,130,0.22716933969214737,14,knot_research_14.db
3615,14ah_17122,1,128,126,0.2536177566496387,14,knot_research_14.db
3616,14nh_02303,1,135,133,0.03630545049774007,14,knot_research_14.db
3617,14ah_09775,1,138,136,0.17939006210027697,14,knot_research_14.db
3618,14ah_13170,1,126,124,0.2056659296544541,14,knot_research_14.db
3630,14nh_17919,1,125,124,0.02292972142770083,14,knot_research_14.db
3632,14nh_25098,1,132,131,0.22181358524636866,14,knot_research_14.db
3645,14nh_20469,1,131,130,0.11306750945372973,14,knot_research_14.db
3646,14nh_16124,1,125,124,0.20026184051012821,14,knot_research_14.db
3647,14ah_08096,1,119,117,0.1414054442370833,14,knot_research_14.db
3658,14nh_12920,1,135,134,0.16752461922462025,14,knot_research_14.db
3661,14nh_04751,1,124,123,0.006328078846104266,14,knot_research_14.db
3674,14ah_18666,1,123,121,0.2770248433050232,14,knot_research_14.db
3676,14nh_03204,1,136,135,0.04126298161366983,14,knot_research_14.db
3677,14nh_01466,1,130,129,0.05218593381180684,14,knot_research_14.db
3692,14nh_13851,1,132,131,0.14088852033604615,14,knot_research_14.db
3693,14nh_00628,1,146,145,0.09763395370865566,14,knot_research_14.db
3706,14ah_02702,1,135,133,0.19208762575160204,14,knot_research_14.db
3708,14nh_13244,1,120,119,0.0037591971792557254,14,knot_research_14.db
3720,14ah_05274,1,132,130,0.15331914889746573,14,knot_research_14.db
3723,14ah_00344,1,137,135,0.10835224838784482,14,knot_research_14.db
3736,14ah_13258,1,128,126,0.26641733525021194,14,knot_research_14.db
3751,14ah_14091,1,128,126,0.33639021603725355,14,knot_research_14.db
3754,14ah_11389,1,126,124,0.21677221970070185,14,knot_research_14.db
3769,14ah_05367,1,136,134,0.19928389008178454,14,knot_research_14.db
3770,14nh_18598,1,130,129,0.024322179553200787,14,knot_research_14.db
3773,14nh_22836,1,120,119,0.1973937473996114,14,knot_research_14.db
3786,14nh_27413,1,120,119,0.12005727105155298,14,knot_research_14.db
3800,14ah_11129,1,133,131,0.2155521173819831,14,knot_research_14.db
3801,14nh_11864,1,121,121,0.09562187485896359,14,knot_research_14.db
3803,14ah_06728,1,128,126,0.261374603944583,14,knot_research_14.db
3817,14ah_07661,1,131,129,0.2159076059019671,14,knot_research_14.db
3820,14nh_09956,1,129,128,0.02052504967713087,14,knot_research_14.db
3832,14ah_02527,1,128,126,0.1975282005861602,14,knot_research_14.db
3835,14nh_00225,1,138,137,0.02001136557097346,14,knot_research_14.db
3847,14ah_16609,1,128,126,0.21049681847084573,14,knot_research_14.db
3848,14ah_09852,1,138,136,0.1880249173596036,14,knot_research_14.db
3849,14nh_10533,1,125,124,0.17503873252064373,14,knot_research_14.db
3852,14ah_07245,1,128,126,0.217500358611934,14,knot_research_14.db
3865,14nh_05226,1,132,131,0.01794311212148891,14,knot_research_14.db
3866,14ah_15740,1,125,123,0.3115983047263353,14,knot_research_14.db
3882,14ah_00477,1,145,143,0.11154420856678485,14,knot_research_14.db
3883,14ah_16637,1,128,126,0.40587383810929734,14,knot_research_14.db
3896,14nh_01353,1,113,112,0.011422665579743627,14,knot_research_14.db
3897,14ah_06356,1,138,136,0.15690413819018847,14,knot_research_14.db
3899,14nh_26193,1,134,133,0.18550155897391526,14,knot_research_14.db
3910,14nh_25580,1,125,124,0.20457368372890605,14,knot_research_14.db
3911,14nh_01316,1,135,134,0.006423054493173351,14,knot_research_14.db
3912,14ah_07755,1,131,129,0.2069382305458524,14,knot_research_14.db
3914,14nh_13221,1,118,117,0.1878097146686993,14,knot_research_14.db
3927,14nh_02011,1,128,127,0.0007478824932213073,14,knot_research_14.db
3941,14ah_14141,1,131,129,0.2526238849084393,14,knot_research_14.db
3942,14nh_05957,1,124,122,0.028833679519784976,14,knot_research_14.db
3943,14ah_10709,1,133,131,0.23289912286793366,14,knot_research_14.db
3945,14nh_26475,1,121,120,0.06418255557101066,14,knot_research_14.db
3959,14nh_16689,1,133,132,0.03091973578806105,14,knot_research_14.db
3961,14nh_06057,1,125,124,0.009213034771741768,14,knot_research_14.db
3972,14nh_03185,1,126,125,0.004679321331323211,14,knot_research_14.db
3974,14ah_05421,1,137,135,0.23536868215335413,14,knot_research_14.db
3977,14nh_06943,1,124,122,0.009017939163590448,14,knot_research_14.db
3989,14ah_02464,1,137,135,0.20489972754582764,14,knot_research_14.db
3990,14nh_01803,1,126,126,0.1426577258864258,14,knot_research_14.db
3993,14ah_18420,1,124,122,0.3356490867243165,14,knot_research_14.db
4004,14nh_06980,1,140,139,0.13734374911539352,14,knot_research_14.db
4005,14ah_17597,1,123,121,0.25729377925521185,14,knot_research_14.db
4018,14nh_13559,1,125,124,0.014511422570597756,14,knot_research_14.db
4021,14nh_19161,1,131,130,0.0872974220885865,14,knot_research_14.db
4022,14nh_02056,1,124,123,0.01109715519307893,14,knot_research_14.db
4024,14ah_18898,1,121,119,0.33005957221415544,14,knot_research_14.db
4036,14nh_05161,1,121,120,0.017256709272386907,14,knot_research_14.db
4039,14nh_25528,1,134,133,0.11994953227510916,14,knot_research_14.db
4040,14nh_04107,1,125,124,0.012791145133932705,14,knot_research_14.db
4041,14ah_15002,1,132,130,0.2738922644894515,14,knot_research_14.db
4053,14nh_18637,1,121,120,0.23252439196456817,14,knot_research_14.db
4054,14nh_26932,1,126,125,0.0877689017861318,14,knot_research_14.db
4055,14nh_17451,1,125,124,0.2082122308623183,14,knot_research_14.db
4057,14nh_21625,1,120,119,0.17957496964046094,14,knot_research_14.db
4068,14nh_17121,1,125,124,0.1005762025517667,14,knot_research_14.db
4069,14nh_17859,1,127,126,0.12855358509092282,14,knot_research_14.db
4072,14ah_16946,1,123,121,0.40395137552168664,14,knot_research_14.db
4082,14ah_08057,1,124,122,0.2135316362588278,14,knot_research_14.db
4084,14ah_06549,1,137,135,0.14126051863815225,14,knot_research_14.db
4085,14ah_12043,1,129,127,0.3100482726892492,14,knot_research_14.db
4087,14ah_15282,1,124,122,0.27895421083710187,14,knot_research_14.db
4099,14ah_00998,1,138,136,0.09981269779206763,14,knot_research_14.db
4100,14nh_05909,1,124,123,0.018616420573060826,14,knot_research_14.db
4101,14ah_10240,1,129,127,0.18596409864864183,14,knot_research_14.db
4102,14ah_08179,1,137,135,0.176057969738516,14,knot_research_14.db
4115,14ah_10432,1,129,127,0.14282869832924042,14,knot_research_14.db
4116,14ah_02501,1,138,136,0.15009739105771946,14,knot_research_14.db
4129,14nh_17395,1,122,121,0.20046026900501873,14,knot_research_14.db
4130,14nh_02241,1,126,125,0.02946895929025974,14,knot_research_14.db
4132,14ah_18237,1,128,126,0.3038547651614605,14,knot_research_14.db
4146,14ah_12732,1,136,134,0.29322773524636986,14,knot_research_14.db
4147,14nh_12529,1,130,128,0.012775480860164265,14,knot_research_14.db
4149,14nh_15057,1,131,130,0.27837612352563196,14,knot_research_14.db
4150,14ah_16519,1,127,125,0.2416772381241906,14,knot_research_14.db
4160,14nh_16169,1,135,134,0.21858428355030593,14,knot_research_14.db
4163,14ah_02488,1,139,137,0.20474968579166514,14,knot_research_14.db
4176,14nh_23550,1,121,120,0.22500031493900244,14,knot_research_14.db
4177,14nh_20563,1,136,135,0.06835564654600415,14,knot_research_14.db
4188,14nh_08734,1,130,129,0.021481354491658243,14,knot_research_14.db
4189,14nh_02009,0,94,93,0.004918068592138948,14,knot_research_14.db
4192,14ah_01639,1,142,140,0.15328195368743527,14,knot_research_14.db
4194,14ah_17045,1,124,122,0.3640616625133151,14,knot_research_14.db
4195,14nh_00975,1,113,112,0.009013286115525054,14,knot_research_14.db
4208,14nh_20081,1,138,137,0.22552955514446701,14,knot_research_14.db
4209,14ah_03751,1,136,134,0.23979242528895683,14,knot_research_14.db
4210,14nh_26939,1,123,122,0.05253730813708643,14,knot_research_14.db
4223,14ah_10932,1,125,123,0.26415638069850644,14,knot_research_14.db
4225,14nh_24606,1,130,129,0.24896392538174877,14,knot_research_14.db
4227,14ah_06167,1,135,133,0.23536868216006057,14,knot_research_14.db
4238,14nh_17300,1,128,127,0.01636938990022677,14,knot_research_14.db
4239,14ah_06434,1,137,135,0.1616804220238106,14,knot_research_14.db
4242,14ah_19040,1,119,117,0.3953647919245575,14,knot_research_14.db
4253,14ah_04342,1,130,128,0.18392046847970495,14,knot_research_14.db
4256,14nh_21896,1,134,133,0.1387838974855428,14,knot_research_14.db
4257,14nh_24847,1,124,122,0.05805096191576699,14,knot_research_14.db
4259,14nh_18813,1,125,124,0.1817033497737986,14,knot_research_14.db
4269,14nh_26111,1,121,120,0.0682346319302192,14,knot_research_14.db
4271,14nh_07542,1,120,119,0.003809700956605742,14,knot_research_14.db
4284,14nh_26638,1,122,121,0.11361158222090059,14,knot_research_14.db
4285,14nh_09680,0,68,68,0.1294060256097238,14,knot_research_14.db
4286,14ah_14550,1,128,126,0.2520540559308747,14,knot_research_14.db
4287,14ah_11018,0,47,46,0.4352517904105211,14,knot_research_14.db
4288,14ah_13527,0,65,64,0.25099183161219557,14,knot_research_14.db
4289,14nh_08371,1,121,119,0.0065230124943727215,14,knot_research_14.db
4300,14nh_12583,0,120,118,0.01947189236914029,14,knot_research_14.db
4301,14nh_26709,0,45,45,0.3416193678828427,14,knot_research_14.db
4302,14ah_01069,0,43,42,0.268572349328628,14,knot_research_14.db
4303,14ah_08995,0,47,46,0.17674811939316823,14,knot_research_14.db
4304,14ah_00451,0,51,50,0.1451761930151575,14,knot_research_14.db
4314,14ah_00308,0,42,41,0.1393129040859834,14,knot_research_14.db
4315,14nh_19170,0,38,37,0.07915529804037556,14,knot_research_14.db
4316,14ah_18109,0,36,35,0.39391413091157174,14,knot_research_14.db
