id,name,marked_complete,stored_blocks,positive_blocks,observed_min,crossings,database
1,3_1,1,12,10,0.9999999999999993,3,knot_research.db
2,4_1,1,18,16,0.9999999999999999,4,knot_research.db
3,5_1,1,23,21,0.38196601125010443,5,knot_research.db
4,5_2,1,25,23,0.6047658931315093,5,knot_research.db
5,6_1,1,33,31,0.3819660112501046,6,knot_research.db
6,6_2,1,31,29,0.38196601125010454,6,knot_research.db
7,6_3,1,32,30,0.6454878180103976,6,knot_research.db
8,7_1,1,38,36,0.19806226419515988,7,knot_research.db
9,7_2,1,42,40,0.301531294777294,7,knot_research.db
10,7_3,1,44,42,0.27064656041735685,7,knot_research.db
11,7_4,1,38,36,0.4047888046356343,7,knot_research.db
12,7_5,1,42,40,0.3819660112501045,7,knot_research.db
13,7_6,1,40,38,0.41266087876154145,7,knot_research.db
14,7_7,1,38,36,0.6726346882240877,7,knot_research.db
15,8_1,1,52,50,0.19806226419516107,8,knot_research.db
16,8_2,1,50,48,0.1980622641951613,8,knot_research.db
17,8_3,1,56,54,0.3819660112501042,8,knot_research.db
18,8_4,1,48,46,0.19806226419516176,8,knot_research.db
19,8_5,1,46,44,0.2679491924311226,8,knot_research.db
20,8_6,1,54,52,0.2755242071282929,8,knot_research.db
21,8_7,1,53,51,0.2883726383989742,8,knot_research.db
22,8_8,1,51,49,0.36196267266716453,8,knot_research.db
23,8_9,1,54,52,0.29243267018174407,8,knot_research.db
24,8_10,1,51,49,0.2937181104655706,8,knot_research.db
25,8_11,1,52,50,0.38196601125010504,8,knot_research.db
26,8_12,1,50,48,0.38196601125010476,8,knot_research.db
27,8_13,1,49,47,0.3917890262634893,8,knot_research.db
28,8_14,1,50,48,0.4700910331886355,8,knot_research.db
29,8_15,1,50,48,0.4776215064343096,8,knot_research.db
30,8_16,1,47,45,0.4112624469219709,8,knot_research.db
31,8_17,1,50,48,0.5342869102693862,8,knot_research.db
32,8_18,1,44,42,0.7870732451629343,8,knot_research.db
33,8_19,1,48,47,0.2001108247727786,8,knot_research.db
34,8_20,1,47,46,0.05295971462765695,8,knot_research.db
35,8_21,1,48,47,0.36468389713510696,8,knot_research.db
36,9_1,1,57,55,0.12061475842818237,9,knot_research.db
37,9_2,1,63,61,0.1681014564327971,9,knot_research.db
38,9_3,1,67,65,0.15233431829928473,9,knot_research.db
39,9_4,1,69,67,0.19134910490435653,9,knot_research.db
40,9_5,1,59,57,0.2466962393424776,9,knot_research.db
41,9_6,1,65,63,0.19806226419516104,9,knot_research.db
42,9_7,1,67,65,0.2423944760601743,9,knot_research.db
43,9_8,1,63,61,0.21808321530926417,9,knot_research.db
44,9_9,1,63,61,0.19806226419516132,9,knot_research.db
45,9_10,1,65,63,0.2778382995133519,9,knot_research.db
46,9_11,1,63,61,0.19806226419516146,9,knot_research.db
47,9_12,1,65,63,0.3101185007782416,9,knot_research.db
48,9_13,1,65,63,0.29976335262595816,9,knot_research.db
49,9_14,1,61,59,0.30743791833161854,9,knot_research.db
50,9_15,1,63,61,0.34890996274061337,9,knot_research.db
51,9_16,1,59,57,0.2679491924311223,9,knot_research.db
52,9_17,1,59,57,0.3613492527578675,9,knot_research.db
53,9_18,1,63,61,0.3528644445832533,9,knot_research.db
54,9_19,1,63,61,0.315988208891937,9,knot_research.db
55,9_20,1,59,57,0.23414494436103211,9,knot_research.db
56,9_21,1,63,61,0.2947573173958366,9,knot_research.db
57,9_22,1,59,57,0.36134925275781105,9,knot_research.db
58,9_23,1,61,59,0.3616805711351538,9,knot_research.db
59,9_24,1,63,61,0.35928291761513004,9,knot_research.db
60,9_25,1,61,59,0.3302760671376176,9,knot_research.db
61,9_26,1,63,61,0.3159882088918262,9,knot_research.db
62,9_27,1,61,59,0.3153868267925314,9,knot_research.db
63,9_28,1,59,57,0.483540570241268,9,knot_research.db
64,9_29,1,55,53,0.2679491924311224,9,knot_research.db
65,9_30,1,59,57,0.3090397213571116,9,knot_research.db
66,9_31,1,57,55,0.4778187948484928,9,knot_research.db
67,9_32,1,59,57,0.41210486842978444,9,knot_research.db
68,9_33,1,57,55,0.47781879484845635,9,knot_research.db
69,9_34,1,57,55,0.4298091012912185,9,knot_research.db
70,9_35,1,55,53,0.26476119518732616,9,knot_research.db
71,9_36,1,61,59,0.2486169957897547,9,knot_research.db
72,9_37,1,63,61,0.29579935141261593,9,knot_research.db
73,9_38,1,59,57,0.5308803929240237,9,knot_research.db
74,9_39,1,61,59,0.5563992704788803,9,knot_research.db
75,9_40,1,53,51,0.803674379040694,9,knot_research.db
76,9_41,1,57,55,0.5505102572168213,9,knot_research.db
77,9_42,1,61,60,0.043242811484642374,9,knot_research.db
78,9_43,1,57,56,0.08913781117029379,9,knot_research.db
79,9_44,1,59,58,0.13827107631982422,9,knot_research.db
80,9_45,1,59,58,0.26074585984801013,9,knot_research.db
81,9_46,1,59,58,0.0289984089105238,9,knot_research.db
82,9_47,1,57,56,0.19941964000497814,9,knot_research.db
83,9_48,1,61,60,0.34044787431854734,9,knot_research.db
84,9_49,1,55,54,0.4867684209546495,9,knot_research.db
85,10_1,1,75,73,0.12061475842818287,10,knot_research.db
86,10_2,1,73,71,0.12061475842818288,10,knot_research.db
87,10_3,1,83,81,0.19806226419516135,10,knot_research.db
88,10_4,1,71,69,0.12061475842818294,10,knot_research.db
89,10_5,1,78,76,0.16071085834190174,10,knot_research.db
90,10_6,1,81,79,0.19230181568076396,10,knot_research.db
91,10_7,1,79,77,0.22747551378754066,10,knot_research.db
92,10_8,1,69,67,0.1206147584281836,10,knot_research.db
93,10_9,1,81,79,0.16437835641508852,10,knot_research.db
94,10_10,1,74,72,0.2077934841650327,10,knot_research.db
95,10_11,1,79,77,0.19806226419516168,10,knot_research.db
96,10_12,1,80,78,0.23400241762984716,10,knot_research.db
97,10_13,1,77,75,0.1980622641951617,10,knot_research.db
98,10_14,1,77,75,0.2432748352222951,10,knot_research.db
99,10_15,1,74,72,0.1709926345130917,10,knot_research.db
100,10_16,1,79,77,0.1980622641951614,10,knot_research.db
101,10_17,1,82,80,0.19628249235619213,10,knot_research.db
102,10_18,1,77,75,0.25463966564351354,10,knot_research.db
103,10_19,1,72,70,0.21996087649622875,10,knot_research.db
104,10_20,1,81,79,0.15961604556269757,10,knot_research.db
105,10_21,1,79,77,0.2058251306766272,10,knot_research.db
106,10_22,1,77,75,0.15836992980188008,10,knot_research.db
107,10_23,1,78,76,0.2590540978556021,10,knot_research.db
108,10_24,1,75,73,0.214254470167186,10,knot_research.db
109,10_25,1,73,71,0.24374747197144428,10,knot_research.db
110,10_26,1,75,73,0.24349901317368172,10,knot_research.db
111,10_27,1,74,72,0.32303966535128414,10,knot_research.db
112,10_28,1,70,68,0.26348299591077834,10,knot_research.db
113,10_29,1,75,73,0.2376806880282731,10,knot_research.db
114,10_30,1,75,73,0.27514933045919476,10,knot_research.db
115,10_31,1,78,76,0.24533863139293552,10,knot_research.db
116,10_32,1,73,71,0.3187536491853602,10,knot_research.db
117,10_33,1,78,76,0.39222362490044266,10,knot_research.db
118,10_34,1,76,74,0.20113179155460456,10,knot_research.db
119,10_35,1,77,75,0.2182155277166647,10,knot_research.db
120,10_36,1,77,75,0.2543912407949279,10,knot_research.db
121,10_37,1,78,76,0.23775226955040318,10,knot_research.db
122,10_38,1,75,73,0.21404497605075104,10,knot_research.db
123,10_39,1,75,73,0.3054726080406131,10,knot_research.db
124,10_40,1,72,70,0.3791205387248488,10,knot_research.db
125,10_41,1,71,69,0.2041668586787801,10,knot_research.db
126,10_42,1,72,70,0.32700157814180386,10,knot_research.db
127,10_43,1,74,72,0.3616012089288123,10,knot_research.db
128,10_44,1,69,67,0.31237433593729963,10,knot_research.db
129,10_45,1,72,70,0.48977180532041,10,knot_research.db
130,10_46,1,69,67,0.17290908471479752,10,knot_research.db
131,10_47,1,76,74,0.15848088606662275,10,knot_research.db
132,10_48,1,80,78,0.25256997300058154,10,knot_research.db
133,10_49,1,77,75,0.2557089662924916,10,knot_research.db
134,10_50,1,77,75,0.26794919243112303,10,knot_research.db
135,10_51,1,76,74,0.21482618171849877,10,knot_research.db
136,10_52,1,68,66,0.1808413169403278,10,knot_research.db
137,10_53,1,73,71,0.3187536491850671,10,knot_research.db
138,10_54,1,72,70,0.17670697937585625,10,knot_research.db
139,10_55,1,75,73,0.2680033830374135,10,knot_research.db
140,10_56,1,75,73,0.3013079941965695,10,knot_research.db
141,10_57,1,72,70,0.3111362676637551,10,knot_research.db
142,10_58,1,73,71,0.2752296998705732,10,knot_research.db
143,10_59,1,71,69,0.27639122079439893,10,knot_research.db
144,10_60,1,67,65,0.4956572621351255,10,knot_research.db
145,10_61,1,67,65,0.13919414688829654,10,knot_research.db
146,10_62,1,74,72,0.1762439389735451,10,knot_research.db
147,10_63,1,77,75,0.2546941679884666,10,knot_research.db
148,10_64,1,77,75,0.1933395842488141,10,knot_research.db
149,10_65,1,78,76,0.2590540978560324,10,knot_research.db
150,10_66,1,71,69,0.34452633596626714,10,knot_research.db
151,10_67,1,75,73,0.2680033830372334,10,knot_research.db
152,10_68,1,70,68,0.2759259991984447,10,knot_research.db
153,10_69,1,72,70,0.30917605233194856,10,knot_research.db
154,10_70,1,73,71,0.2679491924311224,10,knot_research.db
155,10_71,1,72,70,0.3791205387262706,10,knot_research.db
156,10_72,1,71,69,0.34452633596617005,10,knot_research.db
157,10_73,1,72,70,0.34902052258702543,10,knot_research.db
158,10_74,1,75,73,0.3293244791133732,10,knot_research.db
159,10_75,1,67,65,0.49735042810243435,10,knot_research.db
160,10_76,1,75,73,0.2679491924311221,10,knot_research.db
161,10_77,1,76,74,0.33224627343484064,10,knot_research.db
162,10_78,1,71,69,0.3790238298153989,10,knot_research.db
163,10_79,1,78,76,0.29716360262008784,10,knot_research.db
164,10_80,1,73,71,0.35509974429240443,10,knot_research.db
165,10_81,1,72,70,0.33107698639460464,10,knot_research.db
166,10_82,1,77,75,0.2668878614085088,10,knot_research.db
167,10_83,1,74,72,0.32625051575605796,10,knot_research.db
168,10_84,1,72,70,0.3187517104781139,10,knot_research.db
169,10_85,1,72,70,0.2381999810777922,10,knot_research.db
170,10_86,1,71,69,0.3423175219264163,10,knot_research.db
171,10_87,1,71,69,0.32366798234819044,10,knot_research.db
172,10_88,1,68,66,0.5469724310578161,10,knot_research.db
173,10_89,1,68,66,0.41301303372409776,10,knot_research.db
174,10_90,1,73,71,0.2250935694303113,10,knot_research.db
175,10_91,1,76,74,0.3262505157621378,10,knot_research.db
176,10_92,1,69,67,0.3790238298182898,10,knot_research.db
177,10_93,1,68,66,0.2916318163810291,10,knot_research.db
178,10_94,1,75,73,0.31805983935046345,10,knot_research.db
179,10_95,1,72,70,0.3996174512985256,10,knot_research.db
180,10_96,1,67,65,0.2679491924311221,10,knot_research.db
181,10_97,1,69,67,0.3287545784932146,10,knot_research.db
182,10_98,1,71,69,0.2679491924311224,10,knot_research.db
183,10_99,1,74,72,0.38219713649885184,10,knot_research.db
184,10_100,1,68,66,0.18241626179353304,10,knot_research.db
185,10_101,1,71,69,0.4090861697655712,10,knot_research.db
186,10_102,1,75,73,0.2680033830372439,10,knot_research.db
187,10_103,1,76,74,0.24893558984771622,10,knot_research.db
188,10_104,1,74,72,0.32625051576215675,10,knot_research.db
189,10_105,1,67,65,0.4791811652137759,10,knot_research.db
190,10_106,1,73,71,0.31875364918465793,10,knot_research.db
191,10_107,1,72,70,0.4222912007709973,10,knot_research.db
192,10_108,1,70,68,0.2486788053676186,10,knot_research.db
193,10_109,1,72,70,0.3791205387261798,10,knot_research.db
194,10_110,1,71,69,0.2755282115299786,10,knot_research.db
195,10_111,1,73,71,0.260237598871032,10,knot_research.db
196,10_112,1,71,69,0.32510449796546254,10,knot_research.db
197,10_113,1,66,64,0.5628417135237035,10,knot_research.db
198,10_114,1,71,69,0.357553146615357,10,knot_research.db
199,10_115,1,68,66,0.4384471871911692,10,knot_research.db
200,10_116,1,69,67,0.3347790821890076,10,knot_research.db
201,10_117,1,72,70,0.4333352482333,10,knot_research.db
202,10_118,1,72,70,0.34130928382988474,10,knot_research.db
203,10_119,1,67,65,0.33447520360299754,10,knot_research.db
204,10_120,1,65,63,0.43403338213556625,10,knot_research.db
205,10_121,1,68,66,0.4537048549069592,10,knot_research.db
206,10_122,1,67,65,0.44741716467871284,10,knot_research.db
207,10_123,1,64,62,0.7023428598590845,10,knot_research.db
208,10_124,1,71,70,0.08567323930911108,10,knot_research.db
209,10_125,1,72,71,0.013875321080442387,10,knot_research.db
210,10_126,1,72,71,0.21991042648087245,10,knot_research.db
211,10_127,1,71,70,0.23119726140390284,10,knot_research.db
212,10_128,1,73,72,0.07288059436074512,10,knot_research.db
213,10_129,1,72,71,0.11370050250560537,10,knot_research.db
214,10_130,1,68,67,0.011710337621838488,10,knot_research.db
215,10_131,1,73,72,0.13371751670183418,10,knot_research.db
216,10_132,1,72,71,0.017598121300444986,10,knot_research.db
217,10_133,1,69,68,0.0436973510117331,10,knot_research.db
218,10_134,1,69,68,0.14099106509104622,10,knot_research.db
219,10_135,1,70,69,0.26342259046022576,10,knot_research.db
220,10_136,1,73,72,0.05242293783786672,10,knot_research.db
221,10_137,1,71,70,0.07121244197483954,10,knot_research.db
222,10_138,1,69,68,0.14865546602715135,10,knot_research.db
223,10_139,1,71,70,0.20780280355564199,10,knot_research.db
224,10_140,1,70,69,0.01720406354658501,10,knot_research.db
225,10_141,1,71,70,0.05000273942382827,10,knot_research.db
226,10_142,1,73,72,0.05535556556422336,10,knot_research.db
227,10_143,1,70,69,0.16309236037317143,10,knot_research.db
228,10_144,1,73,72,0.26898014869380305,10,knot_research.db
229,10_145,1,68,67,0.05592631069970564,10,knot_research.db
230,10_146,1,68,67,0.1131882725414358,10,knot_research.db
231,10_147,1,65,64,0.1413268741987463,10,knot_research.db
232,10_148,1,72,71,0.14646965498552378,10,knot_research.db
233,10_149,1,69,68,0.3312609623479243,10,knot_research.db
234,10_150,1,69,68,0.0915542281738091,10,knot_research.db
235,10_151,1,70,69,0.3074022303899252,10,knot_research.db
236,10_152,1,65,63,0.27349264593501366,10,knot_research.db
237,10_153,1,70,68,0.011328297931719078,10,knot_research.db
238,10_154,1,67,65,0.07168434597331948,10,knot_research.db
239,10_155,1,73,72,0.08932837247402985,10,knot_research.db
240,10_156,1,70,69,0.1955299170834337,10,knot_research.db
241,10_157,1,61,60,0.40036570458445675,10,knot_research.db
242,10_158,1,65,64,0.22053167864898204,10,knot_research.db
243,10_159,1,72,71,0.2600252101448481,10,knot_research.db
244,10_160,1,69,68,0.06886853760112306,10,knot_research.db
245,10_161,1,65,64,0.24392521877750895,10,knot_research.db
246,10_162,1,69,68,0.2321373922427532,10,knot_research.db
247,10_163,1,72,71,0.3089565295181334,10,knot_research.db
248,10_164,1,66,65,0.383351206951213,10,knot_research.db
249,10_165,1,69,68,0.19070977642146342,10,knot_research.db
250,11a_1,1,84,82,0.3402050407118833,11,knot_research.db
251,11a_2,1,82,80,0.38644958974626265,11,knot_research.db
252,11a_3,1,88,86,0.2613925581823646,11,knot_research.db
253,11a_4,1,86,84,0.1919418771428043,11,knot_research.db
254,11a_5,1,82,80,0.3528673678107001,11,knot_research.db
255,11a_6,1,80,78,0.38339227524667985,11,knot_research.db
256,11a_7,1,90,88,0.2561616452304152,11,knot_research.db
257,11a_8,1,82,80,0.1869330732433272,11,knot_research.db
258,11a_9,1,86,84,0.20050060545367288,11,knot_research.db
259,11a_10,1,88,86,0.331001913884399,11,knot_research.db
260,11a_11,1,86,84,0.2926745595997755,11,knot_research.db
261,11a_12,1,88,86,0.2709313313622265,11,knot_research.db
262,11a_13,1,92,90,0.1752631526362108,11,knot_research.db
263,11a_14,1,84,82,0.30572289334262326,11,knot_research.db
264,11a_15,1,86,84,0.23109992888377037,11,knot_research.db
265,11a_16,1,88,86,0.3119623955006947,11,knot_research.db
266,11a_17,1,84,82,0.30025664535420044,11,knot_research.db
267,11a_18,1,84,82,0.2768134011770199,11,knot_research.db
268,11a_19,1,82,80,0.4264684607443561,11,knot_research.db
269,11a_20,1,88,86,0.24227546963591626,11,knot_research.db
270,11a_21,1,90,88,0.1667287041016677,11,knot_research.db
271,11a_22,1,86,84,0.2662443936401439,11,knot_research.db
272,11a_23,1,88,86,0.31919609563929313,11,knot_research.db
273,11a_24,1,82,80,0.3617467276412799,11,knot_research.db
274,11a_25,1,82,80,0.4223446312148739,11,knot_research.db
275,11a_26,1,82,80,0.3759748423425148,11,knot_research.db
276,11a_27,1,82,80,0.38490339107881083,11,knot_research.db
277,11a_28,1,88,86,0.2770699620602605,11,knot_research.db
278,11a_29,1,84,82,0.20231255337400827,11,knot_research.db
279,11a_30,1,82,80,0.37905494167920845,11,knot_research.db
280,11a_31,1,86,84,0.31311799085734593,11,knot_research.db
281,11a_32,1,82,80,0.3558817555639442,11,knot_research.db
282,11a_33,1,86,84,0.19441853269308498,11,knot_research.db
283,11a_34,1,88,86,0.24981096734258715,11,knot_research.db
284,11a_35,1,86,84,0.22901923047396117,11,knot_research.db
285,11a_36,1,84,82,0.25129316544713926,11,knot_research.db
286,11a_37,1,88,86,0.16207891291808674,11,knot_research.db
287,11a_38,1,88,86,0.32705579797550116,11,knot_research.db
288,11a_39,1,86,84,0.2170446319229347,11,knot_research.db
289,11a_40,1,88,86,0.25297557686453637,11,knot_research.db
290,11a_41,1,88,86,0.3191960956392624,11,knot_research.db
291,11a_42,1,86,84,0.3234177969553236,11,knot_research.db
292,11a_43,1,82,80,0.38644958982567296,11,knot_research.db
293,11a_44,1,88,86,0.23932751462641977,11,knot_research.db
294,11a_45,1,92,90,0.24986929147495318,11,knot_research.db
295,11a_46,1,86,84,0.32567233966988024,11,knot_research.db
296,11a_47,1,88,86,0.240151411885347,11,knot_research.db
297,11a_48,1,86,84,0.2715361154253827,11,knot_research.db
298,11a_49,1,88,86,0.30123760318598636,11,knot_research.db
299,11a_50,1,88,86,0.21729995561145637,11,knot_research.db
300,11a_51,1,84,82,0.27577574469240806,11,knot_research.db
301,11a_52,1,84,82,0.3225793090666505,11,knot_research.db
302,11a_53,1,88,86,0.24277382200343883,11,knot_research.db
303,11a_54,1,84,82,0.35694261272215433,11,knot_research.db
304,11a_55,1,92,90,0.1989538663952778,11,knot_research.db
305,11a_56,1,88,86,0.2546465574918181,11,knot_research.db
306,11a_57,1,86,84,0.2647578980472291,11,knot_research.db
307,11a_58,1,92,90,0.2466355916402224,11,knot_research.db
308,11a_59,1,90,88,0.13196801018794305,11,knot_research.db
309,11a_60,1,92,90,0.25240073325796464,11,knot_research.db
310,11a_61,1,84,82,0.21278530833999149,11,knot_research.db
311,11a_62,1,88,86,0.13971549264044109,11,knot_research.db
312,11a_63,1,90,88,0.18687384696600512,11,knot_research.db
313,11a_64,1,88,86,0.2679491924311231,11,knot_research.db
314,11a_65,1,92,90,0.18790712757389286,11,knot_research.db
315,11a_66,1,88,86,0.27163527755191186,11,knot_research.db
316,11a_67,1,82,80,0.34434289721609124,11,knot_research.db
317,11a_68,1,86,84,0.23560501926632058,11,knot_research.db
318,11a_69,1,84,82,0.33020773658734404,11,knot_research.db
319,11a_70,1,80,78,0.37287952411975495,11,knot_research.db
320,11a_71,1,80,78,0.485734028819866,11,knot_research.db
321,11a_72,1,84,82,0.3603701667516282,11,knot_research.db
322,11a_73,1,80,78,0.3480679874175614,11,knot_research.db
323,11a_74,1,82,80,0.26465962703026963,11,knot_research.db
324,11a_75,1,92,90,0.24907705459010235,11,knot_research.db
325,11a_76,1,84,82,0.3506451842175351,11,knot_research.db
326,11a_77,1,82,80,0.39279079989756593,11,knot_research.db
327,11a_78,1,84,82,0.3864495898272504,11,knot_research.db
328,11a_79,1,86,84,0.36227006637043263,11,knot_research.db
329,11a_80,1,86,84,0.3131179908564276,11,knot_research.db
330,11a_81,1,80,78,0.3090036834619532,11,knot_research.db
331,11a_82,1,88,86,0.24004502860272706,11,knot_research.db
332,11a_83,1,84,82,0.2662443936401103,11,knot_research.db
333,11a_84,1,88,86,0.2676742116938878,11,knot_research.db
334,11a_85,1,88,86,0.2857126169866679,11,knot_research.db
335,11a_86,1,88,86,0.18624305350221584,11,knot_research.db
336,11a_87,1,88,86,0.30923084700046055,11,knot_research.db
337,11a_88,1,90,88,0.25736429557778495,11,knot_research.db
338,11a_89,1,86,84,0.3845874680405736,11,knot_research.db
339,11a_90,1,88,86,0.2008614327669628,11,knot_research.db
340,11a_91,1,84,82,0.3787610123541071,11,knot_research.db
341,11a_92,1,90,88,0.2574587975214432,11,knot_research.db
342,11a_93,1,86,84,0.18835266104186965,11,knot_research.db
343,11a_94,1,88,86,0.2659048985096172,11,knot_research.db
344,11a_95,1,90,88,0.18623505290484615,11,knot_research.db
345,11a_96,1,84,82,0.3499490477310451,11,knot_research.db
346,11a_97,1,84,82,0.18402900214284762,11,knot_research.db
347,11a_98,1,94,92,0.2893718375804575,11,knot_research.db
348,11a_99,1,80,78,0.19342691667090237,11,knot_research.db
349,11a_100,1,80,78,0.3728795241246242,11,knot_research.db
350,11a_101,1,82,80,0.37887683441096764,11,knot_research.db
351,11a_102,1,90,88,0.27073374710308123,11,knot_research.db
352,11a_103,1,88,86,0.18392603336490113,11,knot_research.db
353,11a_104,1,84,82,0.2768134011770219,11,knot_research.db
354,11a_105,1,88,86,0.27093133136320213,11,knot_research.db
355,11a_106,1,90,88,0.2554038785974805,11,knot_research.db
356,11a_107,1,82,80,0.3305477103586282,11,knot_research.db
357,11a_108,1,86,84,0.1883526610418573,11,knot_research.db
358,11a_109,1,88,86,0.2685110774917247,11,knot_research.db
359,11a_110,1,90,88,0.3134641103652939,11,knot_research.db
360,11a_111,1,84,82,0.3052139699052843,11,knot_research.db
361,11a_112,1,88,86,0.2498109673426294,11,knot_research.db
362,11a_113,1,86,84,0.2529055941840806,11,knot_research.db
363,11a_114,1,82,80,0.3979165523188216,11,knot_research.db
364,11a_115,1,82,80,0.21817466107922953,11,knot_research.db
365,11a_116,1,86,84,0.29927727602315995,11,knot_research.db
366,11a_117,1,86,84,0.26983749577404115,11,knot_research.db
367,11a_118,1,92,90,0.2554008366131317,11,knot_research.db
368,11a_119,1,88,86,0.18609589523367084,11,knot_research.db
369,11a_120,1,86,84,0.2390300713960362,11,knot_research.db
370,11a_121,1,84,82,0.32152630969795853,11,knot_research.db
371,11a_122,1,88,86,0.3577690921479814,11,knot_research.db
372,11a_123,1,82,80,0.31299927878699885,11,knot_research.db
373,11a_124,1,80,78,0.4906955201815899,11,knot_research.db
374,11a_125,1,80,78,0.4570169057092606,11,knot_research.db
375,11a_126,1,84,82,0.27592001609772127,11,knot_research.db
376,11a_127,1,80,78,0.3765309765510636,11,knot_research.db
377,11a_128,1,82,80,0.3248148867230147,11,knot_research.db
378,11a_129,1,86,84,0.2928120238052244,11,knot_research.db
379,11a_130,1,88,86,0.31919609563931045,11,knot_research.db
380,11a_131,1,86,84,0.26215621653209437,11,knot_research.db
381,11a_132,1,86,84,0.38183866278609974,11,knot_research.db
382,11a_133,1,90,88,0.1897783233624349,11,knot_research.db
383,11a_134,1,86,84,0.2926745595998362,11,knot_research.db
384,11a_135,1,82,80,0.36111973124026836,11,knot_research.db
385,11a_136,1,80,78,0.3476736988131074,11,knot_research.db
386,11a_137,1,86,84,0.18255737842300163,11,knot_research.db
387,11a_138,1,82,80,0.33497724034218535,11,knot_research.db
388,11a_139,1,90,88,0.2520939018932959,11,knot_research.db
389,11a_140,1,84,82,0.16088851687008,11,knot_research.db
390,11a_141,1,86,84,0.24501521883048397,11,knot_research.db
391,11a_142,1,86,84,0.13919414688829623,11,knot_research.db
392,11a_143,1,92,90,0.19533972609843644,11,knot_research.db
393,11a_144,1,94,92,0.19806226419516068,11,knot_research.db
394,11a_145,1,88,86,0.22886797559526312,11,knot_research.db
395,11a_146,1,88,86,0.26851107749141234,11,knot_research.db
396,11a_147,1,82,80,0.2377536593746809,11,knot_research.db
397,11a_148,1,82,80,0.21564522045496692,11,knot_research.db
398,11a_149,1,86,84,0.32813046575182897,11,knot_research.db
399,11a_150,1,86,84,0.32152630969698237,11,knot_research.db
400,11a_151,1,88,86,0.22761900782390954,11,knot_research.db
401,11a_152,1,84,82,0.3052139699052031,11,knot_research.db
402,11a_153,1,86,84,0.22222752244622287,11,knot_research.db
403,11a_154,1,94,92,0.19768624908951718,11,knot_research.db
404,11a_155,1,80,78,0.34767369880541904,11,knot_research.db
405,11a_156,1,92,90,0.2574587975214545,11,knot_research.db
406,11a_157,1,86,84,0.2679491924311227,11,knot_research.db
407,11a_158,1,84,82,0.2190897575949431,11,knot_research.db
408,11a_159,1,86,84,0.2564914851468266,11,knot_research.db
409,11a_160,1,86,84,0.27340159774518913,11,knot_research.db
410,11a_161,1,86,84,0.15912790014979247,11,knot_research.db
411,11a_162,1,82,80,0.34179827392819084,11,knot_research.db
412,11a_163,1,84,82,0.26624439363941477,11,knot_research.db
413,11a_164,1,80,78,0.3813917109117846,11,knot_research.db
414,11a_165,1,90,88,0.1870071213970272,11,knot_research.db
415,11a_166,1,96,94,0.23052327283032656,11,knot_research.db
416,11a_167,1,88,86,0.2648129000050908,11,knot_research.db
417,11a_168,1,88,86,0.35273268381718337,11,knot_research.db
418,11a_169,1,82,80,0.3579190918688048,11,knot_research.db
419,11a_170,1,78,76,0.32367531097624325,11,knot_research.db
420,11a_171,1,80,78,0.5103813876368954,11,knot_research.db
421,11a_172,1,84,82,0.3967484386526651,11,knot_research.db
422,11a_173,1,84,82,0.26794919243112286,11,knot_research.db
423,11a_174,1,90,88,0.18861064391761165,11,knot_research.db
424,11a_175,1,88,86,0.271635277552912,11,knot_research.db
425,11a_176,1,88,86,0.25798976526990985,11,knot_research.db
426,11a_177,1,86,84,0.2356050192663075,11,knot_research.db
427,11a_178,1,88,86,0.357769092146144,11,knot_research.db
428,11a_179,1,86,84,0.20050060545388504,11,knot_research.db
429,11a_180,1,92,90,0.24907705459009188,11,knot_research.db
430,11a_181,1,88,86,0.3408819705341637,11,knot_research.db
431,11a_182,1,92,90,0.1752749062618105,11,knot_research.db
432,11a_183,1,88,86,0.3202534740231173,11,knot_research.db
433,11a_184,1,92,90,0.20646074107973791,11,knot_research.db
434,11a_185,1,82,80,0.3090036834645543,11,knot_research.db
435,11a_186,1,88,86,0.30123760318514503,11,knot_research.db
436,11a_187,1,88,86,0.3351582207140169,11,knot_research.db
437,11a_188,1,84,82,0.18402900214288515,11,knot_research.db
438,11a_189,1,82,80,0.397916552318725,11,knot_research.db
439,11a_190,1,90,88,0.171987967321588,11,knot_research.db
440,11a_191,1,92,90,0.24986929147496548,11,knot_research.db
441,11a_192,1,86,84,0.26778234124427597,11,knot_research.db
442,11a_193,1,90,88,0.2313801993724082,11,knot_research.db
443,11a_194,1,88,86,0.20999243190223635,11,knot_research.db
444,11a_195,1,88,86,0.16875062835448848,11,knot_research.db
445,11a_196,1,84,82,0.3721814248558346,11,knot_research.db
446,11a_197,1,84,82,0.36037016675162414,11,knot_research.db
447,11a_198,1,82,80,0.3443428972163904,11,knot_research.db
448,11a_199,1,86,84,0.18084430210156816,11,knot_research.db
449,11a_200,1,88,86,0.2368485375361417,11,knot_research.db
450,11a_201,1,94,92,0.289371837580511,11,knot_research.db
451,11a_202,1,88,86,0.24227546963599467,11,knot_research.db
452,11a_203,1,86,84,0.14335103635042754,11,knot_research.db
453,11a_204,1,88,86,0.23568020373152415,11,knot_research.db
454,11a_205,1,86,84,0.22222752244585717,11,knot_research.db
455,11a_206,1,90,88,0.12061475842818163,11,knot_research.db
456,11a_207,1,92,90,0.19533972609881853,11,knot_research.db
457,11a_208,1,88,86,0.24562586831898178,11,knot_research.db
458,11a_209,1,82,80,0.381391710904679,11,knot_research.db
459,11a_210,1,94,92,0.19768624908959015,11,knot_research.db
460,11a_211,1,92,90,0.18790712757388486,11,knot_research.db
461,11a_212,1,80,78,0.3833922752460482,11,knot_research.db
462,11a_213,1,82,80,0.27684036483576097,11,knot_research.db
463,11a_214,1,92,90,0.15957762417785026,11,knot_research.db
464,11a_215,1,80,78,0.2731573511923546,11,knot_research.db
465,11a_216,1,84,82,0.2768134011769793,11,knot_research.db
466,11a_217,1,84,82,0.27553277839505647,11,knot_research.db
467,11a_218,1,84,82,0.32152630969424906,11,knot_research.db
468,11a_219,1,88,86,0.22886797559520533,11,knot_research.db
469,11a_220,1,92,90,0.23898822868992872,11,knot_research.db
470,11a_221,1,94,92,0.20656870812475023,11,knot_research.db
471,11a_222,1,84,82,0.23500618697132242,11,knot_research.db
472,11a_223,1,82,80,0.1596904743724333,11,knot_research.db
473,11a_224,1,90,88,0.24814366362671347,11,knot_research.db
474,11a_225,1,86,84,0.12229068773086336,11,knot_research.db
475,11a_226,1,94,92,0.16647407877746143,11,knot_research.db
476,11a_227,1,84,82,0.3002566453542453,11,knot_research.db
477,11a_228,1,84,82,0.3281304657518838,11,knot_research.db
478,11a_229,1,90,88,0.17152874593195566,11,knot_research.db
479,11a_230,1,94,92,0.1708828929764111,11,knot_research.db
480,11a_231,1,86,84,0.26475789804698174,11,knot_research.db
481,11a_232,1,82,80,0.2442977922112528,11,knot_research.db
482,11a_233,1,82,80,0.4292164327759171,11,knot_research.db
483,11a_234,1,92,90,0.12061475842818206,11,knot_research.db
484,11a_235,1,94,92,0.20597054926023708,11,knot_research.db
485,11a_236,1,88,86,0.19806226419516018,11,knot_research.db
486,11a_237,1,86,84,0.3178062071368315,11,knot_research.db
487,11a_238,1,92,90,0.20752040085578807,11,knot_research.db
488,11a_239,1,76,74,0.5648819610735487,11,knot_research.db
489,11a_240,1,86,84,0.17290908471479746,11,knot_research.db
490,11a_241,1,90,88,0.2643120144450408,11,knot_research.db
491,11a_242,1,98,96,0.17188914441358097,11,knot_research.db
492,11a_243,1,90,88,0.20373323409489763,11,knot_research.db
493,11a_244,1,82,80,0.26794919243112253,11,knot_research.db
494,11a_245,1,92,90,0.24718844282496133,11,knot_research.db
495,11a_246,1,96,94,0.14873035081561908,11,knot_research.db
496,11a_247,1,88,86,0.10614871950820877,11,knot_research.db
497,11a_248,1,82,80,0.3719949068121984,11,knot_research.db
498,11a_249,1,86,84,0.24087499827870074,11,knot_research.db
499,11a_250,1,78,76,0.3573199214986314,11,knot_research.db
500,11a_251,1,88,86,0.35824377685442776,11,knot_research.db
501,11a_252,1,82,80,0.35900585984649375,11,knot_research.db
502,11a_253,1,88,86,0.35824377685468495,11,knot_research.db
503,11a_254,1,82,80,0.35900585983909683,11,knot_research.db
504,11a_255,1,88,86,0.3302077365834313,11,knot_research.db
505,11a_256,1,82,80,0.29748302604005245,11,knot_research.db
506,11a_257,1,92,90,0.264889340412442,11,knot_research.db
507,11a_258,1,82,80,0.22844036516049132,11,knot_research.db
508,11a_259,1,80,78,0.1885170198037503,11,knot_research.db
509,11a_260,1,94,92,0.1956627107869917,11,knot_research.db
510,11a_261,1,82,80,0.2383630654616872,11,knot_research.db
511,11a_262,1,90,88,0.2832085146906633,11,knot_research.db
512,11a_263,1,78,76,0.2087121525220794,11,knot_research.db
513,11a_264,1,88,86,0.29229624132253096,11,knot_research.db
514,11a_265,1,86,84,0.24351996762674605,11,knot_research.db
515,11a_266,1,76,74,0.4551680761751296,11,knot_research.db
516,11a_267,1,80,78,0.3927907998974886,11,knot_research.db
517,11a_268,1,82,80,0.29821148445141576,11,knot_research.db
518,11a_269,1,80,78,0.25285940245884747,11,knot_research.db
519,11a_270,1,88,86,0.32909197033971554,11,knot_research.db
520,11a_271,1,82,80,0.3845874679467769,11,knot_research.db
521,11a_272,1,84,82,0.33020773658136227,11,knot_research.db
522,11a_273,1,82,80,0.3813917109117384,11,knot_research.db
523,11a_274,1,82,80,0.397916552318883,11,knot_research.db
524,11a_275,1,86,84,0.2756195089813109,11,knot_research.db
525,11a_276,1,82,80,0.3459113702665568,11,knot_research.db
526,11a_277,1,88,86,0.2576994526511527,11,knot_research.db
527,11a_278,1,80,78,0.18564430891272754,11,knot_research.db
528,11a_279,1,78,76,0.35731992149864145,11,knot_research.db
529,11a_280,1,90,88,0.3288715674088321,11,knot_research.db
530,11a_281,1,76,74,0.23132796046161644,11,knot_research.db
531,11a_282,1,84,82,0.2597150062865479,11,knot_research.db
532,11a_283,1,86,84,0.35064518421674307,11,knot_research.db
533,11a_284,1,82,80,0.35197666052933535,11,knot_research.db
534,11a_285,1,84,82,0.3459113702521435,11,knot_research.db
535,11a_286,1,80,78,0.2970102979642064,11,knot_research.db
536,11a_287,1,80,78,0.3813917109088247,11,knot_research.db
537,11a_288,1,76,74,0.5648819610735529,11,knot_research.db
538,11a_289,1,86,84,0.273401597745256,11,knot_research.db
539,11a_290,1,80,78,0.3778017143803226,11,knot_research.db
540,11a_291,1,90,88,0.2670721993472647,11,knot_research.db
541,11a_292,1,80,78,0.34191003733170067,11,knot_research.db
542,11a_293,1,82,80,0.13919414688829615,11,knot_research.db
543,11a_294,1,86,84,0.19520262018438203,11,knot_research.db
544,11a_295,1,90,88,0.2670218431889061,11,knot_research.db
545,11a_296,1,84,82,0.3181351116780594,11,knot_research.db
546,11a_297,1,80,78,0.38139171091173196,11,knot_research.db
547,11a_298,1,88,86,0.3302077365870303,11,knot_research.db
548,11a_299,1,88,86,0.2827651210596867,11,knot_research.db
549,11a_300,1,86,84,0.2734015977451265,11,knot_research.db
550,11a_301,1,80,78,0.3434335549828037,11,knot_research.db
551,11a_302,1,76,74,0.29507397691630016,11,knot_research.db
552,11a_303,1,78,76,0.21806988140874942,11,knot_research.db
553,11a_304,1,88,86,0.3084794465203413,11,knot_research.db
554,11a_305,1,82,80,0.29609121626197443,11,knot_research.db
555,11a_306,1,84,82,0.23500618697226594,11,knot_research.db
556,11a_307,1,94,92,0.20146613171441224,11,knot_research.db
557,11a_308,1,82,80,0.13104917014512707,11,knot_research.db
558,11a_309,1,92,90,0.19994026589119604,11,knot_research.db
559,11a_310,1,96,94,0.19531916825456744,11,knot_research.db
560,11a_311,1,90,88,0.3071982078869009,11,knot_research.db
561,11a_312,1,88,86,0.3310019138866128,11,knot_research.db
562,11a_313,1,84,82,0.2936292400823584,11,knot_research.db
563,11a_314,1,82,80,0.3459113702636035,11,knot_research.db
564,11a_315,1,84,82,0.3051792466018053,11,knot_research.db
565,11a_316,1,88,86,0.27898329539376815,11,knot_research.db
566,11a_317,1,82,80,0.3590058598275951,11,knot_research.db
567,11a_318,1,84,82,0.28552125561223546,11,knot_research.db
568,11a_319,1,88,86,0.2721874560456395,11,knot_research.db
569,11a_320,1,86,84,0.3266745413013295,11,knot_research.db
570,11a_321,1,88,86,0.22833088417469388,11,knot_research.db
571,11a_322,1,84,82,0.34591137026949065,11,knot_research.db
572,11a_323,1,82,80,0.17558278036750105,11,knot_research.db
573,11a_324,1,88,86,0.31597966263788535,11,knot_research.db
574,11a_325,1,92,90,0.2760109779910766,11,knot_research.db
575,11a_326,1,84,82,0.32695943307112746,11,knot_research.db
576,11a_327,1,80,78,0.583849765899487,11,knot_research.db
577,11a_328,1,86,84,0.3550440121947517,11,knot_research.db
578,11a_329,1,78,76,0.3444974262790024,11,knot_research.db
579,11a_330,1,80,78,0.18265008246583758,11,knot_research.db
580,11a_331,1,88,86,0.2782767035540898,11,knot_research.db
581,11a_332,1,80,78,0.3969921776593844,11,knot_research.db
582,11a_333,1,84,82,0.30180987212298654,11,knot_research.db
583,11a_334,1,88,86,0.12061475842818302,11,knot_research.db
584,11a_335,1,94,92,0.19806226419516168,11,knot_research.db
585,11a_336,1,96,94,0.16835733483508736,11,knot_research.db
586,11a_337,1,86,84,0.2785840970849841,11,knot_research.db
587,11a_338,1,82,80,0.13919414688829537,11,knot_research.db
588,11a_339,1,96,94,0.17789976712623917,11,knot_research.db
589,11a_340,1,92,90,0.20434958123399524,11,knot_research.db
590,11a_341,1,92,90,0.2376936773009097,11,knot_research.db
591,11a_342,1,98,96,0.12515348036315155,11,knot_research.db
592,11a_343,1,84,82,0.16093898761321787,11,knot_research.db
593,11a_344,1,88,86,0.330207736587017,11,knot_research.db
594,11a_345,1,90,88,0.2956792084747353,11,knot_research.db
595,11a_346,1,78,76,0.17833622845083688,11,knot_research.db
596,11a_347,1,88,86,0.26794919243112253,11,knot_research.db
597,11a_348,1,82,80,0.36658526448926043,11,knot_research.db
598,11a_349,1,84,82,0.32909197033954973,11,knot_research.db
599,11a_350,1,80,78,0.3927907998976194,11,knot_research.db
600,11a_351,1,82,80,0.3719949067275376,11,knot_research.db
601,11a_352,1,82,80,0.32274213283233155,11,knot_research.db
602,11a_353,1,88,86,0.22999113193418083,11,knot_research.db
603,11a_354,1,86,84,0.32134708715380594,11,knot_research.db
604,11a_355,1,90,88,0.12061475842818296,11,knot_research.db
605,11a_356,1,92,90,0.16046537944676942,11,knot_research.db
606,11a_357,1,90,88,0.24751042642057486,11,knot_research.db
607,11a_358,1,100,98,0.12321500519103545,11,knot_research.db
608,11a_359,1,94,92,0.1925115984197845,11,knot_research.db
609,11a_360,1,94,92,0.1932021215554549,11,knot_research.db
610,11a_361,1,90,88,0.28901627395525875,11,knot_research.db
611,11a_362,1,80,78,0.18067770133598837,11,knot_research.db
612,11a_363,1,80,78,0.1736726927205112,11,knot_research.db
613,11a_364,1,94,92,0.09770488426384168,11,knot_research.db
614,11a_365,1,96,94,0.16267673378836658,11,knot_research.db
615,11a_366,1,86,84,0.2832612050652406,11,knot_research.db
616,11a_367,1,80,78,0.08101405277100412,11,knot_research.db
617,11n_1,1,82,81,0.026553543925087863,11,knot_research.db
618,11n_2,1,84,83,0.15467196793819513,11,knot_research.db
619,11n_3,1,84,83,0.15774062602264532,11,knot_research.db
620,11n_4,1,82,81,0.08038900878370647,11,knot_research.db
621,11n_5,1,80,79,0.3268338122729195,11,knot_research.db
622,11n_6,1,80,78,0.03308176319847569,11,knot_research.db
623,11n_7,1,82,81,0.1780958662744848,11,knot_research.db
624,11n_8,1,82,81,0.1124695684252591,11,knot_research.db
625,11n_9,1,80,78,0.052224083360249814,11,knot_research.db
626,11n_10,1,84,83,0.2888077460204061,11,knot_research.db
627,11n_11,1,82,81,0.21311094363016536,11,knot_research.db
628,11n_12,1,88,87,0.03325978907069601,11,knot_research.db
629,11n_13,1,82,81,0.018991437100940554,11,knot_research.db
630,11n_14,1,86,85,0.23870816618929616,11,knot_research.db
631,11n_15,1,84,83,0.18006330506721302,11,knot_research.db
632,11n_16,1,86,85,0.10058658896253796,11,knot_research.db
633,11n_17,1,84,83,0.1528269910325498,11,knot_research.db
634,11n_18,1,84,83,0.05520913429860936,11,knot_research.db
635,11n_19,1,88,87,0.014860256559869,11,knot_research.db
636,11n_20,1,86,85,0.039764763473323785,11,knot_research.db
637,11n_21,1,84,83,0.09489490936115312,11,knot_research.db
638,11n_22,1,84,83,0.13990138797998936,11,knot_research.db
639,11n_23,1,82,81,0.02458503824063482,11,knot_research.db
640,11n_24,1,88,87,0.037018313568470414,11,knot_research.db
641,11n_25,1,86,85,0.19225743430123549,11,knot_research.db
642,11n_26,1,86,85,0.03083705605073561,11,knot_research.db
643,11n_27,1,80,79,0.010242837528918088,11,knot_research.db
644,11n_28,1,84,83,0.018055090609871358,11,knot_research.db
645,11n_29,1,84,83,0.24180571730287764,11,knot_research.db
646,11n_30,1,84,83,0.16625500794820056,11,knot_research.db
647,11n_31,1,82,80,0.027090306527210777,11,knot_research.db
648,11n_32,1,82,81,0.31973850120815994,11,knot_research.db
649,11n_33,1,84,83,0.17149175079860254,11,knot_research.db
650,11n_34,1,80,78,0.03339259472334404,11,knot_research.db
651,11n_35,1,80,79,0.32568994402840057,11,knot_research.db
652,11n_36,1,82,81,0.16893745679326158,11,knot_research.db
653,11n_37,1,84,83,0.03254002198450161,11,knot_research.db
654,11n_38,1,86,85,0.00881635136398733,11,knot_research.db
655,11n_39,1,80,78,0.05427291390821311,11,knot_research.db
656,11n_40,1,82,81,0.12404013605390765,11,knot_research.db
657,11n_41,1,80,79,0.04345738313708717,11,knot_research.db
658,11n_42,1,80,78,0.035486839871611095,11,knot_research.db
659,11n_43,1,80,79,0.31445257538548704,11,knot_research.db
660,11n_44,1,82,81,0.16357930346884775,11,knot_research.db
661,11n_45,1,80,78,0.03569594999326689,11,knot_research.db
662,11n_46,1,82,81,0.12267144531275913,11,knot_research.db
663,11n_47,1,80,79,0.0440337534371553,11,knot_research.db
664,11n_48,1,84,83,0.04981723458280214,11,knot_research.db
665,11n_49,1,82,81,0.0389322582722805,11,knot_research.db
666,11n_50,1,80,79,0.017409261538485352,11,knot_research.db
667,11n_51,1,82,81,0.023969436955176362,11,knot_research.db
668,11n_52,1,82,81,0.22719629783474393,11,knot_research.db
669,11n_53,1,82,81,0.1448328755689451,11,knot_research.db
670,11n_54,1,82,81,0.05864467226046241,11,knot_research.db
671,11n_55,1,82,81,0.13026456275642528,11,knot_research.db
672,11n_56,1,80,79,0.04556908869094129,11,knot_research.db
673,11n_57,1,84,83,0.021176013879079997,11,knot_research.db
674,11n_58,1,82,81,0.03715301943499804,11,knot_research.db
675,11n_59,1,84,83,0.16814905373031575,11,knot_research.db
676,11n_60,1,84,83,0.042604197856906896,11,knot_research.db
677,11n_61,1,84,83,0.024514000260605573,11,knot_research.db
678,11n_62,1,86,85,0.126743575743292,11,knot_research.db
679,11n_63,1,88,87,0.12274999618609339,11,knot_research.db
680,11n_64,1,82,81,0.012360050089282508,11,knot_research.db
681,11n_65,1,82,81,0.006449524547541178,11,knot_research.db
682,11n_66,1,86,85,0.3351582207139695,11,knot_research.db
683,11n_67,1,82,80,0.015368001066872564,11,knot_research.db
684,11n_68,1,84,83,0.3081567595124064,11,knot_research.db
685,11n_69,1,84,83,0.10828332084952612,11,knot_research.db
686,11n_70,1,82,81,0.0067870413953838304,11,knot_research.db
687,11n_71,1,82,81,0.08798541577034769,11,knot_research.db
688,11n_72,1,80,79,0.3145222329917714,11,knot_research.db
689,11n_73,1,80,78,0.012576786077907017,11,knot_research.db
690,11n_74,1,80,78,0.027967653341892957,11,knot_research.db
691,11n_75,1,82,81,0.08810325852562251,11,knot_research.db
692,11n_76,1,82,81,0.023127329663603407,11,knot_research.db
693,11n_77,1,80,78,0.12533758173212298,11,knot_research.db
694,11n_78,1,82,81,0.023105506602567813,11,knot_research.db
695,11n_79,1,88,87,0.008750022251890144,11,knot_research.db
696,11n_80,1,80,78,0.02442641980022383,11,knot_research.db
697,11n_81,1,80,79,0.004446261831160994,11,knot_research.db
698,11n_82,1,84,83,0.00920242924179437,11,knot_research.db
699,11n_83,1,82,81,0.1460724074356783,11,knot_research.db
700,11n_84,1,80,79,0.06866737813785552,11,knot_research.db
701,11n_85,1,76,75,0.18150917578809134,11,knot_research.db
702,11n_86,1,80,79,0.06614975577176987,11,knot_research.db
703,11n_87,1,84,83,0.12502723240948654,11,knot_research.db
704,11n_88,1,84,83,0.05369895082868692,11,knot_research.db
705,11n_89,1,90,89,0.24943880713430797,11,knot_research.db
706,11n_90,1,84,83,0.14346674630470524,11,knot_research.db
707,11n_91,1,84,83,0.05602975921654919,11,knot_research.db
708,11n_92,1,84,83,0.008386933547321332,11,knot_research.db
709,11n_93,1,78,77,0.24323999354377507,11,knot_research.db
710,11n_94,1,82,81,0.09483851321073825,11,knot_research.db
711,11n_95,1,76,76,0.2531844804766739,11,knot_research.db
712,11n_96,1,80,79,0.012839957194901861,11,knot_research.db
713,11n_97,1,82,80,0.018949191151600195,11,knot_research.db
714,11n_98,1,82,81,0.2697305598867738,11,knot_research.db
715,11n_99,1,86,85,0.08800168738548536,11,knot_research.db
716,11n_100,1,92,91,0.2400000216147347,11,knot_research.db
717,11n_101,1,92,91,0.11973151729342472,11,knot_research.db
718,11n_102,1,86,85,0.03106326086708222,11,knot_research.db
719,11n_103,1,84,83,0.2129463780845439,11,knot_research.db
720,11n_104,1,84,83,0.06474263047056969,11,knot_research.db
721,11n_105,1,86,85,0.2996773212185211,11,knot_research.db
722,11n_106,1,84,83,0.0260236808870546,11,knot_research.db
723,11n_107,1,84,83,0.02464526002248615,11,knot_research.db
724,11n_108,1,86,85,0.20564764876502983,11,knot_research.db
725,11n_109,1,82,81,0.23860942710385913,11,knot_research.db
726,11n_110,1,90,89,0.09777209960560367,11,knot_research.db
727,11n_111,1,84,83,0.04869385236923043,11,knot_research.db
728,11n_112,1,82,81,0.21354113742365743,11,knot_research.db
729,11n_113,1,78,77,0.08460035880495262,11,knot_research.db
730,11n_114,1,84,83,0.20574926584373612,11,knot_research.db
731,11n_115,1,86,85,0.31840736188484936,11,knot_research.db
732,11n_116,1,78,77,0.00818506313617462,11,knot_research.db
733,11n_117,1,84,83,0.07253094879346772,11,knot_research.db
734,11n_118,1,78,78,0.18412167524566314,11,knot_research.db
735,11n_119,1,80,79,0.202738110032684,11,knot_research.db
736,11n_120,1,80,79,0.06751800958458846,11,knot_research.db
737,11n_121,1,80,79,0.14747395604535646,11,knot_research.db
738,11n_122,1,82,81,0.01809630346356765,11,knot_research.db
739,11n_123,1,82,81,0.19607806116933266,11,knot_research.db
740,11n_124,1,76,75,0.22540771640340385,11,knot_research.db
741,11n_125,1,86,85,0.27545122278747414,11,knot_research.db
742,11n_126,1,80,79,0.06050193488792425,11,knot_research.db
743,11n_127,1,80,79,0.19977616726491546,11,knot_research.db
744,11n_128,1,80,79,0.07339740499103786,11,knot_research.db
745,11n_129,1,82,81,0.23426966057948712,11,knot_research.db
746,11n_130,1,80,79,0.15773670318553984,11,knot_research.db
747,11n_131,1,86,85,0.2854944554041467,11,knot_research.db
748,11n_132,1,82,81,0.01025019889123117,11,knot_research.db
749,11n_133,1,80,79,0.06684680399027132,11,knot_research.db
750,11n_134,1,84,83,0.10115023961548092,11,knot_research.db
751,11n_135,1,78,77,0.015042934925717231,11,knot_research.db
752,11n_136,1,80,79,0.2614781730827238,11,knot_research.db
753,11n_137,1,90,89,0.20376915721423242,11,knot_research.db
754,11n_138,1,82,81,0.006203961640214745,11,knot_research.db
755,11n_139,1,84,83,0.009572514601253123,11,knot_research.db
756,11n_140,1,86,85,0.26187815983179935,11,knot_research.db
757,11n_141,1,88,87,0.07559489131501351,11,knot_research.db
758,11n_142,1,82,81,0.07942682403618333,11,knot_research.db
759,11n_143,1,78,77,0.011406329176099494,11,knot_research.db
760,11n_144,1,80,79,0.24087652403136345,11,knot_research.db
761,11n_145,1,78,77,0.025560893592182055,11,knot_research.db
762,11n_146,1,82,81,0.1358303831343746,11,knot_research.db
763,11n_147,1,80,79,0.037252061545103195,11,knot_research.db
764,11n_148,1,80,79,0.12584923929638814,11,knot_research.db
765,11n_149,1,80,79,0.040272706775870706,11,knot_research.db
766,11n_150,1,88,87,0.32957498803330737,11,knot_research.db
767,11n_151,1,80,78,0.046288543881429514,11,knot_research.db
768,11n_152,1,80,78,0.04556716546025672,11,knot_research.db
769,11n_153,1,84,83,0.15559859921859645,11,knot_research.db
770,11n_154,1,86,85,0.34104612309072657,11,knot_research.db
771,11n_155,1,84,83,0.10678512393027889,11,knot_research.db
772,11n_156,1,76,75,0.2685631639215701,11,knot_research.db
773,11n_157,1,76,75,0.3172753919662805,11,knot_research.db
774,11n_158,1,84,83,0.07102604382422556,11,knot_research.db
775,11n_159,1,86,85,0.19321508998346837,11,knot_research.db
776,11n_160,1,78,77,0.3301484632974294,11,knot_research.db
777,11n_161,1,84,83,0.24747934903639676,11,knot_research.db
778,11n_162,1,76,75,0.14637057057650227,11,knot_research.db
779,11n_163,1,74,73,0.4059947175416183,11,knot_research.db
780,11n_164,1,78,77,0.17187188496040895,11,knot_research.db
781,11n_165,1,80,79,0.29174543909332007,11,knot_research.db
782,11n_166,1,82,81,0.13249340937744705,11,knot_research.db
783,11n_167,1,82,81,0.22639686959962912,11,knot_research.db
784,11n_168,1,82,81,0.24520644450634035,11,knot_research.db
785,11n_169,1,86,85,0.1715028077259432,11,knot_research.db
786,11n_170,1,82,81,0.34893746634146394,11,knot_research.db
787,11n_171,1,76,75,0.3216448918736926,11,knot_research.db
788,11n_172,1,80,79,0.03501192193594374,11,knot_research.db
789,11n_173,1,80,79,0.01986411030540437,11,knot_research.db
790,11n_174,1,80,79,0.31453274984310975,11,knot_research.db
791,11n_175,1,80,79,0.27996218460610867,11,knot_research.db
792,11n_176,1,80,79,0.13426951621614866,11,knot_research.db
793,11n_177,1,80,79,0.16601968421407898,11,knot_research.db
794,11n_178,1,78,77,0.12524804934866765,11,knot_research.db
795,11n_179,1,74,73,0.25371118292803835,11,knot_research.db
796,11n_180,1,82,81,0.21588877094205433,11,knot_research.db
797,11n_181,1,80,79,0.28508344684892784,11,knot_research.db
798,11n_182,1,80,79,0.29159216119542025,11,knot_research.db
799,11n_183,1,76,75,0.07493026990195484,11,knot_research.db
800,11n_184,1,80,79,0.13653306297540835,11,knot_research.db
801,11n_185,1,80,79,0.36746055505440295,11,knot_research.db
802,12a_1,1,95,93,0.2971533027703758,12,knot_research.db
803,12a_2,1,96,94,0.3161897068477508,12,knot_research.db
804,12a_3,1,102,100,0.2750347523813099,12,knot_research.db
805,12a_4,1,98,96,0.2862624039454621,12,knot_research.db
806,12a_5,1,98,96,0.29824343975947903,12,knot_research.db
807,12a_6,1,95,93,0.2971533027704174,12,knot_research.db
808,12a_7,1,98,96,0.40248563319928854,12,knot_research.db
809,12a_8,1,102,100,0.29101335562453046,12,knot_research.db
810,12a_9,1,102,100,0.17908449780843774,12,knot_research.db
811,12a_10,1,98,96,0.2744706018473052,12,knot_research.db
812,12a_11,1,103,101,0.22177033794160675,12,knot_research.db
813,12a_12,1,99,97,0.2626390182435716,12,knot_research.db
814,12a_13,1,91,89,0.3728586530110232,12,knot_research.db
815,12a_14,1,98,96,0.39148046107364215,12,knot_research.db
816,12a_15,1,91,89,0.38581959515039144,12,knot_research.db
817,12a_16,1,100,98,0.26267945484709954,12,knot_research.db
818,12a_17,1,93,91,0.27460952969095004,12,knot_research.db
819,12a_18,1,96,94,0.31618970684768216,12,knot_research.db
820,12a_19,1,102,100,0.27515841184327344,12,knot_research.db
821,12a_20,1,99,97,0.31058609018091227,12,knot_research.db
822,12a_21,1,98,96,0.29275591978492743,12,knot_research.db
823,12a_22,1,98,96,0.2446438419157124,12,knot_research.db
824,12a_23,1,100,98,0.2637234659809272,12,knot_research.db
825,12a_24,1,96,94,0.237344505188306,12,knot_research.db
826,12a_25,1,98,96,0.29717405437398825,12,knot_research.db
827,12a_26,1,105,103,0.18061066688279065,12,knot_research.db
828,12a_27,1,97,95,0.2617266842978549,12,knot_research.db
829,12a_28,1,98,96,0.29717405437399674,12,knot_research.db
830,12a_29,1,98,96,0.2583671638053735,12,knot_research.db
831,12a_30,1,99,97,0.34704314630980193,12,knot_research.db
832,12a_31,1,106,104,0.20136913734142955,12,knot_research.db
833,12a_32,1,103,101,0.21510161765514768,12,knot_research.db
834,12a_33,1,99,97,0.32728156591103746,12,knot_research.db
835,12a_34,1,102,100,0.1947768858443979,12,knot_research.db
836,12a_35,1,100,98,0.2786983047557327,12,knot_research.db
837,12a_36,1,96,94,0.26369256556793463,12,knot_research.db
838,12a_37,1,106,104,0.2359667058223203,12,knot_research.db
839,12a_38,1,108,106,0.14792174953788986,12,knot_research.db
840,12a_39,1,99,97,0.23804185108351691,12,knot_research.db
841,12a_40,1,98,96,0.30181332003536787,12,knot_research.db
842,12a_41,1,99,97,0.2330988822740842,12,knot_research.db
843,12a_42,1,105,103,0.21656877790935644,12,knot_research.db
844,12a_43,1,98,96,0.3181979142035174,12,knot_research.db
845,12a_44,1,98,96,0.3181979142035127,12,knot_research.db
846,12a_45,1,101,99,0.22665755123711637,12,knot_research.db
847,12a_46,1,101,99,0.2085486602254284,12,knot_research.db
848,12a_47,1,98,96,0.26384141579871867,12,knot_research.db
849,12a_48,1,94,92,0.36511936883814095,12,knot_research.db
850,12a_49,1,95,93,0.2645446466105502,12,knot_research.db
851,12a_50,1,105,103,0.1668785255845588,12,knot_research.db
852,12a_51,1,99,97,0.2032424591737996,12,knot_research.db
853,12a_52,1,104,102,0.19723499540099945,12,knot_research.db
854,12a_53,1,102,100,0.2767411884345989,12,knot_research.db
855,12a_54,1,99,97,0.19445942694634727,12,knot_research.db
856,12a_55,1,104,102,0.21732736036684966,12,knot_research.db
857,12a_56,1,106,104,0.14664701026255053,12,knot_research.db
858,12a_57,1,99,97,0.27770904931119966,12,knot_research.db
859,12a_58,1,98,96,0.4021301830901467,12,knot_research.db
860,12a_59,1,94,92,0.4078122454834099,12,knot_research.db
861,12a_60,1,94,92,0.3914804610735831,12,knot_research.db
862,12a_61,1,99,97,0.3272815659294134,12,knot_research.db
863,12a_62,1,105,103,0.2165687779093609,12,knot_research.db
864,12a_63,1,94,92,0.39148046107358037,12,knot_research.db
865,12a_64,1,98,96,0.3181979142032601,12,knot_research.db
866,12a_65,1,101,99,0.22665755123708647,12,knot_research.db
867,12a_66,1,95,93,0.26454464657310994,12,knot_research.db
868,12a_67,1,99,97,0.34704314630977773,12,knot_research.db
869,12a_68,1,99,97,0.25154076665774455,12,knot_research.db
870,12a_69,1,98,96,0.3064330309018261,12,knot_research.db
871,12a_70,1,95,93,0.21854371485041568,12,knot_research.db
872,12a_71,1,99,97,0.3087287677733501,12,knot_research.db
873,12a_72,1,99,97,0.2708261560208664,12,knot_research.db
874,12a_73,1,98,96,0.30643303069625133,12,knot_research.db
875,12a_74,1,94,92,0.2763232080160668,12,knot_research.db
876,12a_75,1,102,100,0.3290674997010438,12,knot_research.db
877,12a_76,1,100,98,0.20972286213630043,12,knot_research.db
878,12a_77,1,98,96,0.2744706018440518,12,knot_research.db
879,12a_78,1,103,101,0.19629432371024808,12,knot_research.db
880,12a_79,1,95,93,0.2971533027596219,12,knot_research.db
881,12a_80,1,103,101,0.3070620482776756,12,knot_research.db
882,12a_81,1,101,99,0.22886447699490112,12,knot_research.db
883,12a_82,1,98,96,0.30900761901692303,12,knot_research.db
884,12a_83,1,98,96,0.25572144314411266,12,knot_research.db
885,12a_84,1,97,95,0.16237202188674668,12,knot_research.db
886,12a_85,1,105,103,0.16254712333611573,12,knot_research.db
887,12a_86,1,103,101,0.23487769695428112,12,knot_research.db
888,12a_87,1,99,97,0.20739963322630744,12,knot_research.db
889,12a_88,1,92,90,0.3695824270107705,12,knot_research.db
890,12a_89,1,101,99,0.2698220105472932,12,knot_research.db
891,12a_90,1,98,96,0.3006443435172211,12,knot_research.db
892,12a_91,1,95,93,0.36245934239281097,12,knot_research.db
893,12a_92,1,99,97,0.21785656202765907,12,knot_research.db
894,12a_93,1,102,100,0.18526070462076757,12,knot_research.db
895,12a_94,1,106,104,0.27073418396368715,12,knot_research.db
896,12a_95,1,97,95,0.3198495754138257,12,knot_research.db
897,12a_96,1,110,108,0.19283131641129794,12,knot_research.db
898,12a_97,1,100,98,0.2125817448737864,12,knot_research.db
899,12a_98,1,97,95,0.260470591423346,12,knot_research.db
900,12a_99,1,98,96,0.38887009278781903,12,knot_research.db
901,12a_100,1,97,95,0.2091505039476434,12,knot_research.db
902,12a_101,1,97,95,0.23112004652823337,12,knot_research.db
903,12a_102,1,98,96,0.35652897842889353,12,knot_research.db
904,12a_103,1,98,96,0.3120387335546268,12,knot_research.db
905,12a_104,1,99,97,0.24142003118818864,12,knot_research.db
906,12a_105,1,100,98,0.23594002588267526,12,knot_research.db
907,12a_106,1,104,102,0.27515841184331985,12,knot_research.db
908,12a_107,1,98,96,0.35652897848483567,12,knot_research.db
909,12a_108,1,98,96,0.388870092783498,12,knot_research.db
910,12a_109,1,105,103,0.20037871230672194,12,knot_research.db
911,12a_110,1,102,100,0.30888014164650934,12,knot_research.db
912,12a_111,1,95,93,0.3578957282139637,12,knot_research.db
913,12a_112,1,103,101,0.2348776969556446,12,knot_research.db
914,12a_113,1,98,96,0.2643901844137651,12,knot_research.db
915,12a_114,1,98,96,0.2730625920622578,12,knot_research.db
916,12a_115,1,97,95,0.23112004652823465,12,knot_research.db
917,12a_116,1,101,99,0.22665755123581474,12,knot_research.db
918,12a_117,1,98,96,0.2730625920622577,12,knot_research.db
919,12a_118,1,103,101,0.28453178424633274,12,knot_research.db
920,12a_119,1,95,93,0.3867503366246407,12,knot_research.db
921,12a_120,1,98,96,0.37808987403333305,12,knot_research.db
922,12a_121,1,105,103,0.24869713724431838,12,knot_research.db
923,12a_122,1,101,99,0.22811286456419957,12,knot_research.db
924,12a_123,1,98,96,0.20959974573226722,12,knot_research.db
925,12a_124,1,104,102,0.2648769578667855,12,knot_research.db
926,12a_125,1,98,96,0.2876843506494686,12,knot_research.db
927,12a_126,1,98,96,0.3582757914366917,12,knot_research.db
928,12a_127,1,104,102,0.21796400671765975,12,knot_research.db
929,12a_128,1,104,102,0.14838829898389544,12,knot_research.db
930,12a_129,1,103,101,0.23551817547484333,12,knot_research.db
931,12a_130,1,101,99,0.26461928620509767,12,knot_research.db
932,12a_131,1,95,93,0.3220452352552099,12,knot_research.db
933,12a_132,1,98,96,0.35827579143965926,12,knot_research.db
934,12a_133,1,95,93,0.3220452352539568,12,knot_research.db
935,12a_134,1,97,95,0.3085489892725987,12,knot_research.db
936,12a_135,1,101,99,0.2513076078924134,12,knot_research.db
937,12a_136,1,99,97,0.32728156590752727,12,knot_research.db
938,12a_137,1,97,95,0.32970591400946375,12,knot_research.db
939,12a_138,1,97,95,0.316675409680567,12,knot_research.db
940,12a_139,1,94,92,0.36420320070193063,12,knot_research.db
941,12a_140,1,101,99,0.2671690187049955,12,knot_research.db
942,12a_141,1,103,101,0.3070620482775886,12,knot_research.db
943,12a_142,1,99,97,0.3087287677635835,12,knot_research.db
944,12a_143,1,108,106,0.15071454263496736,12,knot_research.db
945,12a_144,1,106,104,0.27073418396550286,12,knot_research.db
946,12a_145,1,102,100,0.28183671000154553,12,knot_research.db
947,12a_146,1,105,103,0.09996984805709559,12,knot_research.db
948,12a_147,1,109,107,0.1331114304792771,12,knot_research.db
949,12a_148,1,101,99,0.1889749192736624,12,knot_research.db
950,12a_149,1,98,96,0.30818739790045685,12,knot_research.db
951,12a_150,1,103,101,0.24031818975060015,12,knot_research.db
952,12a_151,1,105,103,0.236032671441382,12,knot_research.db
953,12a_152,1,104,102,0.17683803653023714,12,knot_research.db
954,12a_153,1,109,107,0.15832831634801472,12,knot_research.db
955,12a_154,1,98,96,0.4078122454834304,12,knot_research.db
956,12a_155,1,101,99,0.22886447699487514,12,knot_research.db
957,12a_156,1,100,98,0.21258174487357756,12,knot_research.db
958,12a_157,1,99,97,0.34704314630981253,12,knot_research.db
959,12a_158,1,102,100,0.18804704639970835,12,knot_research.db
960,12a_159,1,104,102,0.270797923086933,12,knot_research.db
961,12a_160,1,109,107,0.18152621526100526,12,knot_research.db
962,12a_161,1,101,99,0.24900193033560175,12,knot_research.db
963,12a_162,1,98,96,0.40781224548340794,12,knot_research.db
964,12a_163,1,95,93,0.4064150328180657,12,knot_research.db
965,12a_164,1,102,100,0.3253294713421281,12,knot_research.db
966,12a_165,1,102,100,0.21751005996608266,12,knot_research.db
967,12a_166,1,102,100,0.3253294713420299,12,knot_research.db
968,12a_167,1,103,101,0.26253550402755715,12,knot_research.db
969,12a_168,1,109,107,0.2166540498734998,12,knot_research.db
970,12a_169,1,105,103,0.12419791730888169,12,knot_research.db
971,12a_170,1,102,100,0.262535125699365,12,knot_research.db
972,12a_171,1,97,95,0.3006841976407319,12,knot_research.db
973,12a_172,1,100,98,0.17947156519374408,12,knot_research.db
974,12a_173,1,104,102,0.2235703261408014,12,knot_research.db
975,12a_174,1,101,99,0.19908943081121694,12,knot_research.db
976,12a_175,1,98,96,0.25300123748347675,12,knot_research.db
977,12a_176,1,100,98,0.14476308549927425,12,knot_research.db
978,12a_177,1,102,100,0.29480661302978073,12,knot_research.db
979,12a_178,1,98,96,0.18956557212924094,12,knot_research.db
980,12a_179,1,105,103,0.21803512351515875,12,knot_research.db
981,12a_180,1,99,97,0.27839416302276093,12,knot_research.db
982,12a_181,1,98,96,0.2758936438081502,12,knot_research.db
983,12a_182,1,101,99,0.2116295067501026,12,knot_research.db
984,12a_183,1,108,106,0.2311306568003433,12,knot_research.db
985,12a_184,1,98,96,0.29468863067181217,12,knot_research.db
986,12a_185,1,91,89,0.3728586530109659,12,knot_research.db
987,12a_186,1,101,99,0.20361689347224501,12,knot_research.db
988,12a_187,1,97,95,0.28061264889032816,12,knot_research.db
989,12a_188,1,97,95,0.3220264738751758,12,knot_research.db
990,12a_189,1,95,93,0.2683721026604491,12,knot_research.db
991,12a_190,1,99,97,0.2429457996506568,12,knot_research.db
992,12a_191,1,94,92,0.4021301830163733,12,knot_research.db
993,12a_192,1,101,99,0.2380524892470058,12,knot_research.db
994,12a_193,1,104,102,0.1729090847147982,12,knot_research.db
995,12a_194,1,102,100,0.2585161225594866,12,knot_research.db
996,12a_195,1,98,96,0.20871215252207906,12,knot_research.db
997,12a_196,1,106,104,0.23207812639887693,12,knot_research.db
998,12a_197,1,108,106,0.13199262101166814,12,knot_research.db
999,12a_198,1,98,96,0.30404290000163336,12,knot_research.db
1000,12a_199,1,94,92,0.3392698718526791,12,knot_research.db
1001,12a_200,1,100,98,0.27982793736398826,12,knot_research.db
1002,12a_201,1,98,96,0.17610140610678643,12,knot_research.db
1003,12a_202,1,93,91,0.2746095296900144,12,knot_research.db
1004,12a_203,1,103,101,0.30706204827764105,12,knot_research.db
1005,12a_204,1,99,97,0.25154076665775804,12,knot_research.db
1006,12a_205,1,96,94,0.26369256556807663,12,knot_research.db
1007,12a_206,1,110,108,0.21654981337905194,12,knot_research.db
1008,12a_207,1,96,94,0.34178556074597516,12,knot_research.db
1009,12a_208,1,102,100,0.27503475238150477,12,knot_research.db
1010,12a_209,1,98,96,0.2855697171805461,12,knot_research.db
1011,12a_210,1,98,96,0.3263668923957394,12,knot_research.db
1012,12a_211,1,101,99,0.18691991994719787,12,knot_research.db
1013,12a_212,1,103,101,0.19299213571863583,12,knot_research.db
1014,12a_213,1,93,91,0.3585301023103788,12,knot_research.db
1015,12a_214,1,98,96,0.40213018310196663,12,knot_research.db
1016,12a_215,1,100,98,0.2986336692868498,12,knot_research.db
1017,12a_216,1,102,100,0.1790844978089401,12,knot_research.db
1018,12a_217,1,97,95,0.29715330277036145,12,knot_research.db
1019,12a_218,1,102,100,0.2760521478335109,12,knot_research.db
1020,12a_219,1,101,99,0.21105326761744217,12,knot_research.db
1021,12a_220,1,101,99,0.28453178424633985,12,knot_research.db
1022,12a_221,1,101,99,0.2708261560164675,12,knot_research.db
1023,12a_222,1,98,96,0.42579281133476904,12,knot_research.db
1024,12a_223,1,94,92,0.30445651746052926,12,knot_research.db
1025,12a_224,1,95,93,0.3992423962827843,12,knot_research.db
1026,12a_225,1,98,96,0.2705927483262313,12,knot_research.db
1027,12a_226,1,98,96,0.3060552776971527,12,knot_research.db
1028,12a_227,1,98,96,0.28153438659630425,12,knot_research.db
1029,12a_228,1,99,97,0.24497606229598187,12,knot_research.db
1030,12a_229,1,98,96,0.285569717180529,12,knot_research.db
1031,12a_230,1,95,93,0.3144641965498299,12,knot_research.db
1032,12a_231,1,100,98,0.32943360795682464,12,knot_research.db
1033,12a_232,1,98,96,0.3312590692329338,12,knot_research.db
1034,12a_233,1,98,96,0.24996554027287596,12,knot_research.db
1035,12a_234,1,105,103,0.1869118155695327,12,knot_research.db
1036,12a_235,1,101,99,0.18791890905440883,12,knot_research.db
1037,12a_236,1,106,104,0.192912257092147,12,knot_research.db
1038,12a_237,1,104,102,0.2490015572975131,12,knot_research.db
1039,12a_238,1,104,102,0.1966204665236224,12,knot_research.db
1040,12a_239,1,106,104,0.1254196544402328,12,knot_research.db
1041,12a_240,1,101,99,0.26982201054728394,12,knot_research.db
1042,12a_241,1,105,103,0.23360919959737755,12,knot_research.db
1043,12a_242,1,97,95,0.3085489892725681,12,knot_research.db
1044,12a_243,1,105,103,0.1872864688335598,12,knot_research.db
1045,12a_244,1,93,91,0.28577988899547624,12,knot_research.db
1046,12a_245,1,97,95,0.21212921950657915,12,knot_research.db
1047,12a_246,1,98,96,0.1969411372306713,12,knot_research.db
1048,12a_247,1,102,100,0.27324802899092737,12,knot_research.db
1049,12a_248,1,98,96,0.25171766846367466,12,knot_research.db
1050,12a_249,1,105,103,0.26716901870480564,12,knot_research.db
1051,12a_250,1,96,94,0.18607226598750745,12,knot_research.db
1052,12a_251,1,104,102,0.2758911508342833,12,knot_research.db
1053,12a_252,1,100,98,0.18526070462757877,12,knot_research.db
1054,12a_253,1,106,104,0.27073418395972737,12,knot_research.db
1055,12a_254,1,112,110,0.17015143077973705,12,knot_research.db
1056,12a_255,1,104,102,0.18780560351757536,12,knot_research.db
1057,12a_256,1,100,98,0.3072291501709791,12,knot_research.db
1058,12a_257,1,98,96,0.2782837603562193,12,knot_research.db
1059,12a_258,1,104,102,0.20438972927786545,12,knot_research.db
1060,12a_259,1,102,100,0.12680005745454448,12,knot_research.db
1061,12a_260,1,92,90,0.1391941468882968,12,knot_research.db
1062,12a_261,1,93,91,0.27460952968990665,12,knot_research.db
1063,12a_262,1,92,90,0.2648755322980131,12,knot_research.db
1064,12a_263,1,98,96,0.30043549545039794,12,knot_research.db
1065,12a_264,1,91,89,0.5103383977526955,12,knot_research.db
1066,12a_265,1,92,90,0.44671703760836523,12,knot_research.db
1067,12a_266,1,97,95,0.3618554898667543,12,knot_research.db
1068,12a_267,1,99,97,0.26763430108894215,12,knot_research.db
1069,12a_268,1,92,90,0.38174414988477534,12,knot_research.db
1070,12a_269,1,106,104,0.23596670582604032,12,knot_research.db
1071,12a_270,1,104,102,0.17087500731039118,12,knot_research.db
1072,12a_271,1,101,99,0.32728156591273955,12,knot_research.db
1073,12a_272,1,101,99,0.1922979885205972,12,knot_research.db
1074,12a_273,1,98,96,0.2765820242934817,12,knot_research.db
1075,12a_274,1,105,103,0.18774004223215676,12,knot_research.db
1076,12a_275,1,99,97,0.2869970537691493,12,knot_research.db
1077,12a_276,1,96,94,0.26369256556627996,12,knot_research.db
1078,12a_277,1,106,104,0.23596670582604182,12,knot_research.db
1079,12a_278,1,105,103,0.19126556012341028,12,knot_research.db
1080,12a_279,1,101,99,0.2773990229229032,12,knot_research.db
1081,12a_280,1,100,98,0.26267945484556343,12,knot_research.db
1082,12a_281,1,93,91,0.37285865301098375,12,knot_research.db
1083,12a_282,1,98,96,0.2931785670638969,12,knot_research.db
1084,12a_283,1,95,93,0.2383669410098615,12,knot_research.db
1085,12a_284,1,99,97,0.30872876776357105,12,knot_research.db
1086,12a_285,1,95,93,0.2834341726890308,12,knot_research.db
1087,12a_286,1,97,95,0.2985492395565122,12,knot_research.db
1088,12a_287,1,98,96,0.27447060184689537,12,knot_research.db
1089,12a_288,1,98,96,0.36180516422864656,12,knot_research.db
1090,12a_289,1,102,100,0.32906749970108706,12,knot_research.db
1091,12a_290,1,104,102,0.20173007710371155,12,knot_research.db
1092,12a_291,1,98,96,0.1515681923154567,12,knot_research.db
1093,12a_292,1,97,95,0.2184085037355576,12,knot_research.db
1094,12a_293,1,98,96,0.3285516064461609,12,knot_research.db
1095,12a_294,1,99,97,0.23331720557269917,12,knot_research.db
1096,12a_295,1,98,96,0.3056270056894544,12,knot_research.db
1097,12a_296,1,98,96,0.27591005258845097,12,knot_research.db
1098,12a_297,1,103,101,0.21948319417472056,12,knot_research.db
1099,12a_298,1,101,99,0.1837550686515588,12,knot_research.db
1100,12a_299,1,96,94,0.3161897068453048,12,knot_research.db
1101,12a_300,1,104,102,0.2333968451747414,12,knot_research.db
1102,12a_301,1,97,95,0.302356244326921,12,knot_research.db
1103,12a_302,1,103,101,0.2829938651241925,12,knot_research.db
1104,12a_303,1,103,101,0.2544790551553433,12,knot_research.db
1105,12a_304,1,100,98,0.17290908471479857,12,knot_research.db
1106,12a_305,1,103,101,0.23551817547478676,12,knot_research.db
1107,12a_306,1,104,102,0.19806226419516074,12,knot_research.db
1108,12a_307,1,101,99,0.2783941630228293,12,knot_research.db
1109,12a_308,1,99,97,0.26763430108898456,12,knot_research.db
1110,12a_309,1,97,95,0.3561694318769497,12,knot_research.db
1111,12a_310,1,98,96,0.3842280665449052,12,knot_research.db
1112,12a_311,1,102,100,0.28183670996318044,12,knot_research.db
1113,12a_312,1,98,96,0.21341793133968262,12,knot_research.db
1114,12a_313,1,97,95,0.30769278421014284,12,knot_research.db
1115,12a_314,1,98,96,0.2855697171807895,12,knot_research.db
1116,12a_315,1,98,96,0.26086276419732707,12,knot_research.db
1117,12a_316,1,92,90,0.3377866032290698,12,knot_research.db
1118,12a_317,1,93,91,0.3167097271957243,12,knot_research.db
1119,12a_318,1,99,97,0.2501921953338819,12,knot_research.db
1120,12a_319,1,104,102,0.32906749969732146,12,knot_research.db
1121,12a_320,1,98,96,0.26393888987289416,12,knot_research.db
1122,12a_321,1,96,94,0.23131314197362823,12,knot_research.db
1123,12a_322,1,104,102,0.26781048676567376,12,knot_research.db
1124,12a_323,1,94,92,0.40781224548003475,12,knot_research.db
1125,12a_324,1,95,93,0.264544646610548,12,knot_research.db
1126,12a_325,1,95,93,0.29715330277042723,12,knot_research.db
1127,12a_326,1,97,95,0.29868169963546026,12,knot_research.db
1128,12a_327,1,99,97,0.2775005683764106,12,knot_research.db
1129,12a_328,1,93,91,0.35532678810156015,12,knot_research.db
1130,12a_329,1,106,104,0.23585393492888013,12,knot_research.db
1131,12a_330,1,104,102,0.14267439836276413,12,knot_research.db
1132,12a_331,1,103,101,0.2346995227162833,12,knot_research.db
1133,12a_332,1,99,97,0.3026440566500483,12,knot_research.db
1134,12a_333,1,98,96,0.3629932083753854,12,knot_research.db
1135,12a_334,1,91,89,0.3915651055913072,12,knot_research.db
1136,12a_335,1,91,89,0.21834654746879795,12,knot_research.db
1137,12a_336,1,98,96,0.2971740543740274,12,knot_research.db
1138,12a_337,1,98,96,0.36691708473364354,12,knot_research.db
1139,12a_338,1,98,96,0.2990551196476738,12,knot_research.db
1140,12a_339,1,98,96,0.22015929709289356,12,knot_research.db
1141,12a_340,1,98,96,0.27447060184690353,12,knot_research.db
1142,12a_341,1,98,96,0.36243951813517866,12,knot_research.db
1143,12a_342,1,98,96,0.28383202767879345,12,knot_research.db
1144,12a_343,1,102,100,0.2989079448924335,12,knot_research.db
1145,12a_344,1,106,104,0.21905872272891927,12,knot_research.db
1146,12a_345,1,102,100,0.17462267243751578,12,knot_research.db
1147,12a_346,1,99,97,0.3618554898667949,12,knot_research.db
1148,12a_347,1,97,95,0.2676343010890029,12,knot_research.db
1149,12a_348,1,98,96,0.27608514680875346,12,knot_research.db
1150,12a_349,1,99,97,0.21967686359613703,12,knot_research.db
1151,12a_350,1,98,96,0.32855160645376674,12,knot_research.db
1152,12a_351,1,97,95,0.33476411841458414,12,knot_research.db
1153,12a_352,1,98,96,0.28556971718055557,12,knot_research.db
1154,12a_353,1,99,97,0.28577550655089706,12,knot_research.db
1155,12a_354,1,95,93,0.3459646743451899,12,knot_research.db
1156,12a_355,1,108,106,0.21654981337895596,12,knot_research.db
1157,12a_356,1,104,102,0.1708750073099422,12,knot_research.db
1158,12a_357,1,99,97,0.21854603855075744,12,knot_research.db
1159,12a_358,1,95,93,0.3583316270657328,12,knot_research.db
1160,12a_359,1,94,92,0.36299320834574206,12,knot_research.db
1161,12a_360,1,97,95,0.2608345126024025,12,knot_research.db
1162,12a_361,1,90,88,0.3446463370249399,12,knot_research.db
1163,12a_362,1,95,93,0.25789300749297267,12,knot_research.db
1164,12a_363,1,95,93,0.19470116966108642,12,knot_research.db
1165,12a_364,1,92,90,0.40059323606079766,12,knot_research.db
1166,12a_365,1,102,100,0.1840725914207098,12,knot_research.db
1167,12a_366,1,102,100,0.2651052550144346,12,knot_research.db
1168,12a_367,1,100,98,0.18526070462768449,12,knot_research.db
1169,12a_368,1,106,104,0.2664844924630925,12,knot_research.db
1170,12a_369,1,101,99,0.10594003541216467,12,knot_research.db
1171,12a_370,1,109,107,0.13625277214003262,12,knot_research.db
1172,12a_371,1,111,109,0.15588888004421217,12,knot_research.db
1173,12a_372,1,103,101,0.21817318986058254,12,knot_research.db
1174,12a_373,1,96,94,0.23131314197349323,12,knot_research.db
1175,12a_374,1,100,98,0.29863366928874635,12,knot_research.db
1176,12a_375,1,107,105,0.18689031425189429,12,knot_research.db
1177,12a_376,1,105,103,0.266215981492407,12,knot_research.db
1178,12a_377,1,100,98,0.3682335607486556,12,knot_research.db
1179,12a_378,1,100,98,0.20720144378929864,12,knot_research.db
1180,12a_379,1,113,111,0.16111018957692622,12,knot_research.db
1181,12a_380,1,99,97,0.17765807753814705,12,knot_research.db
1182,12a_381,1,104,102,0.19662046652363374,12,knot_research.db
1183,12a_382,1,100,98,0.13919414688829618,12,knot_research.db
1184,12a_383,1,103,101,0.21239092020754247,12,knot_research.db
1185,12a_384,1,104,102,0.19806226419516076,12,knot_research.db
1186,12a_385,1,101,99,0.3025787258448615,12,knot_research.db
1187,12a_386,1,101,99,0.18269847254630592,12,knot_research.db
1188,12a_387,1,95,93,0.29933751419130133,12,knot_research.db
1189,12a_388,1,98,96,0.3120387335551231,12,knot_research.db
1190,12a_389,1,90,88,0.40171768926622,12,knot_research.db
1191,12a_390,1,98,96,0.4011215666284297,12,knot_research.db
1192,12a_391,1,102,100,0.28183671000075,12,knot_research.db
1193,12a_392,1,100,98,0.2645195046748505,12,knot_research.db
1194,12a_393,1,98,96,0.356528978484885,12,knot_research.db
1195,12a_394,1,101,99,0.18467742457813802,12,knot_research.db
1196,12a_395,1,103,101,0.2526484853814317,12,knot_research.db
1197,12a_396,1,99,97,0.3272815659109573,12,knot_research.db
1198,12a_397,1,102,100,0.3326754600650158,12,knot_research.db
1199,12a_398,1,92,90,0.2415232521189514,12,knot_research.db
1200,12a_399,1,97,95,0.2638669393738888,12,knot_research.db
1201,12a_400,1,101,99,0.3147419537201353,12,knot_research.db
1202,12a_401,1,103,101,0.2104354131793109,12,knot_research.db
1203,12a_402,1,91,89,0.34549197201989373,12,knot_research.db
1204,12a_403,1,97,95,0.30569506802566315,12,knot_research.db
1205,12a_404,1,96,94,0.1843296959009281,12,knot_research.db
1206,12a_405,1,102,100,0.2989079449085084,12,knot_research.db
1207,12a_406,1,98,96,0.27413919073486287,12,knot_research.db
1208,12a_407,1,95,93,0.33449438621888705,12,knot_research.db
1209,12a_408,1,94,92,0.3809556516606545,12,knot_research.db
1210,12a_409,1,100,98,0.18804704639970185,12,knot_research.db
1211,12a_410,1,100,98,0.2707979230868373,12,knot_research.db
1212,12a_411,1,105,103,0.19369698715017064,12,knot_research.db
1213,12a_412,1,97,95,0.27574659895471504,12,knot_research.db
1214,12a_413,1,91,89,0.21011716710424222,12,knot_research.db
1215,12a_414,1,98,96,0.15910965292828902,12,knot_research.db
1216,12a_415,1,98,96,0.3321075856375939,12,knot_research.db
1217,12a_416,1,99,97,0.33248649404540837,12,knot_research.db
1218,12a_417,1,98,96,0.30404290000097356,12,knot_research.db
1219,12a_418,1,97,95,0.21927666527401568,12,knot_research.db
1220,12a_419,1,93,91,0.3553267880999047,12,knot_research.db
1221,12a_420,1,110,108,0.19686262755943773,12,knot_research.db
1222,12a_421,1,98,96,0.2014812914362122,12,knot_research.db
1223,12a_422,1,101,99,0.10602845255794985,12,knot_research.db
1224,12a_423,1,107,105,0.1359157378955161,12,knot_research.db
1225,12a_424,1,103,101,0.1961079430412854,12,knot_research.db
1226,12a_425,1,111,109,0.1637969054116313,12,knot_research.db
1227,12a_426,1,92,90,0.3525242473468211,12,knot_research.db
1228,12a_427,1,98,96,0.3320456974180179,12,knot_research.db
1229,12a_428,1,103,101,0.200891415266889,12,knot_research.db
1230,12a_429,1,101,99,0.2712852927170206,12,knot_research.db
1231,12a_430,1,95,93,0.21953949445561807,12,knot_research.db
1232,12a_431,1,94,92,0.40781224548280454,12,knot_research.db
1233,12a_432,1,98,96,0.3340377733024837,12,knot_research.db
1234,12a_433,1,98,96,0.26384141579876064,12,knot_research.db
1235,12a_434,1,99,97,0.22479097034145534,12,knot_research.db
1236,12a_435,1,98,96,0.3914804610735774,12,knot_research.db
1237,12a_436,1,105,103,0.21977704556030145,12,knot_research.db
1238,12a_437,1,101,99,0.23905540805073583,12,knot_research.db
1239,12a_438,1,97,95,0.3085489892726602,12,knot_research.db
1240,12a_439,1,90,88,0.40171768937934804,12,knot_research.db
1241,12a_440,1,105,103,0.20175265141572457,12,knot_research.db
1242,12a_441,1,99,97,0.23585772286668139,12,knot_research.db
1243,12a_442,1,112,110,0.17015143078015715,12,knot_research.db
1244,12a_443,1,102,100,0.2506682288885052,12,knot_research.db
1245,12a_444,1,106,104,0.25566076387907377,12,knot_research.db
1246,12a_445,1,101,99,0.22884797196707649,12,knot_research.db
1247,12a_446,1,95,93,0.37665221029973617,12,knot_research.db
1248,12a_447,1,107,105,0.2238447536347021,12,knot_research.db
1249,12a_448,1,104,102,0.14091027362100306,12,knot_research.db
1250,12a_449,1,101,99,0.25701089372243685,12,knot_research.db
1251,12a_450,1,97,95,0.2506125797786005,12,knot_research.db
1252,12a_451,1,91,89,0.3915651055945631,12,knot_research.db
1253,12a_452,1,98,96,0.2855697171805056,12,knot_research.db
1254,12a_453,1,106,104,0.20534657495489686,12,knot_research.db
1255,12a_454,1,104,102,0.1624353902363668,12,knot_research.db
1256,12a_455,1,97,95,0.27765980776126203,12,knot_research.db
1257,12a_456,1,98,96,0.23980648987301592,12,knot_research.db
1258,12a_457,1,95,93,0.3103875627882939,12,knot_research.db
1259,12a_458,1,92,90,0.4700863018186565,12,knot_research.db
1260,12a_459,1,95,93,0.2986816996354875,12,knot_research.db
1261,12a_460,1,98,96,0.2638414157987105,12,knot_research.db
1262,12a_461,1,98,96,0.3055458151403296,12,knot_research.db
1263,12a_462,1,106,104,0.2790952089345471,12,knot_research.db
1264,12a_463,1,102,100,0.18478317780177891,12,knot_research.db
1265,12a_464,1,95,93,0.3052439646361726,12,knot_research.db
1266,12a_465,1,98,96,0.2679491924311202,12,knot_research.db
1267,12a_466,1,99,97,0.24497606229621632,12,knot_research.db
1268,12a_467,1,98,96,0.40213018310219073,12,knot_research.db
1269,12a_468,1,101,99,0.22678543046901015,12,knot_research.db
1270,12a_469,1,99,97,0.26852994311830847,12,knot_research.db
1271,12a_470,1,98,96,0.4021301830960729,12,knot_research.db
1272,12a_471,1,112,110,0.17805363227998977,12,knot_research.db
1273,12a_472,1,98,96,0.28562237459270584,12,knot_research.db
1274,12a_473,1,91,89,0.43085645172391557,12,knot_research.db
1275,12a_474,1,92,90,0.4156900012366735,12,knot_research.db
1276,12a_475,1,93,91,0.30524396463619397,12,knot_research.db
1277,12a_476,1,96,94,0.19299676552108952,12,knot_research.db
1278,12a_477,1,98,96,0.25021976750712116,12,knot_research.db
1279,12a_478,1,97,95,0.27765980775854754,12,knot_research.db
1280,12a_479,1,93,91,0.2981862975048398,12,knot_research.db
1281,12a_480,1,94,92,0.3877033644685391,12,knot_research.db
1282,12a_481,1,102,100,0.13919414688829634,12,knot_research.db
1283,12a_482,1,112,110,0.19806226419516149,12,knot_research.db
1284,12a_483,1,90,88,0.5521125454493505,12,knot_research.db
1285,12a_484,1,94,92,0.32367679738110394,12,knot_research.db
1286,12a_485,1,95,93,0.27573114946966176,12,knot_research.db
1287,12a_486,1,94,92,0.3744488833874696,12,knot_research.db
1288,12a_487,1,98,96,0.30064434351724745,12,knot_research.db
1289,12a_488,1,96,94,0.18267087823037806,12,knot_research.db
1290,12a_489,1,100,98,0.28150392437347965,12,knot_research.db
1291,12a_490,1,100,98,0.3322126060839892,12,knot_research.db
1292,12a_491,1,102,100,0.2679491924311228,12,knot_research.db
1293,12a_492,1,100,98,0.2755743904624725,12,knot_research.db
1294,12a_493,1,96,94,0.17833622845083708,12,knot_research.db
1295,12a_494,1,100,98,0.23198768584466756,12,knot_research.db
1296,12a_495,1,93,91,0.4026367007000071,12,knot_research.db
1297,12a_496,1,94,92,0.3519959428593791,12,knot_research.db
1298,12a_497,1,98,96,0.28099235933818417,12,knot_research.db
1299,12a_498,1,95,93,0.23951475113743234,12,knot_research.db
1300,12a_499,1,98,96,0.4021301831021081,12,knot_research.db
1301,12a_500,1,103,101,0.28453178424632314,12,knot_research.db
1302,12a_501,1,97,95,0.2626390182435481,12,knot_research.db
1303,12a_502,1,106,104,0.1867619819873091,12,knot_research.db
1304,12a_503,1,96,94,0.3253598347423131,12,knot_research.db
1305,12a_504,1,104,102,0.27674118843467554,12,knot_research.db
1306,12a_505,1,102,100,0.275158411843267,12,knot_research.db
1307,12a_506,1,102,100,0.2641648817339913,12,knot_research.db
1308,12a_507,1,102,100,0.2467990150574157,12,knot_research.db
1309,12a_508,1,106,104,0.21433956880154692,12,knot_research.db
1310,12a_509,1,98,96,0.3321075856376405,12,knot_research.db
1311,12a_510,1,98,96,0.2765820242908475,12,knot_research.db
1312,12a_511,1,105,103,0.20988350517683232,12,knot_research.db
1313,12a_512,1,103,101,0.20720152484543,12,knot_research.db
1314,12a_513,1,99,97,0.2944225642587188,12,knot_research.db
1315,12a_514,1,97,95,0.21583814273335963,12,knot_research.db
1316,12a_515,1,99,97,0.3099431974181008,12,knot_research.db
1317,12a_516,1,98,96,0.2946886306928111,12,knot_research.db
1318,12a_517,1,96,94,0.1860722659874043,12,knot_research.db
1319,12a_518,1,105,103,0.23746865709021006,12,knot_research.db
1320,12a_519,1,102,100,0.18526070462772687,12,knot_research.db
1321,12a_520,1,108,106,0.27073418396550003,12,knot_research.db
1322,12a_521,1,102,100,0.13024944572465272,12,knot_research.db
1323,12a_522,1,102,100,0.23607950759137594,12,knot_research.db
1324,12a_523,1,97,95,0.3046493668004966,12,knot_research.db
1325,12a_524,1,102,100,0.24002118680977683,12,knot_research.db
1326,12a_525,1,98,96,0.26822555725435115,12,knot_research.db
1327,12a_526,1,98,96,0.31508984266035794,12,knot_research.db
1328,12a_527,1,99,97,0.3069254677150049,12,knot_research.db
1329,12a_528,1,99,97,0.17233040453404821,12,knot_research.db
1330,12a_529,1,99,97,0.26763430108937436,12,knot_research.db
1331,12a_530,1,99,97,0.3285597827370191,12,knot_research.db
1332,12a_531,1,106,104,0.20534657495487244,12,knot_research.db
1333,12a_532,1,100,98,0.15347763200724995,12,knot_research.db
1334,12a_533,1,105,103,0.19126556012346432,12,knot_research.db
1335,12a_534,1,103,101,0.26356328022966125,12,knot_research.db
1336,12a_535,1,103,101,0.1909226199529172,12,knot_research.db
1337,12a_536,1,100,98,0.16990589591351224,12,knot_research.db
1338,12a_537,1,102,100,0.25631824035744327,12,knot_research.db
1339,12a_538,1,108,106,0.1425970935472233,12,knot_research.db
1340,12a_539,1,106,104,0.24470204535216122,12,knot_research.db
1341,12a_540,1,104,102,0.26899058680216914,12,knot_research.db
1342,12a_541,1,96,94,0.13157796996440813,12,knot_research.db
1343,12a_542,1,102,100,0.18615229177428347,12,knot_research.db
1344,12a_543,1,98,96,0.332468028923604,12,knot_research.db
1345,12a_544,1,103,101,0.18193731328118654,12,knot_research.db
1346,12a_545,1,103,101,0.18921743775435834,12,knot_research.db
1347,12a_546,1,98,96,0.24875213014558073,12,knot_research.db
1348,12a_547,1,98,96,0.30482147722798003,12,knot_research.db
1349,12a_548,1,104,102,0.16846851756279185,12,knot_research.db
1350,12a_549,1,110,108,0.22084034990977205,12,knot_research.db
1351,12a_550,1,105,103,0.23805248924686526,12,knot_research.db
1352,12a_551,1,106,104,0.16294070281114087,12,knot_research.db
1353,12a_552,1,106,104,0.20792815531586067,12,knot_research.db
1354,12a_553,1,99,97,0.19480837214072624,12,knot_research.db
1355,12a_554,1,100,98,0.24046520861642745,12,knot_research.db
1356,12a_555,1,99,97,0.25607329464730555,12,knot_research.db
1357,12a_556,1,106,104,0.20534657495491448,12,knot_research.db
1358,12a_557,1,102,100,0.15242706289391197,12,knot_research.db
1359,12a_558,1,97,95,0.31667540968061586,12,knot_research.db
1360,12a_559,1,99,97,0.2915857719148839,12,knot_research.db
1361,12a_560,1,101,99,0.2824781599653527,12,knot_research.db
1362,12a_561,1,91,89,0.3728586530108551,12,knot_research.db
1363,12a_562,1,104,102,0.2583787158405569,12,knot_research.db
1364,12a_563,1,110,108,0.19283131641129808,12,knot_research.db
1365,12a_564,1,98,96,0.22396946985095,12,knot_research.db
1366,12a_565,1,99,97,0.18733488441308327,12,knot_research.db
1367,12a_566,1,105,103,0.255344568257941,12,knot_research.db
1368,12a_567,1,95,93,0.3459646743286569,12,knot_research.db
1369,12a_568,1,104,102,0.21732736036693456,12,knot_research.db
1370,12a_569,1,105,103,0.16210751836477558,12,knot_research.db
1371,12a_570,1,97,95,0.23409645464178824,12,knot_research.db
1372,12a_571,1,94,92,0.36390286566231095,12,knot_research.db
1373,12a_572,1,104,102,0.22357032614553302,12,knot_research.db
1374,12a_573,1,100,98,0.2141302456142286,12,knot_research.db
1375,12a_574,1,102,100,0.19477688584443645,12,knot_research.db
1376,12a_575,1,100,98,0.2786983047594974,12,knot_research.db
1377,12a_576,1,103,101,0.11329213092885693,12,knot_research.db
1378,12a_577,1,107,105,0.18044904242077914,12,knot_research.db
1379,12a_578,1,103,101,0.1818995580118483,12,knot_research.db
1380,12a_579,1,104,102,0.2333968451747432,12,knot_research.db
1381,12a_580,1,113,111,0.13980879332851825,12,knot_research.db
1382,12a_581,1,105,103,0.2541971696564988,12,knot_research.db
1383,12a_582,1,105,103,0.2541971696565211,12,knot_research.db
1384,12a_583,1,104,102,0.16733657814833638,12,knot_research.db
1385,12a_584,1,105,103,0.20175265141575316,12,knot_research.db
1386,12a_585,1,99,97,0.23585772286658097,12,knot_research.db
1387,12a_586,1,102,100,0.32906749970108556,12,knot_research.db
1388,12a_587,1,96,94,0.2313131419734784,12,knot_research.db
1389,12a_588,1,98,96,0.35652897846012827,12,knot_research.db
1390,12a_589,1,101,99,0.20508392313285892,12,knot_research.db
1391,12a_590,1,96,94,0.31584266939082317,12,knot_research.db
1392,12a_591,1,110,108,0.1741915876036194,12,knot_research.db
1393,12a_592,1,98,96,0.3090076190169273,12,knot_research.db
1394,12a_593,1,102,100,0.3018232018214499,12,knot_research.db
1395,12a_594,1,111,109,0.1650292187828313,12,knot_research.db
1396,12a_595,1,98,96,0.24464384191572983,12,knot_research.db
1397,12a_596,1,99,97,0.16140505794778556,12,knot_research.db
1398,12a_597,1,102,100,0.12061475842818367,12,knot_research.db
1399,12a_598,1,100,98,0.33581211837787245,12,knot_research.db
1400,12a_599,1,99,97,0.30753826474705004,12,knot_research.db
1401,12a_600,1,110,108,0.19686262755943662,12,knot_research.db
1402,12a_601,1,98,96,0.14865739848832435,12,knot_research.db
1403,12a_602,1,99,97,0.3302040597013934,12,knot_research.db
1404,12a_603,1,97,95,0.26708943883437075,12,knot_research.db
1405,12a_604,1,98,96,0.2638414157987992,12,knot_research.db
1406,12a_605,1,98,96,0.25174917697810023,12,knot_research.db
1407,12a_606,1,104,102,0.26487695786762316,12,knot_research.db
1408,12a_607,1,103,101,0.2571749992796598,12,knot_research.db
1409,12a_608,1,99,97,0.29442256416614954,12,knot_research.db
1410,12a_609,1,95,93,0.27891987147387914,12,knot_research.db
1411,12a_610,1,102,100,0.25232398581426946,12,knot_research.db
1412,12a_611,1,98,96,0.30643303090175766,12,knot_research.db
1413,12a_612,1,100,98,0.21751005996610148,12,knot_research.db
1414,12a_613,1,105,103,0.2380524892470005,12,knot_research.db
1415,12a_614,1,98,96,0.2971740543738943,12,knot_research.db
1416,12a_615,1,94,92,0.38429244053254186,12,knot_research.db
1417,12a_616,1,91,89,0.23313729551941734,12,knot_research.db
1418,12a_617,1,101,99,0.23748862692219672,12,knot_research.db
1419,12a_618,1,91,89,0.3810279905919833,12,knot_research.db
1420,12a_619,1,106,104,0.14745039408506955,12,knot_research.db
1421,12a_620,1,93,91,0.35789572821246857,12,knot_research.db
1422,12a_621,1,103,101,0.18400447927145222,12,knot_research.db
1423,12a_622,1,99,97,0.25324380060402885,12,knot_research.db
1424,12a_623,1,102,100,0.3284616829728916,12,knot_research.db
1425,12a_624,1,103,101,0.27739902292341867,12,knot_research.db
1426,12a_625,1,99,97,0.30729209680416253,12,knot_research.db
1427,12a_626,1,94,92,0.35652897845594844,12,knot_research.db
1428,12a_627,1,98,96,0.2990551196476733,12,knot_research.db
1429,12a_628,1,99,97,0.29784120487955723,12,knot_research.db
1430,12a_629,1,90,88,0.4017176893793653,12,knot_research.db
1431,12a_630,1,95,93,0.3127621090471965,12,knot_research.db
1432,12a_631,1,98,96,0.28562237459258344,12,knot_research.db
1433,12a_632,1,98,96,0.16489171400347186,12,knot_research.db
1434,12a_633,1,97,95,0.29361445859355056,12,knot_research.db
1435,12a_634,1,105,103,0.26621598149367104,12,knot_research.db
1436,12a_635,1,99,97,0.2988785390745632,12,knot_research.db
1437,12a_636,1,95,93,0.1778124891826547,12,knot_research.db
1438,12a_637,1,97,95,0.2678223873972696,12,knot_research.db
1439,12a_638,1,104,102,0.2750347523815435,12,knot_research.db
1440,12a_639,1,102,100,0.3268129328289098,12,knot_research.db
1441,12a_640,1,102,100,0.20152774800077364,12,knot_research.db
1442,12a_641,1,99,97,0.12674075816725128,12,knot_research.db
1443,12a_642,1,107,105,0.1732106662415704,12,knot_research.db
1444,12a_643,1,109,107,0.17181928898578855,12,knot_research.db
1445,12a_644,1,107,105,0.22051769497281382,12,knot_research.db
1446,12a_645,1,98,96,0.3396410433771023,12,knot_research.db
1447,12a_646,1,103,101,0.21239092020756706,12,knot_research.db
1448,12a_647,1,96,94,0.26369256556801446,12,knot_research.db
1449,12a_648,1,106,104,0.23596670582582863,12,knot_research.db
1450,12a_649,1,107,105,0.18294404476655732,12,knot_research.db
1451,12a_650,1,101,99,0.26321771265464905,12,knot_research.db
1452,12a_651,1,106,104,0.14633438281805575,12,knot_research.db
1453,12a_652,1,104,102,0.23955133638287357,12,knot_research.db
1454,12a_653,1,98,96,0.20063188491307907,12,knot_research.db
1455,12a_654,1,104,102,0.25300867309921116,12,knot_research.db
1456,12a_655,1,103,101,0.2181356334260771,12,knot_research.db
1457,12a_656,1,95,93,0.31276210906346336,12,knot_research.db
1458,12a_657,1,101,99,0.19514168698009188,12,knot_research.db
1459,12a_658,1,103,101,0.2658020628931648,12,knot_research.db
1460,12a_659,1,98,96,0.3890434541365164,12,knot_research.db
1461,12a_660,1,98,96,0.21773403657643028,12,knot_research.db
1462,12a_661,1,100,98,0.296067426431253,12,knot_research.db
1463,12a_662,1,98,96,0.3040429000032282,12,knot_research.db
1464,12a_663,1,94,92,0.29264260990432756,12,knot_research.db
1465,12a_664,1,96,94,0.3038434691524279,12,knot_research.db
1466,12a_665,1,102,100,0.2293210902970262,12,knot_research.db
1467,12a_666,1,98,96,0.27714069627210414,12,knot_research.db
1468,12a_667,1,107,105,0.187115294272269,12,knot_research.db
1469,12a_668,1,99,97,0.23297508169050463,12,knot_research.db
1470,12a_669,1,101,99,0.11652314009818455,12,knot_research.db
1471,12a_670,1,95,93,0.2931341644360534,12,knot_research.db
1472,12a_671,1,103,101,0.23551817547483736,12,knot_research.db
1473,12a_672,1,98,96,0.3711497148020783,12,knot_research.db
1474,12a_673,1,99,97,0.2749764492938016,12,knot_research.db
1475,12a_674,1,98,96,0.2788215951801718,12,knot_research.db
1476,12a_675,1,97,95,0.3550799589869108,12,knot_research.db
1477,12a_676,1,105,103,0.17767892447611366,12,knot_research.db
1478,12a_677,1,101,99,0.30047878008196266,12,knot_research.db
1479,12a_678,1,101,99,0.3025787258448321,12,knot_research.db
1480,12a_679,1,108,106,0.1479217495378853,12,knot_research.db
1481,12a_680,1,102,100,0.35672386298637804,12,knot_research.db
1482,12a_681,1,96,94,0.1940689771592609,12,knot_research.db
1483,12a_682,1,110,108,0.17419158760355133,12,knot_research.db
1484,12a_683,1,102,100,0.16130406226818952,12,knot_research.db
1485,12a_684,1,106,104,0.205346574954873,12,knot_research.db
1486,12a_685,1,98,96,0.3321075856375908,12,knot_research.db
1487,12a_686,1,98,96,0.27405681547509597,12,knot_research.db
1488,12a_687,1,98,96,0.27711102159169443,12,knot_research.db
1489,12a_688,1,97,95,0.3329677018725101,12,knot_research.db
1490,12a_689,1,108,106,0.20708752668519614,12,knot_research.db
1491,12a_690,1,104,102,0.12231139032193823,12,knot_research.db
1492,12a_691,1,108,106,0.12061475842818283,12,knot_research.db
1493,12a_692,1,103,101,0.26253550402753345,12,knot_research.db
1494,12a_693,1,98,96,0.20871215252207934,12,knot_research.db
1495,12a_694,1,96,94,0.2636925655680571,12,knot_research.db
1496,12a_695,1,98,96,0.36299320837839133,12,knot_research.db
1497,12a_696,1,91,89,0.3931728692381391,12,knot_research.db
1498,12a_697,1,92,90,0.40059323606085345,12,knot_research.db
1499,12a_698,1,95,93,0.2971533027703619,12,knot_research.db
1500,12a_699,1,93,91,0.3052439646361602,12,knot_research.db
1501,12a_700,1,95,93,0.2931735014077622,12,knot_research.db
1502,12a_701,1,95,93,0.24511622572428673,12,knot_research.db
1503,12a_702,1,94,92,0.17833622845083683,12,knot_research.db
1504,12a_703,1,92,90,0.35252424734686605,12,knot_research.db
1505,12a_704,1,99,97,0.25428618507548223,12,knot_research.db
1506,12a_705,1,92,90,0.39703983082901056,12,knot_research.db
1507,12a_706,1,99,97,0.2453933895967115,12,knot_research.db
1508,12a_707,1,91,89,0.4026367006999309,12,knot_research.db
1509,12a_708,1,92,90,0.24152325211894163,12,knot_research.db
1510,12a_709,1,95,93,0.23460012411362124,12,knot_research.db
1511,12a_710,1,92,90,0.3577466991821108,12,knot_research.db
1512,12a_711,1,95,93,0.2992151921568877,12,knot_research.db
1513,12a_712,1,92,90,0.5159630933946656,12,knot_research.db
1514,12a_713,1,106,104,0.22487573606653433,12,knot_research.db
1515,12a_714,1,104,102,0.17683803653036362,12,knot_research.db
1516,12a_715,1,102,100,0.267314306111415,12,knot_research.db
1517,12a_716,1,107,105,0.10221141240534948,12,knot_research.db
1518,12a_717,1,111,109,0.1558888800442045,12,knot_research.db
1519,12a_718,1,103,101,0.2024856996576947,12,knot_research.db
1520,12a_719,1,103,101,0.24355744734390586,12,knot_research.db
1521,12a_720,1,107,105,0.18041952270387715,12,knot_research.db
1522,12a_721,1,99,97,0.20860787604030273,12,knot_research.db
1523,12a_722,1,100,98,0.08101405277100618,12,knot_research.db
1524,12a_723,1,110,108,0.1288819132427815,12,knot_research.db
1525,12a_724,1,102,100,0.13105258097702172,12,knot_research.db
1526,12a_725,1,108,106,0.21224096096270273,12,knot_research.db
1527,12a_726,1,104,102,0.12061475842818174,12,knot_research.db
1528,12a_727,1,104,102,0.1980622641951617,12,knot_research.db
1529,12a_728,1,105,103,0.21056259553621587,12,knot_research.db
1530,12a_729,1,101,99,0.2819067382662301,12,knot_research.db
1531,12a_730,1,106,104,0.22999779731485634,12,knot_research.db
1532,12a_731,1,104,102,0.16846851756278447,12,knot_research.db
1533,12a_732,1,111,109,0.16502921878282986,12,knot_research.db
1534,12a_733,1,114,112,0.17041764385367136,12,knot_research.db
1535,12a_734,1,98,96,0.34397598844505445,12,knot_research.db
1536,12a_735,1,106,104,0.20465631441989637,12,knot_research.db
1537,12a_736,1,106,104,0.199660250688169,12,knot_research.db
1538,12a_737,1,103,101,0.2245405217237746,12,knot_research.db
1539,12a_738,1,107,105,0.19596279091965424,12,knot_research.db
1540,12a_739,1,96,94,0.1391941468882959,12,knot_research.db
1541,12a_740,1,108,106,0.19806226419515968,12,knot_research.db
1542,12a_741,1,98,96,0.24980186734066517,12,knot_research.db
1543,12a_742,1,100,98,0.21258174487379475,12,knot_research.db
1544,12a_743,1,108,106,0.1473456660853486,12,knot_research.db
1545,12a_744,1,103,101,0.12621718856159245,12,knot_research.db
1546,12a_745,1,110,108,0.13463754787956456,12,knot_research.db
1547,12a_746,1,95,93,0.25914885025049744,12,knot_research.db
1548,12a_747,1,99,97,0.2612875247874227,12,knot_research.db
1549,12a_748,1,98,96,0.16790245937824952,12,knot_research.db
1550,12a_749,1,105,103,0.2721605162145305,12,knot_research.db
1551,12a_750,1,98,96,0.26029964830728813,12,knot_research.db
1552,12a_751,1,105,103,0.23805248924702713,12,knot_research.db
1553,12a_752,1,110,108,0.25191227379890435,12,knot_research.db
1554,12a_753,1,99,97,0.178973106625314,12,knot_research.db
1555,12a_754,1,91,89,0.38102799059191456,12,knot_research.db
1556,12a_755,1,94,92,0.33641505336632793,12,knot_research.db
1557,12a_756,1,101,99,0.20770909443239546,12,knot_research.db
1558,12a_757,1,106,104,0.266484492463094,12,knot_research.db
1559,12a_758,1,102,100,0.1998162429119921,12,knot_research.db
1560,12a_759,1,103,101,0.107104641469131,12,knot_research.db
1561,12a_760,1,107,105,0.17321066624165796,12,knot_research.db
1562,12a_761,1,103,101,0.21029030420505238,12,knot_research.db
1563,12a_762,1,112,110,0.12061475842818349,12,knot_research.db
1564,12a_763,1,110,108,0.17875868758155675,12,knot_research.db
1565,12a_764,1,106,104,0.19806226419516104,12,knot_research.db
1566,12a_765,1,94,92,0.37114704194313464,12,knot_research.db
1567,12a_766,1,100,98,0.29306317516966396,12,knot_research.db
1568,12a_767,1,98,96,0.15916297023723508,12,knot_research.db
1569,12a_768,1,103,101,0.23852741603150335,12,knot_research.db
1570,12a_769,1,99,97,0.2944225642587807,12,knot_research.db
1571,12a_770,1,98,96,0.32345521161495394,12,knot_research.db
1572,12a_771,1,95,93,0.2770889126860135,12,knot_research.db
1573,12a_772,1,100,98,0.19460986301284938,12,knot_research.db
1574,12a_773,1,112,110,0.17805363227998697,12,knot_research.db
1575,12a_774,1,111,109,0.17090988558585862,12,knot_research.db
1576,12a_775,1,106,104,0.13460992733969657,12,knot_research.db
1577,12a_776,1,97,95,0.3220264738750724,12,knot_research.db
1578,12a_777,1,96,94,0.3161897068477297,12,knot_research.db
1579,12a_778,1,98,96,0.33587317459908833,12,knot_research.db
1580,12a_779,1,101,99,0.27739902292356033,12,knot_research.db
1581,12a_780,1,98,96,0.2855212556122349,12,knot_research.db
1582,12a_781,1,105,103,0.25534456825793894,12,knot_research.db
1583,12a_782,1,98,96,0.23361780899790913,12,knot_research.db
1584,12a_783,1,102,100,0.2750347523813541,12,knot_research.db
1585,12a_784,1,99,97,0.2486520058403024,12,knot_research.db
1586,12a_785,1,91,89,0.34549197201991394,12,knot_research.db
1587,12a_786,1,101,99,0.25355254232835334,12,knot_research.db
1588,12a_787,1,107,105,0.22051769497282442,12,knot_research.db
1589,12a_788,1,94,92,0.3565289784924137,12,knot_research.db
1590,12a_789,1,109,107,0.17885794762672091,12,knot_research.db
1591,12a_790,1,103,101,0.2180404508368389,12,knot_research.db
1592,12a_791,1,101,99,0.11217900799004507,12,knot_research.db
1593,12a_792,1,111,109,0.15119010457855675,12,knot_research.db
1594,12a_793,1,94,92,0.3744488833874878,12,knot_research.db
1595,12a_794,1,106,104,0.1729090847147975,12,knot_research.db
1596,12a_795,1,106,104,0.1684412080528455,12,knot_research.db
1597,12a_796,1,116,114,0.12679260409662801,12,knot_research.db
1598,12a_797,1,106,104,0.13043900138115802,12,knot_research.db
1599,12a_798,1,98,96,0.2679491924311225,12,knot_research.db
1600,12a_799,1,102,100,0.2749123232643262,12,knot_research.db
1601,12a_800,1,110,108,0.16304417354462727,12,knot_research.db
1602,12a_801,1,96,94,0.2087121525220796,12,knot_research.db
1603,12a_802,1,112,110,0.1035050665911794,12,knot_research.db
1604,12a_803,1,102,100,0.08101405277100476,12,knot_research.db
1605,12a_804,1,97,95,0.35507995898692535,12,knot_research.db
1606,12a_805,1,102,100,0.1736886345081333,12,knot_research.db
1607,12a_806,1,100,98,0.23902579904917498,12,knot_research.db
1608,12a_807,1,100,98,0.34962151439461614,12,knot_research.db
1609,12a_808,1,102,100,0.19270315599406793,12,knot_research.db
1610,12a_809,1,99,97,0.2781533149952416,12,knot_research.db
1611,12a_810,1,97,95,0.349861349759468,12,knot_research.db
1612,12a_811,1,98,96,0.3526686966631161,12,knot_research.db
1613,12a_812,1,102,100,0.20537600717407273,12,knot_research.db
1614,12a_813,1,102,100,0.25974755938427174,12,knot_research.db
1615,12a_814,1,106,104,0.2287681678396253,12,knot_research.db
1616,12a_815,1,111,109,0.1593177665975494,12,knot_research.db
1617,12a_816,1,103,101,0.1875100975077377,12,knot_research.db
1618,12a_817,1,98,96,0.35266869666309786,12,knot_research.db
1619,12a_818,1,92,90,0.20871215252208022,12,knot_research.db
1620,12a_819,1,106,104,0.21308815703119963,12,knot_research.db
1621,12a_820,1,96,94,0.24454677108656467,12,knot_research.db
1622,12a_821,1,106,104,0.30853650867115595,12,knot_research.db
1623,12a_822,1,102,100,0.19900063914010246,12,knot_research.db
1624,12a_823,1,108,106,0.18573149688086843,12,knot_research.db
1625,12a_824,1,109,107,0.17685022329937614,12,knot_research.db
1626,12a_825,1,105,103,0.1891665852054405,12,knot_research.db
1627,12a_826,1,109,107,0.1881821418178957,12,knot_research.db
1628,12a_827,1,93,91,0.12986808586608012,12,knot_research.db
1629,12a_828,1,104,102,0.226982069757276,12,knot_research.db
1630,12a_829,1,92,90,0.3438077955424611,12,knot_research.db
1631,12a_830,1,99,97,0.193154036942947,12,knot_research.db
1632,12a_831,1,99,97,0.19315403694294542,12,knot_research.db
1633,12a_832,1,92,90,0.34380779554243635,12,knot_research.db
1634,12a_833,1,106,104,0.24383114820000462,12,knot_research.db
1635,12a_834,1,96,94,0.20129706288963492,12,knot_research.db
1636,12a_835,1,113,111,0.156433877237,12,knot_research.db
1637,12a_836,1,105,103,0.18234468070608972,12,knot_research.db
1638,12a_837,1,105,103,0.18101112735859629,12,knot_research.db
1639,12a_838,1,96,94,0.11339035484993842,12,knot_research.db
1640,12a_839,1,106,104,0.17724028454963683,12,knot_research.db
1641,12a_840,1,100,98,0.1729090847147992,12,knot_research.db
1642,12a_841,1,108,106,0.2087439104822479,12,knot_research.db
1643,12a_842,1,97,95,0.11758820194765883,12,knot_research.db
1644,12a_843,1,112,110,0.1701120493461307,12,knot_research.db
1645,12a_844,1,101,99,0.22665755123711395,12,knot_research.db
1646,12a_845,1,91,89,0.1318283735998568,12,knot_research.db
1647,12a_846,1,101,99,0.22665755123712017,12,knot_research.db
1648,12a_847,1,94,92,0.22436202084585039,12,knot_research.db
1649,12a_848,1,105,103,0.28444694961941414,12,knot_research.db
1650,12a_849,1,103,101,0.21898199528468887,12,knot_research.db
1651,12a_850,1,108,106,0.1544007789422061,12,knot_research.db
1652,12a_851,1,106,104,0.24470204535216203,12,knot_research.db
1653,12a_852,1,100,98,0.2998832159043475,12,knot_research.db
1654,12a_853,1,96,94,0.25518652443244394,12,knot_research.db
1655,12a_854,1,102,100,0.19873550301437576,12,knot_research.db
1656,12a_855,1,98,96,0.20683608529125966,12,knot_research.db
1657,12a_856,1,100,98,0.3447522856326622,12,knot_research.db
1658,12a_857,1,100,98,0.3358121183854512,12,knot_research.db
1659,12a_858,1,98,96,0.21951599967707372,12,knot_research.db
1660,12a_859,1,101,99,0.14507226672480347,12,knot_research.db
1661,12a_860,1,105,103,0.2287435644374017,12,knot_research.db
1662,12a_861,1,99,97,0.23839510958374507,12,knot_research.db
1663,12a_862,1,103,101,0.22454052172372885,12,knot_research.db
1664,12a_863,1,107,105,0.18041952270406356,12,knot_research.db
1665,12a_864,1,105,103,0.1907297684002908,12,knot_research.db
1666,12a_865,1,97,95,0.24812225078164118,12,knot_research.db
1667,12a_866,1,94,92,0.4021301831022571,12,knot_research.db
1668,12a_867,1,94,92,0.4065442461409485,12,knot_research.db
1669,12a_868,1,88,86,0.603849807315634,12,knot_research.db
1670,12a_869,1,98,96,0.19896615420979064,12,knot_research.db
1671,12a_870,1,106,104,0.27073418396550175,12,knot_research.db
1672,12a_871,1,102,100,0.2992331250586053,12,knot_research.db
1673,12a_872,1,96,94,0.3030665324554196,12,knot_research.db
1674,12a_873,1,92,90,0.2494356786091345,12,knot_research.db
1675,12a_874,1,98,96,0.4021301831023379,12,knot_research.db
1676,12a_875,1,93,91,0.43370440016052436,12,knot_research.db
1677,12a_876,1,104,102,0.19269587372794864,12,knot_research.db
1678,12a_877,1,108,106,0.20154742840626835,12,knot_research.db
1679,12a_878,1,113,111,0.15886553208565582,12,knot_research.db
1680,12a_879,1,107,105,0.18689031425190006,12,knot_research.db
1681,12a_880,1,94,92,0.2445467710865791,12,knot_research.db
1682,12a_881,1,97,95,0.10728790158829514,12,knot_research.db
1683,12a_882,1,103,101,0.13976969143923532,12,knot_research.db
1684,12a_883,1,96,94,0.3151178887892634,12,knot_research.db
1685,12a_884,1,91,89,0.36635266697740426,12,knot_research.db
1686,12a_885,1,95,93,0.3144641965498525,12,knot_research.db
1687,12a_886,1,102,100,0.20537600717409785,12,knot_research.db
1688,12a_887,1,98,96,0.40654424614091783,12,knot_research.db
1689,12a_888,1,91,89,0.40511044072981633,12,knot_research.db
1690,12a_889,1,98,96,0.1989661542098432,12,knot_research.db
1691,12a_890,1,102,100,0.27073418396544596,12,knot_research.db
1692,12a_891,1,99,97,0.26667612692748605,12,knot_research.db
1693,12a_892,1,99,97,0.2660980289739697,12,knot_research.db
1694,12a_893,1,94,92,0.3565289784848763,12,knot_research.db
1695,12a_894,1,93,91,0.36992436145234286,12,knot_research.db
1696,12a_895,1,98,96,0.2781342638928092,12,knot_research.db
1697,12a_896,1,94,92,0.19978332300911866,12,knot_research.db
1698,12a_897,1,102,100,0.2761118892801141,12,knot_research.db
1699,12a_898,1,103,101,0.1864822357265004,12,knot_research.db
1700,12a_899,1,103,101,0.2348776969556076,12,knot_research.db
1701,12a_900,1,98,96,0.27813426389282475,12,knot_research.db
1702,12a_901,1,99,97,0.1867991310846943,12,knot_research.db
1703,12a_902,1,99,97,0.2600036136294667,12,knot_research.db
1704,12a_903,1,98,96,0.3048214772279896,12,knot_research.db
1705,12a_904,1,106,104,0.2130881570311972,12,knot_research.db
1706,12a_905,1,94,92,0.24454677108653322,12,knot_research.db
1707,12a_906,1,98,96,0.304821477227979,12,knot_research.db
1708,12a_907,1,101,99,0.2036168934722411,12,knot_research.db
1709,12a_908,1,97,95,0.272660161108947,12,knot_research.db
1710,12a_909,1,106,104,0.1768380365303268,12,knot_research.db
1711,12a_910,1,104,102,0.257945804062148,12,knot_research.db
1712,12a_911,1,102,100,0.20537600717408483,12,knot_research.db
1713,12a_912,1,104,102,0.12839047636442827,12,knot_research.db
1714,12a_913,1,90,88,0.29540650429405646,12,knot_research.db
1715,12a_914,1,95,93,0.31721978872381545,12,knot_research.db
1716,12a_915,1,98,96,0.35527271517459175,12,knot_research.db
1717,12a_916,1,105,103,0.19126556012348095,12,knot_research.db
1718,12a_917,1,101,99,0.26982201054729216,12,knot_research.db
1719,12a_918,1,97,95,0.2673336368697851,12,knot_research.db
1720,12a_919,1,101,99,0.24899247791677465,12,knot_research.db
1721,12a_920,1,102,100,0.18526070462771424,12,knot_research.db
1722,12a_921,1,106,104,0.2664844924630914,12,knot_research.db
1723,12a_922,1,94,92,0.35205995169167387,12,knot_research.db
1724,12a_923,1,102,100,0.1760239541713111,12,knot_research.db
1725,12a_924,1,104,102,0.26794919243112236,12,knot_research.db
1726,12a_925,1,95,93,0.2645446466105593,12,knot_research.db
1727,12a_926,1,110,108,0.19283131641129334,12,knot_research.db
1728,12a_927,1,96,94,0.26393888987286723,12,knot_research.db
1729,12a_928,1,91,89,0.4617016572112256,12,knot_research.db
1730,12a_929,1,92,90,0.25011820155535125,12,knot_research.db
1731,12a_930,1,100,98,0.18441288146493406,12,knot_research.db
1732,12a_931,1,104,102,0.2711590762582778,12,knot_research.db
1733,12a_932,1,90,88,0.19338872072345314,12,knot_research.db
1734,12a_933,1,99,97,0.3249459594531583,12,knot_research.db
1735,12a_934,1,98,96,0.3090076190169425,12,knot_research.db
1736,12a_935,1,95,93,0.2993375141912764,12,knot_research.db
1737,12a_936,1,102,100,0.2889117986955776,12,knot_research.db
1738,12a_937,1,108,106,0.17448503413920557,12,knot_research.db
1739,12a_938,1,106,104,0.242473873940622,12,knot_research.db
1740,12a_939,1,104,102,0.25472110401776515,12,knot_research.db
1741,12a_940,1,96,94,0.13919414688829593,12,knot_research.db
1742,12a_941,1,108,106,0.20154742840626633,12,knot_research.db
1743,12a_942,1,94,92,0.1551761852252736,12,knot_research.db
1744,12a_943,1,100,98,0.27340752883030767,12,knot_research.db
1745,12a_944,1,105,103,0.2609310203515953,12,knot_research.db
1746,12a_945,1,101,99,0.21878362124326775,12,knot_research.db
1747,12a_946,1,98,96,0.2046272587145208,12,knot_research.db
1748,12a_947,1,106,104,0.23049256413174352,12,knot_research.db
1749,12a_948,1,95,93,0.239998058633992,12,knot_research.db
1750,12a_949,1,102,100,0.3562914942753622,12,knot_research.db
1751,12a_950,1,94,92,0.24681549268126238,12,knot_research.db
1752,12a_951,1,91,89,0.26677671060622987,12,knot_research.db
1753,12a_952,1,104,102,0.1653626012369736,12,knot_research.db
1754,12a_953,1,104,102,0.27816953735420835,12,knot_research.db
1755,12a_954,1,100,98,0.2986336692868223,12,knot_research.db
1756,12a_955,1,96,94,0.22408688799800686,12,knot_research.db
1757,12a_956,1,99,97,0.3087287677634273,12,knot_research.db
1758,12a_957,1,103,101,0.31347914317717834,12,knot_research.db
1759,12a_958,1,103,101,0.26320378680431683,12,knot_research.db
1760,12a_959,1,99,97,0.2706856858959884,12,knot_research.db
1761,12a_960,1,98,96,0.4449659308143942,12,knot_research.db
1762,12a_961,1,98,96,0.3528875826952144,12,knot_research.db
1763,12a_962,1,97,95,0.22576492101612625,12,knot_research.db
1764,12a_963,1,90,88,0.24918662571568473,12,knot_research.db
1765,12a_964,1,95,93,0.29579687869445775,12,knot_research.db
1766,12a_965,1,98,96,0.345271799141464,12,knot_research.db
1767,12a_966,1,99,97,0.29905573712377803,12,knot_research.db
1768,12a_967,1,100,98,0.27816953735420036,12,knot_research.db
1769,12a_968,1,104,102,0.218922511634877,12,knot_research.db
1770,12a_969,1,100,98,0.15621243593969736,12,knot_research.db
1771,12a_970,1,95,93,0.18206231040825435,12,knot_research.db
1772,12a_971,1,103,101,0.2554391144869351,12,knot_research.db
1773,12a_972,1,96,94,0.22163901396001395,12,knot_research.db
1774,12a_973,1,100,98,0.3582629211667882,12,knot_research.db
1775,12a_974,1,96,94,0.24464384191577007,12,knot_research.db
1776,12a_975,1,88,86,0.3819660112501044,12,knot_research.db
1777,12a_976,1,93,91,0.5064615813705726,12,knot_research.db
1778,12a_977,1,96,94,0.20291544458435687,12,knot_research.db
1779,12a_978,1,108,106,0.1720786239001946,12,knot_research.db
1780,12a_979,1,99,97,0.2685299431182906,12,knot_research.db
1781,12a_980,1,95,93,0.23461732065200344,12,knot_research.db
1782,12a_981,1,107,105,0.190423662837339,12,knot_research.db
1783,12a_982,1,101,99,0.23905540805073255,12,knot_research.db
1784,12a_983,1,100,98,0.27816953735421884,12,knot_research.db
1785,12a_984,1,95,93,0.12402875533831677,12,knot_research.db
1786,12a_985,1,105,103,0.1826100137770231,12,knot_research.db
1787,12a_986,1,91,89,0.4026367007000338,12,knot_research.db
1788,12a_987,1,97,95,0.2776598077612393,12,knot_research.db
1789,12a_988,1,109,107,0.1585294153343355,12,knot_research.db
1790,12a_989,1,103,101,0.2503263464060126,12,knot_research.db
1791,12a_990,1,102,100,0.3326754600654025,12,knot_research.db
1792,12a_991,1,90,88,0.29540650429399884,12,knot_research.db
1793,12a_992,1,98,96,0.327002327485817,12,knot_research.db
1794,12a_993,1,103,101,0.21898199528464024,12,knot_research.db
1795,12a_994,1,98,96,0.3744155158650911,12,knot_research.db
1796,12a_995,1,100,98,0.2986336692867463,12,knot_research.db
1797,12a_996,1,94,92,0.26393888987291547,12,knot_research.db
1798,12a_997,1,102,100,0.2053760071740901,12,knot_research.db
1799,12a_998,1,98,96,0.2971740543738807,12,knot_research.db
1800,12a_999,1,101,99,0.18662039495901134,12,knot_research.db
1801,12a_1000,1,105,103,0.25311827887417876,12,knot_research.db
1802,12a_1001,1,94,92,0.15333265897521492,12,knot_research.db
1803,12a_1002,1,103,101,0.20467365395467096,12,knot_research.db
1804,12a_1003,1,97,95,0.22439787507622935,12,knot_research.db
1805,12a_1004,1,98,96,0.40781224548347406,12,knot_research.db
1806,12a_1005,1,97,95,0.21212921950659996,12,knot_research.db
1807,12a_1006,1,101,99,0.27869344765796106,12,knot_research.db
1808,12a_1007,1,100,98,0.18526070462768462,12,knot_research.db
1809,12a_1008,1,102,100,0.263193557949326,12,knot_research.db
1810,12a_1009,1,107,105,0.20167450986896035,12,knot_research.db
1811,12a_1010,1,99,97,0.24060388570765823,12,knot_research.db
1812,12a_1011,1,110,108,0.18109374541988993,12,knot_research.db
1813,12a_1012,1,96,94,0.24454677108663597,12,knot_research.db
1814,12a_1013,1,109,107,0.20167450986895744,12,knot_research.db
1815,12a_1014,1,103,101,0.2406038857076295,12,knot_research.db
1816,12a_1015,1,102,100,0.14100886051261555,12,knot_research.db
1817,12a_1016,1,106,104,0.22867759051190442,12,knot_research.db
1818,12a_1017,1,93,91,0.19927718092148755,12,knot_research.db
1819,12a_1018,1,105,103,0.26775237449326655,12,knot_research.db
1820,12a_1019,1,90,88,0.45697802801087894,12,knot_research.db
1821,12a_1020,1,91,89,0.25493504730988986,12,knot_research.db
1822,12a_1021,1,90,88,0.46386661974369403,12,knot_research.db
1823,12a_1022,1,97,95,0.3070706704085461,12,knot_research.db
1824,12a_1023,1,108,106,0.20154742840626724,12,knot_research.db
1825,12a_1024,1,96,94,0.22411461030693378,12,knot_research.db
1826,12a_1025,1,96,94,0.36168392687931217,12,knot_research.db
1827,12a_1026,1,98,96,0.25079401978411037,12,knot_research.db
1828,12a_1027,1,111,109,0.15021406680462313,12,knot_research.db
1829,12a_1028,1,109,107,0.18706150340214134,12,knot_research.db
1830,12a_1029,1,111,109,0.15021406680462163,12,knot_research.db
1831,12a_1030,1,95,93,0.1820623104082736,12,knot_research.db
1832,12a_1031,1,95,93,0.1352980058251504,12,knot_research.db
1833,12a_1032,1,105,103,0.18084540641105193,12,knot_research.db
1834,12a_1033,1,109,107,0.17862523035259478,12,knot_research.db
1835,12a_1034,1,107,105,0.24830291257690773,12,knot_research.db
1836,12a_1035,1,106,104,0.25472110401780823,12,knot_research.db
1837,12a_1036,1,98,96,0.2528052300776214,12,knot_research.db
1838,12a_1037,1,92,90,0.27479611166890916,12,knot_research.db
1839,12a_1038,1,104,102,0.26396682265753524,12,knot_research.db
1840,12a_1039,1,108,106,0.170302320936368,12,knot_research.db
1841,12a_1040,1,102,100,0.12061475842818353,12,knot_research.db
1842,12a_1041,1,93,91,0.3655860545668125,12,knot_research.db
1843,12a_1042,1,97,95,0.3531168155785426,12,knot_research.db
1844,12a_1043,1,101,99,0.2692270132581671,12,knot_research.db
1845,12a_1044,1,101,99,0.2529132235179957,12,knot_research.db
1846,12a_1045,1,98,96,0.24293376438304498,12,knot_research.db
1847,12a_1046,1,102,100,0.29615915641757257,12,knot_research.db
1848,12a_1047,1,105,103,0.2098835051768286,12,knot_research.db
1849,12a_1048,1,99,97,0.2944225642587299,12,knot_research.db
1850,12a_1049,1,99,97,0.2974885549599802,12,knot_research.db
1851,12a_1050,1,93,91,0.3052439646361378,12,knot_research.db
1852,12a_1051,1,104,102,0.17683803653035501,12,knot_research.db
1853,12a_1052,1,102,100,0.276741188434498,12,knot_research.db
1854,12a_1053,1,95,93,0.2983085258433281,12,knot_research.db
1855,12a_1054,1,99,97,0.298308525843328,12,knot_research.db
1856,12a_1055,1,99,97,0.2706856858960158,12,knot_research.db
1857,12a_1056,1,98,96,0.3232978749668165,12,knot_research.db
1858,12a_1057,1,97,95,0.26499861472750513,12,knot_research.db
1859,12a_1058,1,99,97,0.30344794916359863,12,knot_research.db
1860,12a_1059,1,92,90,0.17833622845083677,12,knot_research.db
1861,12a_1060,1,104,102,0.2269820697575362,12,knot_research.db
1862,12a_1061,1,98,96,0.32701419367378837,12,knot_research.db
1863,12a_1062,1,106,104,0.2637979756687857,12,knot_research.db
1864,12a_1063,1,106,104,0.14664701026258803,12,knot_research.db
1865,12a_1064,1,106,104,0.2097100918064784,12,knot_research.db
1866,12a_1065,1,91,89,0.2988092160321408,12,knot_research.db
1867,12a_1066,1,106,104,0.2282922706897687,12,knot_research.db
1868,12a_1067,1,98,96,0.3565289784848976,12,knot_research.db
1869,12a_1068,1,98,96,0.15248257823858932,12,knot_research.db
1870,12a_1069,1,98,96,0.27813426389283186,12,knot_research.db
1871,12a_1070,1,95,93,0.2986816996354733,12,knot_research.db
1872,12a_1071,1,100,98,0.2986336692867322,12,knot_research.db
1873,12a_1072,1,97,95,0.3046889995270086,12,knot_research.db
1874,12a_1073,1,102,100,0.2781695373541736,12,knot_research.db
1875,12a_1074,1,94,92,0.29471677030252996,12,knot_research.db
1876,12a_1075,1,96,94,0.21835011005808094,12,knot_research.db
1877,12a_1076,1,98,96,0.28556971718058577,12,knot_research.db
1878,12a_1077,1,105,103,0.263194284830221,12,knot_research.db
1879,12a_1078,1,91,89,0.3051075461569501,12,knot_research.db
1880,12a_1079,1,98,96,0.3565289784848522,12,knot_research.db
1881,12a_1080,1,90,88,0.18277968272030454,12,knot_research.db
1882,12a_1081,1,102,100,0.30888014164652705,12,knot_research.db
1883,12a_1082,1,92,90,0.19163252590728966,12,knot_research.db
1884,12a_1083,1,101,99,0.2952652893552985,12,knot_research.db
1885,12a_1084,1,100,98,0.18778962863965337,12,knot_research.db
1886,12a_1085,1,102,100,0.2317181768570122,12,knot_research.db
1887,12a_1086,1,101,99,0.28247815996535747,12,knot_research.db
1888,12a_1087,1,100,98,0.30722915017355307,12,knot_research.db
1889,12a_1088,1,98,96,0.3232978749668027,12,knot_research.db
1890,12a_1089,1,98,96,0.18569712796086246,12,knot_research.db
1891,12a_1090,1,104,102,0.27115907625828284,12,knot_research.db
1892,12a_1091,1,95,93,0.29199643082350757,12,knot_research.db
1893,12a_1092,1,95,93,0.3169470340936866,12,knot_research.db
1894,12a_1093,1,101,99,0.3070706704086285,12,knot_research.db
1895,12a_1094,1,106,104,0.2273671155647251,12,knot_research.db
1896,12a_1095,1,97,95,0.1877748509150081,12,knot_research.db
1897,12a_1096,1,93,91,0.2997773921552004,12,knot_research.db
1898,12a_1097,1,90,88,0.28025189935397915,12,knot_research.db
1899,12a_1098,1,98,96,0.41298267093192964,12,knot_research.db
1900,12a_1099,1,99,97,0.18633610667108694,12,knot_research.db
1901,12a_1100,1,95,93,0.29933751419126775,12,knot_research.db
1902,12a_1101,1,99,97,0.25990230701568673,12,knot_research.db
1903,12a_1102,1,98,96,0.36001727078122076,12,knot_research.db
1904,12a_1103,1,103,101,0.26045477936226136,12,knot_research.db
1905,12a_1104,1,99,97,0.2776598077613478,12,knot_research.db
1906,12a_1105,1,98,96,0.28556971718055024,12,knot_research.db
1907,12a_1106,1,92,90,0.19254358159508056,12,knot_research.db
1908,12a_1107,1,93,91,0.1339995529178577,12,knot_research.db
1909,12a_1108,1,103,101,0.1757745689765109,12,knot_research.db
1910,12a_1109,1,100,98,0.278169537354165,12,knot_research.db
1911,12a_1110,1,93,91,0.40511044072978986,12,knot_research.db
1912,12a_1111,1,92,90,0.2113489850330128,12,knot_research.db
1913,12a_1112,1,100,98,0.29863366928677154,12,knot_research.db
1914,12a_1113,1,92,90,0.28462913703776904,12,knot_research.db
1915,12a_1114,1,97,95,0.10762426300126485,12,knot_research.db
1916,12a_1115,1,101,99,0.13887331666761885,12,knot_research.db
1917,12a_1116,1,101,99,0.20303124958380078,12,knot_research.db
1918,12a_1117,1,98,96,0.5034210781185706,12,knot_research.db
1919,12a_1118,1,109,107,0.1662615320305387,12,knot_research.db
1920,12a_1119,1,103,101,0.20248569965773108,12,knot_research.db
1921,12a_1120,1,109,107,0.1759843156430676,12,knot_research.db
1922,12a_1121,1,101,99,0.24355744734380602,12,knot_research.db
1923,12a_1122,1,91,89,0.38102799059190817,12,knot_research.db
1924,12a_1123,1,98,96,0.3900445057515807,12,knot_research.db
1925,12a_1124,1,98,96,0.2855212556122343,12,knot_research.db
1926,12a_1125,1,104,102,0.14385123175266692,12,knot_research.db
1927,12a_1126,1,110,108,0.23765117895131607,12,knot_research.db
1928,12a_1127,1,112,110,0.1980622641951614,12,knot_research.db
1929,12a_1128,1,115,113,0.12582717238395277,12,knot_research.db
1930,12a_1129,1,109,107,0.18706150340213915,12,knot_research.db
1931,12a_1130,1,107,105,0.1799412911120979,12,knot_research.db
1932,12a_1131,1,101,99,0.13081890406229088,12,knot_research.db
1933,12a_1132,1,105,103,0.24060388570765406,12,knot_research.db
1934,12a_1133,1,103,101,0.24060388570765098,12,knot_research.db
1935,12a_1134,1,112,110,0.10456929653814476,12,knot_research.db
1936,12a_1135,1,110,108,0.17333007057430483,12,knot_research.db
1937,12a_1136,1,106,104,0.16844120805278723,12,knot_research.db
1938,12a_1137,1,96,94,0.2341991617345166,12,knot_research.db
1939,12a_1138,1,99,97,0.13478190740406015,12,knot_research.db
1940,12a_1139,1,111,109,0.20907693538978284,12,knot_research.db
1941,12a_1140,1,106,104,0.15509841356379064,12,knot_research.db
1942,12a_1141,1,105,103,0.25035539452097977,12,knot_research.db
1943,12a_1142,1,93,91,0.21787605259827697,12,knot_research.db
1944,12a_1143,1,99,97,0.2490038848781933,12,knot_research.db
1945,12a_1144,1,107,105,0.2763132547726585,12,knot_research.db
1946,12a_1145,1,112,110,0.12672495563929873,12,knot_research.db
1947,12a_1146,1,100,98,0.14304948950571428,12,knot_research.db
1948,12a_1147,1,108,106,0.16590156040665027,12,knot_research.db
1949,12a_1148,1,108,106,0.11121576784367183,12,knot_research.db
1950,12a_1149,1,98,96,0.08101405277100443,12,knot_research.db
1951,12a_1150,1,102,100,0.19599675847406717,12,knot_research.db
1952,12a_1151,1,102,100,0.14096178729062758,12,knot_research.db
1953,12a_1152,1,92,90,0.5521125454512147,12,knot_research.db
1954,12a_1153,1,102,100,0.18505654508735558,12,knot_research.db
1955,12a_1154,1,102,100,0.2755344077444441,12,knot_research.db
1956,12a_1155,1,98,96,0.3809556516607451,12,knot_research.db
1957,12a_1156,1,92,90,0.31950586449979657,12,knot_research.db
1958,12a_1157,1,96,94,0.08101405277100396,12,knot_research.db
1959,12a_1158,1,106,104,0.12290136112500402,12,knot_research.db
1960,12a_1159,1,102,100,0.12061475842818233,12,knot_research.db
1961,12a_1160,1,110,108,0.20664827347578293,12,knot_research.db
1962,12a_1161,1,114,112,0.1980622641951606,12,knot_research.db
1963,12a_1162,1,108,106,0.12061475842818276,12,knot_research.db
1964,12a_1163,1,110,108,0.19806226419516038,12,knot_research.db
1965,12a_1164,1,102,100,0.13919414688829657,12,knot_research.db
1966,12a_1165,1,114,112,0.16441180460527796,12,knot_research.db
1967,12a_1166,1,114,112,0.12061475842818299,12,knot_research.db
1968,12a_1167,1,92,90,0.34366109181252424,12,knot_research.db
1969,12a_1168,1,103,101,0.20248569965770813,12,knot_research.db
1970,12a_1169,1,107,105,0.1997443177543836,12,knot_research.db
1971,12a_1170,1,105,103,0.2677523744932323,12,knot_research.db
1972,12a_1171,1,91,89,0.2009900931388764,12,knot_research.db
1973,12a_1172,1,97,95,0.2993375141912708,12,knot_research.db
1974,12a_1173,1,100,98,0.30722915017355673,12,knot_research.db
1975,12a_1174,1,105,103,0.20481418260877807,12,knot_research.db
1976,12a_1175,1,100,98,0.27816953735420985,12,knot_research.db
1977,12a_1176,1,107,105,0.18041952270396733,12,knot_research.db
1978,12a_1177,1,99,97,0.2619536914229082,12,knot_research.db
1979,12a_1178,1,103,101,0.1981300401520973,12,knot_research.db
1980,12a_1179,1,99,97,0.14431086736393806,12,knot_research.db
1981,12a_1180,1,103,101,0.22233241253248226,12,knot_research.db
1982,12a_1181,1,107,105,0.1614266074887773,12,knot_research.db
1983,12a_1182,1,104,102,0.2189225116348686,12,knot_research.db
1984,12a_1183,1,104,102,0.15414011546143633,12,knot_research.db
1985,12a_1184,1,105,103,0.24134817129939307,12,knot_research.db
1986,12a_1185,1,97,95,0.3826757271836043,12,knot_research.db
1987,12a_1186,1,95,93,0.2552218722278845,12,knot_research.db
1988,12a_1187,1,94,92,0.34579020944909583,12,knot_research.db
1989,12a_1188,1,88,86,0.4895787520999981,12,knot_research.db
1990,12a_1189,1,95,93,0.4282832595398901,12,knot_research.db
1991,12a_1190,1,95,93,0.2735084590347417,12,knot_research.db
1992,12a_1191,1,100,98,0.18804704639970696,12,knot_research.db
1993,12a_1192,1,100,98,0.27192774691083493,12,knot_research.db
1994,12a_1193,1,92,90,0.3761030790410053,12,knot_research.db
1995,12a_1194,1,98,96,0.216694766795992,12,knot_research.db
1996,12a_1195,1,97,95,0.2537719485777331,12,knot_research.db
1997,12a_1196,1,93,91,0.3578957282125211,12,knot_research.db
1998,12a_1197,1,97,95,0.2726601611089878,12,knot_research.db
1999,12a_1198,1,101,99,0.31096733776831176,12,knot_research.db
2000,12a_1199,1,104,102,0.20743657022368422,12,knot_research.db
2001,12a_1200,1,92,90,0.15382551731851926,12,knot_research.db
2002,12a_1201,1,101,99,0.20770909443239988,12,knot_research.db
2003,12a_1202,1,104,102,0.3119869128431162,12,knot_research.db
2004,12a_1203,1,105,103,0.20481418260874548,12,knot_research.db
2005,12a_1204,1,105,103,0.26775237449326766,12,knot_research.db
2006,12a_1205,1,91,89,0.2036084952962376,12,knot_research.db
2007,12a_1206,1,98,96,0.29717405437384375,12,knot_research.db
2008,12a_1207,1,101,99,0.28891196573074956,12,knot_research.db
2009,12a_1208,1,97,95,0.3826757271836515,12,knot_research.db
2010,12a_1209,1,106,104,0.3085365086711545,12,knot_research.db
2011,12a_1210,1,96,94,0.31511788878916924,12,knot_research.db
2012,12a_1211,1,98,96,0.40213018310213394,12,knot_research.db
2013,12a_1212,1,97,95,0.3618554898664875,12,knot_research.db
2014,12a_1213,1,97,95,0.26763430108903496,12,knot_research.db
2015,12a_1214,1,92,90,0.1391941468882956,12,knot_research.db
2016,12a_1215,1,104,102,0.20769368694270865,12,knot_research.db
2017,12a_1216,1,96,94,0.29387774782082055,12,knot_research.db
2018,12a_1217,1,100,98,0.3790622552163611,12,knot_research.db
2019,12a_1218,1,112,110,0.27368652913249664,12,knot_research.db
2020,12a_1219,1,109,107,0.24049337980734317,12,knot_research.db
2021,12a_1220,1,97,95,0.17608046208372877,12,knot_research.db
2022,12a_1221,1,101,99,0.3198893622566159,12,knot_research.db
2023,12a_1222,1,100,98,0.3338508320595476,12,knot_research.db
2024,12a_1223,1,100,98,0.21258174487380677,12,knot_research.db
2025,12a_1224,1,108,106,0.20170412047947642,12,knot_research.db
2026,12a_1225,1,98,96,0.36020628590478315,12,knot_research.db
2027,12a_1226,1,105,103,0.18515409148327347,12,knot_research.db
2028,12a_1227,1,103,101,0.21898199528459308,12,knot_research.db
2029,12a_1228,1,103,101,0.2189819952845454,12,knot_research.db
2030,12a_1229,1,98,96,0.3565289784847997,12,knot_research.db
2031,12a_1230,1,97,95,0.2708612842746013,12,knot_research.db
2032,12a_1231,1,104,102,0.2639668226575351,12,knot_research.db
2033,12a_1232,1,96,94,0.23131314197354672,12,knot_research.db
2034,12a_1233,1,108,106,0.13048397078965937,12,knot_research.db
2035,12a_1234,1,108,106,0.19628753387975095,12,knot_research.db
2036,12a_1235,1,108,106,0.2015474284062677,12,knot_research.db
2037,12a_1236,1,96,94,0.24454677108660186,12,knot_research.db
2038,12a_1237,1,99,97,0.29760517197705405,12,knot_research.db
2039,12a_1238,1,107,105,0.2016745098689596,12,knot_research.db
2040,12a_1239,1,103,101,0.22454052172379804,12,knot_research.db
2041,12a_1240,1,97,95,0.1717635687263045,12,knot_research.db
2042,12a_1241,1,105,103,0.25443594632664446,12,knot_research.db
2043,12a_1242,1,92,90,0.09917373273459841,12,knot_research.db
2044,12a_1243,1,106,104,0.13919414688829523,12,knot_research.db
2045,12a_1244,1,104,102,0.1728075888019804,12,knot_research.db
2046,12a_1245,1,106,104,0.2678104867656325,12,knot_research.db
2047,12a_1246,1,105,103,0.1846308331637687,12,knot_research.db
2048,12a_1247,1,91,89,0.12588914844449078,12,knot_research.db
2049,12a_1248,1,93,91,0.402636700699959,12,knot_research.db
2050,12a_1249,1,98,96,0.40213018310214876,12,knot_research.db
2051,12a_1250,1,100,98,0.3399576321980446,12,knot_research.db
2052,12a_1251,1,98,96,0.4881906168386351,12,knot_research.db
2053,12a_1252,1,98,96,0.35147961195848654,12,knot_research.db
2054,12a_1253,1,99,97,0.2431276541739928,12,knot_research.db
2055,12a_1254,1,108,106,0.20170412047949604,12,knot_research.db
2056,12a_1255,1,96,94,0.2313131419735086,12,knot_research.db
2057,12a_1256,1,100,98,0.1523978338429499,12,knot_research.db
2058,12a_1257,1,104,102,0.2639668226575382,12,knot_research.db
2059,12a_1258,1,106,104,0.20971009180648895,12,knot_research.db
2060,12a_1259,1,100,98,0.15650426539129467,12,knot_research.db
2061,12a_1260,1,106,104,0.2287681678395379,12,knot_research.db
2062,12a_1261,1,102,100,0.19599675847410583,12,knot_research.db
2063,12a_1262,1,98,96,0.17658160829507213,12,knot_research.db
2064,12a_1263,1,101,99,0.2990557371237781,12,knot_research.db
2065,12a_1264,1,102,100,0.17846279023125294,12,knot_research.db
2066,12a_1265,1,106,104,0.22962291762774545,12,knot_research.db
2067,12a_1266,1,102,100,0.1391941468882962,12,knot_research.db
2068,12a_1267,1,108,106,0.26582333848740003,12,knot_research.db
2069,12a_1268,1,99,97,0.3263609337191548,12,knot_research.db
2070,12a_1269,1,106,104,0.23201201461375048,12,knot_research.db
2071,12a_1270,1,98,96,0.37306021424829894,12,knot_research.db
2072,12a_1271,1,103,101,0.26216076559295526,12,knot_research.db
2073,12a_1272,1,101,99,0.3275196178542335,12,knot_research.db
2074,12a_1273,1,116,114,0.12725355148668202,12,knot_research.db
2075,12a_1274,1,106,104,0.1455692519176995,12,knot_research.db
2076,12a_1275,1,106,104,0.2467653647487313,12,knot_research.db
2077,12a_1276,1,108,106,0.10194094618917994,12,knot_research.db
2078,12a_1277,1,108,106,0.1586825611850985,12,knot_research.db
2079,12a_1278,1,94,92,0.08101405277100505,12,knot_research.db
2080,12a_1279,1,110,108,0.12061475842818323,12,knot_research.db
2081,12a_1280,1,98,96,0.3463648873599556,12,knot_research.db
2082,12a_1281,1,108,106,0.1616456959969328,12,knot_research.db
2083,12a_1282,1,110,108,0.12061475842818131,12,knot_research.db
2084,12a_1283,1,112,110,0.13950783046525758,12,knot_research.db
2085,12a_1284,1,100,98,0.16499770504447972,12,knot_research.db
2086,12a_1285,1,104,102,0.11223682432314419,12,knot_research.db
2087,12a_1286,1,94,92,0.08777082151560356,12,knot_research.db
2088,12a_1287,1,118,116,0.18466231525837615,12,knot_research.db
2089,12a_1288,1,108,106,0.20874391048218377,12,knot_research.db
2090,12n_1,1,99,98,0.04639826534910085,12,knot_research.db
2091,12n_2,1,97,96,0.08893270083420654,12,knot_research.db
2092,12n_3,1,99,98,0.04302688418639862,12,knot_research.db
2093,12n_4,1,98,97,0.10059071972873035,12,knot_research.db
2094,12n_5,1,97,96,0.08415537427944823,12,knot_research.db
2095,12n_6,1,94,93,0.0069086615240791256,12,knot_research.db
2096,12n_7,1,98,97,0.02350122578894142,12,knot_research.db
2097,12n_8,1,98,97,0.03451274184207165,12,knot_research.db
2098,12n_9,1,102,101,0.10829429576352502,12,knot_research.db
2099,12n_10,1,103,102,0.03324913092852439,12,knot_research.db
2100,12n_11,1,98,97,0.16286097639556069,12,knot_research.db
2101,12n_12,1,100,99,0.15641682306870575,12,knot_research.db
2102,12n_13,1,96,95,0.013772222010222152,12,knot_research.db
2103,12n_14,1,94,93,0.14900508286028255,12,knot_research.db
2104,12n_15,1,96,95,0.22281535792123786,12,knot_research.db
2105,12n_16,1,90,88,0.045583332945142316,12,knot_research.db
2106,12n_17,1,94,93,0.19168280563126672,12,knot_research.db
2107,12n_18,1,96,95,0.1811887965783795,12,knot_research.db
2108,12n_19,1,92,90,0.02624251516795091,12,knot_research.db
2109,12n_20,1,99,98,0.03530855530473786,12,knot_research.db
2110,12n_21,1,94,93,0.14883903125913234,12,knot_research.db
2111,12n_22,1,96,95,0.1608092674696495,12,knot_research.db
2112,12n_23,1,90,88,0.047315381776712684,12,knot_research.db
2113,12n_24,1,98,97,0.03234077219480547,12,knot_research.db
2114,12n_25,1,104,103,0.018502219887996083,12,knot_research.db
2115,12n_26,1,95,94,0.04969020404948929,12,knot_research.db
2116,12n_27,1,93,92,0.08534357687910724,12,knot_research.db
2117,12n_28,1,95,93,0.03407962626463858,12,knot_research.db
2118,12n_29,1,94,93,0.15419242631826166,12,knot_research.db
2119,12n_30,1,96,95,0.18183917054282192,12,knot_research.db
2120,12n_31,1,90,88,0.047133848645179235,12,knot_research.db
2121,12n_32,1,95,94,0.05155194840412808,12,knot_research.db
2122,12n_33,1,93,92,0.08121331452354841,12,knot_research.db
2123,12n_34,1,95,93,0.03551242061237129,12,knot_research.db
2124,12n_35,1,96,95,0.16827189838842854,12,knot_research.db
2125,12n_36,1,98,97,0.18520557861545228,12,knot_research.db
2126,12n_37,1,92,91,0.01650666725919963,12,knot_research.db
2127,12n_38,1,97,96,0.07225292105712626,12,knot_research.db
2128,12n_39,1,95,94,0.14981764892555904,12,knot_research.db
2129,12n_40,1,97,96,0.04310656397809226,12,knot_research.db
2130,12n_41,1,102,101,0.026894967552980813,12,knot_research.db
2131,12n_42,1,98,97,0.08437211770021383,12,knot_research.db
2132,12n_43,1,100,99,0.10979384187931013,12,knot_research.db
2133,12n_44,1,94,93,0.05589258621493833,12,knot_research.db
2134,12n_45,1,101,100,0.03827342078917221,12,knot_research.db
2135,12n_46,1,100,99,0.03897775432701586,12,knot_research.db
2136,12n_47,1,100,99,0.07429250957766158,12,knot_research.db
2137,12n_48,1,102,101,0.11411810154022106,12,knot_research.db
2138,12n_49,1,96,95,0.12171036433938554,12,knot_research.db
2139,12n_50,1,98,97,0.18983624622680043,12,knot_research.db
2140,12n_51,1,94,92,0.019381417514448804,12,knot_research.db
2141,12n_52,1,95,94,0.30198406221839846,12,knot_research.db
2142,12n_53,1,97,96,0.0378190309457184,12,knot_research.db
2143,12n_54,1,100,99,0.034973403327858574,12,knot_research.db
2144,12n_55,1,94,93,0.19639906265008023,12,knot_research.db
2145,12n_56,1,93,91,0.015863555597148558,12,knot_research.db
2146,12n_57,1,93,91,0.014038624734838299,12,knot_research.db
2147,12n_58,1,96,95,0.22630622157066316,12,knot_research.db
2148,12n_59,1,90,88,0.054329859187565166,12,knot_research.db
2149,12n_60,1,95,94,0.09603950507747522,12,knot_research.db
2150,12n_61,1,95,94,0.09711506358490984,12,knot_research.db
2151,12n_62,1,99,98,0.05510675294627115,12,knot_research.db
2152,12n_63,1,96,94,0.026292285763301695,12,knot_research.db
2153,12n_64,1,94,93,0.04218245135976828,12,knot_research.db
2154,12n_65,1,102,101,0.03715252462710339,12,knot_research.db
2155,12n_66,1,99,98,0.05430524972233761,12,knot_research.db
2156,12n_67,1,98,97,0.035122943132866326,12,knot_research.db
2157,12n_68,1,96,95,0.012093067736540064,12,knot_research.db
2158,12n_69,1,99,98,0.046911789542822754,12,knot_research.db
2159,12n_70,1,100,99,0.162887650680144,12,knot_research.db
2160,12n_71,1,95,94,0.1340240366575749,12,knot_research.db
2161,12n_72,1,96,95,0.25065476543572107,12,knot_research.db
2162,12n_73,1,95,94,0.027480565863684497,12,knot_research.db
2163,12n_74,1,94,93,0.08624738683121051,12,knot_research.db
2164,12n_75,1,99,98,0.11325563122363036,12,knot_research.db
2165,12n_76,1,98,97,0.03510424180124261,12,knot_research.db
2166,12n_77,1,100,99,0.18213045416791135,12,knot_research.db
2167,12n_78,1,99,98,0.1862009439683342,12,knot_research.db
2168,12n_79,1,100,99,0.008315849515904741,12,knot_research.db
2169,12n_80,1,95,94,0.05297271517196123,12,knot_research.db
2170,12n_81,1,96,95,0.2810870207926793,12,knot_research.db
2171,12n_82,1,93,91,0.011974954977219548,12,knot_research.db
2172,12n_83,1,96,95,0.2814821493348491,12,knot_research.db
2173,12n_84,1,95,94,0.05853056627636327,12,knot_research.db
2174,12n_85,1,95,94,0.0262070167631551,12,knot_research.db
2175,12n_86,1,96,95,0.12136679893915536,12,knot_research.db
2176,12n_87,1,93,91,0.011826533739084408,12,knot_research.db
2177,12n_88,1,96,95,0.35196412688996753,12,knot_research.db
2178,12n_89,1,96,95,0.014692850568555845,12,knot_research.db
2179,12n_90,1,101,100,0.03780684042752114,12,knot_research.db
2180,12n_91,1,98,96,0.13329884561251867,12,knot_research.db
2181,12n_92,1,97,96,0.19851103102736276,12,knot_research.db
2182,12n_93,1,98,96,0.024948785277398283,12,knot_research.db
2183,12n_94,1,100,99,0.21411065412239333,12,knot_research.db
2184,12n_95,1,97,96,0.2739549525487031,12,knot_research.db
2185,12n_96,1,98,96,0.02821359543106781,12,knot_research.db
2186,12n_97,1,95,94,0.026017332135048733,12,knot_research.db
2187,12n_98,1,95,94,0.07865034636519784,12,knot_research.db
2188,12n_99,1,94,93,0.1923121094062362,12,knot_research.db
2189,12n_100,1,96,95,0.17717440553493446,12,knot_research.db
2190,12n_101,1,93,92,0.23720166146107158,12,knot_research.db
2191,12n_102,1,94,92,0.05893298846168857,12,knot_research.db
2192,12n_103,1,98,97,0.03712037399533006,12,knot_research.db
2193,12n_104,1,103,102,0.1368657147446667,12,knot_research.db
2194,12n_105,1,98,96,0.02844443482563942,12,knot_research.db
2195,12n_106,1,99,98,0.21164561196576856,12,knot_research.db
2196,12n_107,1,100,99,0.02737904922033174,12,knot_research.db
2197,12n_108,1,98,97,0.07887647562275737,12,knot_research.db
2198,12n_109,1,95,94,0.22282077764805397,12,knot_research.db
2199,12n_110,1,94,92,0.028055201555524434,12,knot_research.db
2200,12n_111,1,99,98,0.18653891047634463,12,knot_research.db
2201,12n_112,1,98,97,0.14544980098614252,12,knot_research.db
2202,12n_113,1,101,100,0.1815262152609851,12,knot_research.db
2203,12n_114,1,96,95,0.18004932997242595,12,knot_research.db
2204,12n_115,1,99,97,0.013480694695560357,12,knot_research.db
2205,12n_116,1,99,98,0.10215524665176709,12,knot_research.db
2206,12n_117,1,100,99,0.2541059593430502,12,knot_research.db
2207,12n_118,1,97,95,0.00648897676835547,12,knot_research.db
2208,12n_119,1,98,97,0.016683899749581618,12,knot_research.db
2209,12n_120,1,101,100,0.022541126478789603,12,knot_research.db
2210,12n_121,1,101,100,0.004593786941820141,12,knot_research.db
2211,12n_122,1,95,94,0.13064267952736192,12,knot_research.db
2212,12n_123,1,94,93,0.17291337329747059,12,knot_research.db
2213,12n_124,1,93,91,0.02558292559067034,12,knot_research.db
2214,12n_125,1,95,94,0.0802825985480774,12,knot_research.db
2215,12n_126,1,94,93,0.18728768957939002,12,knot_research.db
2216,12n_127,1,95,94,0.13465624135813326,12,knot_research.db
2217,12n_128,1,94,93,0.19431086714771217,12,knot_research.db
2218,12n_129,1,93,91,0.02894807604759146,12,knot_research.db
2219,12n_130,1,95,94,0.026210149227651643,12,knot_research.db
2220,12n_131,1,96,95,0.12154761897900988,12,knot_research.db
2221,12n_132,1,93,91,0.010086026690877839,12,knot_research.db
2222,12n_133,1,96,95,0.3519640914627833,12,knot_research.db
2223,12n_134,1,96,95,0.013321302988714033,12,knot_research.db
2224,12n_135,1,101,100,0.03789672701540752,12,knot_research.db
2225,12n_136,1,98,96,0.13323823723738384,12,knot_research.db
2226,12n_137,1,97,96,0.19851103102736406,12,knot_research.db
2227,12n_138,1,98,96,0.025175635994591775,12,knot_research.db
2228,12n_139,1,92,91,0.006048681990506491,12,knot_research.db
2229,12n_140,1,95,94,0.04805508655632421,12,knot_research.db
2230,12n_141,1,94,92,0.06010397603805436,12,knot_research.db
2231,12n_142,1,95,94,0.017794865095393932,12,knot_research.db
2232,12n_143,1,94,93,0.04385537260467487,12,knot_research.db
2233,12n_144,1,98,97,0.10015885601210997,12,knot_research.db
2234,12n_145,1,96,95,0.010853315329315279,12,knot_research.db
2235,12n_146,1,95,94,0.06098754095275183,12,knot_research.db
2236,12n_147,1,95,94,0.06305374230864302,12,knot_research.db
2237,12n_148,1,99,98,0.03590085146118122,12,knot_research.db
2238,12n_149,1,97,96,0.025294497637375117,12,knot_research.db
2239,12n_150,1,95,94,0.032843061002111734,12,knot_research.db
2240,12n_151,1,96,95,0.14320204471933803,12,knot_research.db
2241,12n_152,1,95,94,0.03772112722014197,12,knot_research.db
2242,12n_153,1,100,99,0.015611487649804101,12,knot_research.db
2243,12n_154,1,103,102,0.041195647644913874,12,knot_research.db
2244,12n_155,1,104,103,0.24072997133094648,12,knot_research.db
2245,12n_156,1,94,93,0.024451912334825465,12,knot_research.db
2246,12n_157,1,97,96,0.061211951265126185,12,knot_research.db
2247,12n_158,1,98,97,0.19533454481499157,12,knot_research.db
2248,12n_159,1,95,94,0.06358255111066935,12,knot_research.db
2249,12n_160,1,95,94,0.056469246170853346,12,knot_research.db
2250,12n_161,1,96,95,0.13348595079369033,12,knot_research.db
2251,12n_162,1,95,94,0.04116339800968806,12,knot_research.db
2252,12n_163,1,94,93,0.01277973720275665,12,knot_research.db
2253,12n_164,1,97,96,0.12137000782281626,12,knot_research.db
2254,12n_165,1,98,97,0.06317475756507702,12,knot_research.db
2255,12n_166,1,98,97,0.044644777983588596,12,knot_research.db
2256,12n_167,1,103,102,0.1354853653573582,12,knot_research.db
2257,12n_168,1,100,99,0.033294552934725156,12,knot_research.db
2258,12n_169,1,98,97,0.08808038043126207,12,knot_research.db
2259,12n_170,1,97,96,0.20103511480014694,12,knot_research.db
2260,12n_171,1,96,95,0.014077542940562618,12,knot_research.db
2261,12n_172,1,98,97,0.008206355385301123,12,knot_research.db
2262,12n_173,1,93,92,0.12482067203722017,12,knot_research.db
2263,12n_174,1,92,91,0.18818290268659177,12,knot_research.db
2264,12n_175,1,93,91,0.05518544618837575,12,knot_research.db
2265,12n_176,1,91,90,0.09003660932578574,12,knot_research.db
2266,12n_177,1,100,99,0.16199979317792312,12,knot_research.db
2267,12n_178,1,97,96,0.24130128233583054,12,knot_research.db
2268,12n_179,1,98,96,0.044878182211103804,12,knot_research.db
2269,12n_180,1,102,101,0.2696319085303365,12,knot_research.db
2270,12n_181,1,101,100,0.15804185178640395,12,knot_research.db
2271,12n_182,1,95,94,0.07783255184743504,12,knot_research.db
2272,12n_183,1,96,95,0.24447195328333732,12,knot_research.db
2273,12n_184,1,93,91,0.014022705163082325,12,knot_research.db
2274,12n_185,1,94,93,0.06427101425985167,12,knot_research.db
2275,12n_186,1,99,98,0.11535739277808908,12,knot_research.db
2276,12n_187,1,96,94,0.05732246503639429,12,knot_research.db
2277,12n_188,1,99,98,0.0726989850606082,12,knot_research.db
2278,12n_189,1,98,97,0.16060470702660012,12,knot_research.db
2279,12n_190,1,101,100,0.1659802434833255,12,knot_research.db
2280,12n_191,1,96,95,0.194609863012875,12,knot_research.db
2281,12n_192,1,99,97,0.02926744618561174,12,knot_research.db
2282,12n_193,1,99,98,0.08852196712799117,12,knot_research.db
2283,12n_194,1,102,101,0.1843084612891448,12,knot_research.db
2284,12n_195,1,99,97,0.009077810801504207,12,knot_research.db
2285,12n_196,1,98,97,0.0056968554692564816,12,knot_research.db
2286,12n_197,1,101,100,0.2720931121833629,12,knot_research.db
2287,12n_198,1,96,95,0.006834394262857978,12,knot_research.db
2288,12n_199,1,105,104,0.007175090032035314,12,knot_research.db
2289,12n_200,1,97,96,0.004653343315665026,12,knot_research.db
2290,12n_201,1,96,95,0.23005885615655589,12,knot_research.db
2291,12n_202,1,93,92,0.2723922908529426,12,knot_research.db
2292,12n_203,1,94,92,0.041807855288174434,12,knot_research.db
2293,12n_204,1,94,93,0.27581949027069697,12,knot_research.db
2294,12n_205,1,92,91,0.011198937620141807,12,knot_research.db
2295,12n_206,1,97,96,0.08378073001492231,12,knot_research.db
2296,12n_207,1,94,92,0.10111686783158111,12,knot_research.db
2297,12n_208,1,95,94,0.05780978694326322,12,knot_research.db
2298,12n_209,1,96,95,0.16895293813446832,12,knot_research.db
2299,12n_210,1,93,91,0.009279915209002289,12,knot_research.db
2300,12n_211,1,95,94,0.04269284362558924,12,knot_research.db
2301,12n_212,1,95,94,0.05792324769986479,12,knot_research.db
2302,12n_213,1,96,95,0.18706761162112578,12,knot_research.db
2303,12n_214,1,93,91,0.012147065152643651,12,knot_research.db
2304,12n_215,1,100,99,0.13677516754599722,12,knot_research.db
2305,12n_216,1,99,98,0.18849163406987707,12,knot_research.db
2306,12n_217,1,98,96,0.025343262528188963,12,knot_research.db
2307,12n_218,1,99,98,0.007363293329071217,12,knot_research.db
2308,12n_219,1,95,94,0.09835167967027042,12,knot_research.db
2309,12n_220,1,90,88,0.06102389868495628,12,knot_research.db
2310,12n_221,1,93,91,0.010560514417355523,12,knot_research.db
2311,12n_222,1,96,95,0.23574764763930584,12,knot_research.db
2312,12n_223,1,94,93,0.19247044849455364,12,knot_research.db
2313,12n_224,1,95,94,0.04424778958486509,12,knot_research.db
2314,12n_225,1,92,90,0.036437041569568715,12,knot_research.db
2315,12n_226,1,92,91,0.011470023085214213,12,knot_research.db
2316,12n_227,1,97,96,0.0789145203191318,12,knot_research.db
2317,12n_228,1,94,92,0.10608525746325728,12,knot_research.db
2318,12n_229,1,96,95,0.024086368253748002,12,knot_research.db
2319,12n_230,1,92,90,0.03465575118568336,12,knot_research.db
2320,12n_231,1,92,90,0.04968604290980454,12,knot_research.db
2321,12n_232,1,92,90,0.04898975631778123,12,knot_research.db
2322,12n_233,1,101,100,0.15262442903509807,12,knot_research.db
2323,12n_234,1,98,97,0.14779098155723672,12,knot_research.db
2324,12n_235,1,101,100,0.005174726988255177,12,knot_research.db
2325,12n_236,1,99,98,0.1250753171289425,12,knot_research.db
2326,12n_237,1,102,101,0.17097367585319861,12,knot_research.db
2327,12n_238,1,101,100,0.021402795778730166,12,knot_research.db
2328,12n_239,1,99,98,0.015436691853103923,12,knot_research.db
2329,12n_240,1,100,99,0.1052227847421936,12,knot_research.db
2330,12n_241,1,99,98,0.06997245883598446,12,knot_research.db
2331,12n_242,1,98,97,0.0531536107871906,12,knot_research.db
2332,12n_243,1,104,103,0.014733484697944041,12,knot_research.db
2333,12n_244,1,98,97,0.02893698724737844,12,knot_research.db
2334,12n_245,1,98,97,0.05665065753961191,12,knot_research.db
2335,12n_246,1,97,96,0.19167088128880394,12,knot_research.db
2336,12n_247,1,96,95,0.007516473151535474,12,knot_research.db
2337,12n_248,1,97,96,0.006779748365648292,12,knot_research.db
2338,12n_249,1,104,103,0.08168136225464123,12,knot_research.db
2339,12n_250,1,101,100,0.09781390924651574,12,knot_research.db
2340,12n_251,1,104,103,0.02480407692690553,12,knot_research.db
2341,12n_252,1,95,94,0.039046038345064205,12,knot_research.db
2342,12n_253,1,91,91,0.08605646835586987,12,knot_research.db
2343,12n_254,1,94,94,0.28226212437312903,12,knot_research.db
2344,12n_255,1,96,95,0.18349224325472,12,knot_research.db
2345,12n_256,1,93,91,0.020424730831989413,12,knot_research.db
2346,12n_257,1,89,88,0.009607993699890825,12,knot_research.db
2347,12n_258,1,90,89,0.0596790997740122,12,knot_research.db
2348,12n_259,1,96,95,0.17796983432672064,12,knot_research.db
2349,12n_260,1,93,92,0.0028422150824621768,12,knot_research.db
2350,12n_261,1,94,93,0.03863071697714941,12,knot_research.db
2351,12n_262,1,95,94,0.03864789840632166,12,knot_research.db
2352,12n_263,1,96,95,0.19016970983604306,12,knot_research.db
2353,12n_264,1,93,91,0.01586579124223948,12,knot_research.db
2354,12n_265,1,94,93,0.008720649826869454,12,knot_research.db
2355,12n_266,1,97,96,0.057025652424668546,12,knot_research.db
2356,12n_267,1,96,94,0.06873656810888967,12,knot_research.db
2357,12n_268,1,96,94,0.023776588951041698,12,knot_research.db
2358,12n_269,1,97,96,0.2809478496881525,12,knot_research.db
2359,12n_270,1,99,98,0.10144812930045771,12,knot_research.db
2360,12n_271,1,95,94,0.023024117458305682,12,knot_research.db
2361,12n_272,1,94,93,0.09814324572223576,12,knot_research.db
2362,12n_273,1,98,97,0.027906911358334424,12,knot_research.db
2363,12n_274,1,96,95,0.0697914643367612,12,knot_research.db
2364,12n_275,1,95,94,0.019549763863867753,12,knot_research.db
2365,12n_276,1,95,94,0.04105742565981191,12,knot_research.db
2366,12n_277,1,97,96,0.0914695883546163,12,knot_research.db
2367,12n_278,1,97,96,0.18050654124174415,12,knot_research.db
2368,12n_279,1,97,96,0.01838454298018779,12,knot_research.db
2369,12n_280,1,90,90,0.21330402132364804,12,knot_research.db
2370,12n_281,1,90,89,0.24113131934984897,12,knot_research.db
2371,12n_282,1,90,89,0.03410734356167093,12,knot_research.db
2372,12n_283,1,95,94,0.05271365482251866,12,knot_research.db
2373,12n_284,1,94,93,0.04875701267489232,12,knot_research.db
2374,12n_285,1,92,92,0.1500585068836354,12,knot_research.db
2375,12n_286,1,91,90,0.03282233130191719,12,knot_research.db
2376,12n_287,1,96,95,0.18773296738296583,12,knot_research.db
2377,12n_288,1,95,94,0.06690372538569625,12,knot_research.db
2378,12n_289,1,96,95,0.26190282601385373,12,knot_research.db
2379,12n_290,1,100,99,0.12293086621023472,12,knot_research.db
2380,12n_291,1,97,96,0.23378254958394784,12,knot_research.db
2381,12n_292,1,98,96,0.011838213584008061,12,knot_research.db
2382,12n_293,1,100,99,0.01950532110267517,12,knot_research.db
2383,12n_294,1,94,93,0.05017849396373368,12,knot_research.db
2384,12n_295,1,100,99,0.2357274465239298,12,knot_research.db
2385,12n_296,1,94,93,0.018494528305434126,12,knot_research.db
2386,12n_297,1,100,99,0.2222763159760226,12,knot_research.db
2387,12n_298,1,94,93,0.07287904095189922,12,knot_research.db
2388,12n_299,1,98,97,0.2583863365459069,12,knot_research.db
2389,12n_300,1,93,92,0.10112345936763166,12,knot_research.db
2390,12n_301,1,95,94,0.10865679468013306,12,knot_research.db
2391,12n_302,1,96,95,0.1592798199926697,12,knot_research.db
2392,12n_303,1,100,99,0.10873136751971928,12,knot_research.db
2393,12n_304,1,99,98,0.1651762459128522,12,knot_research.db
2394,12n_305,1,100,99,0.032745391520712645,12,knot_research.db
2395,12n_306,1,96,95,0.006725749183246989,12,knot_research.db
2396,12n_307,1,101,100,0.15431021564945174,12,knot_research.db
2397,12n_308,1,100,99,0.15591794488580574,12,knot_research.db
2398,12n_309,1,101,100,0.010018470894245013,12,knot_research.db
2399,12n_310,1,101,100,0.006678197877857173,12,knot_research.db
2400,12n_311,1,96,95,0.038737188266658285,12,knot_research.db
2401,12n_312,1,97,96,0.02833222751227969,12,knot_research.db
2402,12n_313,1,100,99,0.02499138642313138,12,knot_research.db
2403,12n_314,1,95,94,0.018448784045982783,12,knot_research.db
2404,12n_315,1,96,95,0.07334797004314769,12,knot_research.db
2405,12n_316,1,92,91,0.1336002060743344,12,knot_research.db
2406,12n_317,1,92,91,0.25431576289082414,12,knot_research.db
2407,12n_318,1,85,84,0.003851209974888834,12,knot_research.db
2408,12n_319,1,90,89,0.04463157084158105,12,knot_research.db
2409,12n_320,1,98,97,0.19155566517230582,12,knot_research.db
2410,12n_321,1,94,93,0.04822719287629425,12,knot_research.db
2411,12n_322,1,94,93,0.028475737282864344,12,knot_research.db
2412,12n_323,1,93,93,0.1887295270043173,12,knot_research.db
2413,12n_324,1,92,91,0.20607329405642205,12,knot_research.db
2414,12n_325,1,100,99,0.2164889709320357,12,knot_research.db
2415,12n_326,1,93,92,0.023748201137080174,12,knot_research.db
2416,12n_327,1,91,90,0.11639663374849957,12,knot_research.db
2417,12n_328,1,82,81,0.1558443731152831,12,knot_research.db
2418,12n_329,1,101,100,0.03114419950970491,12,knot_research.db
2419,12n_330,1,101,100,0.23096563816051582,12,knot_research.db
2420,12n_331,1,98,97,0.013528505999342015,12,knot_research.db
2421,12n_332,1,101,100,0.019952852688981677,12,knot_research.db
2422,12n_333,1,109,108,0.05569946821210151,12,knot_research.db
2423,12n_334,1,110,109,0.1950628629398836,12,knot_research.db
2424,12n_335,1,95,94,0.23058383863145338,12,knot_research.db
2425,12n_336,1,98,96,0.010169562309832054,12,knot_research.db
2426,12n_337,1,102,101,0.2530694110726266,12,knot_research.db
2427,12n_338,1,100,99,0.04330871736654619,12,knot_research.db
2428,12n_339,1,103,102,0.2078533145446249,12,knot_research.db
2429,12n_340,1,100,99,0.015311768493513383,12,knot_research.db
2430,12n_341,1,98,97,0.18009070313710657,12,knot_research.db
2431,12n_342,1,99,98,0.08695542877217223,12,knot_research.db
2432,12n_343,1,98,97,0.11846884980445066,12,knot_research.db
2433,12n_344,1,97,96,0.21681946959773055,12,knot_research.db
2434,12n_345,1,102,101,0.11215547677339675,12,knot_research.db
2435,12n_346,1,101,99,0.007065456996105723,12,knot_research.db
2436,12n_347,1,101,100,0.06100269056588309,12,knot_research.db
2437,12n_348,1,98,97,0.11190132595511315,12,knot_research.db
2438,12n_349,1,95,94,0.007167938698964371,12,knot_research.db
2439,12n_350,1,100,99,0.29071849190241383,12,knot_research.db
2440,12n_351,1,94,93,0.0038381975945826624,12,knot_research.db
2441,12n_352,1,94,93,0.050977550709365715,12,knot_research.db
2442,12n_353,1,94,93,0.25040580152825886,12,knot_research.db
2443,12n_354,1,99,98,0.022040040858881352,12,knot_research.db
2444,12n_355,1,96,95,0.02967131798267158,12,knot_research.db
2445,12n_356,1,98,98,0.18473773704975666,12,knot_research.db
2446,12n_357,1,94,93,0.25675843834714324,12,knot_research.db
2447,12n_358,1,92,92,0.25776854549591377,12,knot_research.db
2448,12n_359,1,92,91,0.24789234201316046,12,knot_research.db
2449,12n_360,1,95,94,0.05951996617669491,12,knot_research.db
2450,12n_361,1,92,91,0.24553102498904092,12,knot_research.db
2451,12n_362,1,99,98,0.01449528956674821,12,knot_research.db
2452,12n_363,1,94,93,0.12911217717795126,12,knot_research.db
2453,12n_364,1,95,94,0.06376717868613946,12,knot_research.db
2454,12n_365,1,95,94,0.06293079948683862,12,knot_research.db
2455,12n_366,1,99,98,0.07826899321887609,12,knot_research.db
2456,12n_367,1,97,96,0.33507977194068056,12,knot_research.db
2457,12n_368,1,94,93,0.017483320604765373,12,knot_research.db
2458,12n_369,1,96,95,0.08705899349933333,12,knot_research.db
2459,12n_370,1,90,89,0.09204748941974827,12,knot_research.db
2460,12n_371,1,91,90,0.004084847605155121,12,knot_research.db
2461,12n_372,1,95,94,0.013613608775724872,12,knot_research.db
2462,12n_373,1,96,95,0.08928402373380162,12,knot_research.db
2463,12n_374,1,98,97,0.06454277987117588,12,knot_research.db
2464,12n_375,1,100,100,0.17534283815898444,12,knot_research.db
2465,12n_376,1,96,95,0.2296494223156679,12,knot_research.db
2466,12n_377,1,101,100,0.01877658927726825,12,knot_research.db
2467,12n_378,1,95,94,0.24302962325602098,12,knot_research.db
2468,12n_379,1,95,94,0.06060543672968066,12,knot_research.db
2469,12n_380,1,94,93,0.18724972535205708,12,knot_research.db
2470,12n_381,1,91,90,0.11640209753440207,12,knot_research.db
2471,12n_382,1,91,90,0.016541920222108777,12,knot_research.db
2472,12n_383,1,95,94,0.0371544815459043,12,knot_research.db
2473,12n_384,1,96,95,0.18433081618606995,12,knot_research.db
2474,12n_385,1,96,95,0.09818147482008369,12,knot_research.db
2475,12n_386,1,100,99,0.032278059905286004,12,knot_research.db
2476,12n_387,1,98,97,0.00730386545056727,12,knot_research.db
2477,12n_388,1,101,100,0.031524057782786115,12,knot_research.db
2478,12n_389,1,102,101,0.20811409619447183,12,knot_research.db
2479,12n_390,1,99,98,0.08206266710069798,12,knot_research.db
2480,12n_391,1,93,92,0.26672733191291925,12,knot_research.db
2481,12n_392,1,100,99,0.22767647448704434,12,knot_research.db
2482,12n_393,1,94,93,0.005747299910825231,12,knot_research.db
2483,12n_394,1,94,93,0.034521011747497,12,knot_research.db
2484,12n_395,1,94,93,0.19439825090884622,12,knot_research.db
2485,12n_396,1,99,98,0.06004788045234099,12,knot_research.db
2486,12n_397,1,95,94,0.009818678115273285,12,knot_research.db
2487,12n_398,1,91,90,0.013891137735813136,12,knot_research.db
2488,12n_399,1,91,90,0.1310088623477614,12,knot_research.db
2489,12n_400,1,94,93,0.10403025190744764,12,knot_research.db
2490,12n_401,1,96,95,0.15598619397821412,12,knot_research.db
2491,12n_402,1,99,98,0.003638265376135763,12,knot_research.db
2492,12n_403,1,94,93,0.035319418884291576,12,knot_research.db
2493,12n_404,1,93,92,0.012015113781346079,12,knot_research.db
2494,12n_405,1,93,92,0.067059239729844,12,knot_research.db
2495,12n_406,1,92,91,0.142180793180966,12,knot_research.db
2496,12n_407,1,92,92,0.18188472076599044,12,knot_research.db
2497,12n_408,1,95,94,0.12276250498431678,12,knot_research.db
2498,12n_409,1,99,98,0.05884880198583813,12,knot_research.db
2499,12n_410,1,99,98,0.3222240222516816,12,knot_research.db
2500,12n_411,1,97,96,0.043498959149247604,12,knot_research.db
2501,12n_412,1,97,96,0.1410799444559981,12,knot_research.db
2502,12n_413,1,103,102,0.10112481942549328,12,knot_research.db
2503,12n_414,1,99,98,0.008452579486467066,12,knot_research.db
2504,12n_415,1,99,98,0.30457539819470275,12,knot_research.db
2505,12n_416,1,95,94,0.06624999560459344,12,knot_research.db
2506,12n_417,1,88,87,0.215788927899458,12,knot_research.db
2507,12n_418,1,94,93,0.0638702081878003,12,knot_research.db
2508,12n_419,1,94,93,0.06355819329077468,12,knot_research.db
2509,12n_420,1,97,96,0.05686262715102383,12,knot_research.db
2510,12n_421,1,94,93,0.19505370006969613,12,knot_research.db
2511,12n_422,1,94,93,0.19275572805181704,12,knot_research.db
2512,12n_423,1,95,93,0.02100087443576301,12,knot_research.db
2513,12n_424,1,92,91,0.09551486837262146,12,knot_research.db
2514,12n_425,1,91,90,0.04315690087063828,12,knot_research.db
2515,12n_426,1,90,89,0.09163555247910804,12,knot_research.db
2516,12n_427,1,93,92,0.15737276773734976,12,knot_research.db
2517,12n_428,1,90,89,0.0580378836788249,12,knot_research.db
2518,12n_429,1,95,94,0.06792996140204366,12,knot_research.db
2519,12n_430,1,91,90,0.02476508379768714,12,knot_research.db
2520,12n_431,1,96,95,0.16650157608503263,12,knot_research.db
2521,12n_432,1,97,96,0.030530717768660957,12,knot_research.db
2522,12n_433,1,95,94,0.015633791479330448,12,knot_research.db
2523,12n_434,1,91,90,0.03188572014073296,12,knot_research.db
2524,12n_435,1,95,94,0.006941780288860007,12,knot_research.db
2525,12n_436,1,91,90,0.010173935263129602,12,knot_research.db
2526,12n_437,1,93,91,0.019030906179111184,12,knot_research.db
2527,12n_438,1,94,93,0.004165267424163505,12,knot_research.db
2528,12n_439,1,95,94,0.0027682769720094313,12,knot_research.db
2529,12n_440,1,94,93,0.20651273676234191,12,knot_research.db
2530,12n_441,1,100,99,0.14154971646768882,12,knot_research.db
2531,12n_442,1,96,95,0.01602483296867202,12,knot_research.db
2532,12n_443,1,95,95,0.030275368883348062,12,knot_research.db
2533,12n_444,1,92,91,0.023480635552721063,12,knot_research.db
2534,12n_445,1,98,97,0.29924934566288,12,knot_research.db
2535,12n_446,1,98,97,0.06231819909609418,12,knot_research.db
2536,12n_447,1,96,95,0.0819896643130491,12,knot_research.db
2537,12n_448,1,96,95,0.1825829921598212,12,knot_research.db
2538,12n_449,1,94,93,0.008450606963189373,12,knot_research.db
2539,12n_450,1,94,93,0.1812582909886162,12,knot_research.db
2540,12n_451,1,89,89,0.05917554852226986,12,knot_research.db
2541,12n_452,1,92,92,0.20751304856974598,12,knot_research.db
2542,12n_453,1,94,93,0.3584758043313298,12,knot_research.db
2543,12n_454,1,103,102,0.06470337767756267,12,knot_research.db
2544,12n_455,1,98,97,0.19460986301281485,12,knot_research.db
2545,12n_456,1,95,93,0.018222095579837116,12,knot_research.db
2546,12n_457,1,101,100,0.03273874481523622,12,knot_research.db
2547,12n_458,1,98,97,0.26208049089759233,12,knot_research.db
2548,12n_459,1,91,90,0.13803831990828086,12,knot_research.db
2549,12n_460,1,99,98,0.03882663983400358,12,knot_research.db
2550,12n_461,1,91,90,0.059551540702361905,12,knot_research.db
2551,12n_462,1,84,84,0.19843590296877936,12,knot_research.db
2552,12n_463,1,89,88,0.11306130535482879,12,knot_research.db
2553,12n_464,1,94,93,0.047414773601435624,12,knot_research.db
2554,12n_465,1,95,94,0.2585958507282411,12,knot_research.db
2555,12n_466,1,97,96,0.16598024348332593,12,knot_research.db
2556,12n_467,1,102,101,0.11246180803204334,12,knot_research.db
2557,12n_468,1,103,102,0.05159496216339174,12,knot_research.db
2558,12n_469,1,99,98,0.11788657567606542,12,knot_research.db
2559,12n_470,1,98,97,0.02624760652337139,12,knot_research.db
2560,12n_471,1,95,94,0.1850084421010325,12,knot_research.db
2561,12n_472,1,98,97,0.1374384867834184,12,knot_research.db
2562,12n_473,1,104,103,0.07723671574453575,12,knot_research.db
2563,12n_474,1,104,103,0.02407305620940824,12,knot_research.db
2564,12n_475,1,99,98,0.008552672479085643,12,knot_research.db
2565,12n_476,1,104,103,0.16384583210584683,12,knot_research.db
2566,12n_477,1,98,97,0.060946509950842366,12,knot_research.db
2567,12n_478,1,101,100,0.015525948842350182,12,knot_research.db
2568,12n_479,1,102,101,0.1998830590729841,12,knot_research.db
2569,12n_480,1,102,101,0.1242823037809977,12,knot_research.db
2570,12n_481,1,90,89,0.10743861672420991,12,knot_research.db
2571,12n_482,1,94,93,0.055869683170654626,12,knot_research.db
2572,12n_483,1,91,90,0.010861688223927107,12,knot_research.db
2573,12n_484,1,95,94,0.03010135306160575,12,knot_research.db
2574,12n_485,1,91,90,0.10552379753726411,12,knot_research.db
2575,12n_486,1,95,94,0.06485886154065855,12,knot_research.db
2576,12n_487,1,94,93,0.004837187886485239,12,knot_research.db
2577,12n_488,1,91,90,0.03320305958334366,12,knot_research.db
2578,12n_489,1,97,96,0.3028362234759172,12,knot_research.db
2579,12n_490,1,97,96,0.2526285124889807,12,knot_research.db
2580,12n_491,1,95,94,0.04839691304696904,12,knot_research.db
2581,12n_492,1,102,101,0.15112180770392084,12,knot_research.db
2582,12n_493,1,104,103,0.20944915616191595,12,knot_research.db
2583,12n_494,1,94,93,0.0035517460361809256,12,knot_research.db
2584,12n_495,1,97,95,0.011521435357422127,12,knot_research.db
2585,12n_496,1,100,99,0.33963002561121924,12,knot_research.db
2586,12n_497,1,89,88,0.2971558899821827,12,knot_research.db
2587,12n_498,1,94,93,0.1282647071344769,12,knot_research.db
2588,12n_499,1,95,94,0.020904205510532126,12,knot_research.db
2589,12n_500,1,97,96,0.1678102161217321,12,knot_research.db
2590,12n_501,1,97,96,0.02397185798635764,12,knot_research.db
2591,12n_502,1,100,99,0.02003472170220389,12,knot_research.db
2592,12n_503,1,96,95,0.04118488360474983,12,knot_research.db
2593,12n_504,1,96,95,0.3265559100658979,12,knot_research.db
2594,12n_505,1,96,95,0.18008824015998512,12,knot_research.db
2595,12n_506,1,92,91,0.012064523120236394,12,knot_research.db
2596,12n_507,1,92,91,0.061408022170386545,12,knot_research.db
2597,12n_508,1,91,90,0.21150473797880404,12,knot_research.db
2598,12n_509,1,88,87,0.09421198812708953,12,knot_research.db
2599,12n_510,1,90,89,0.3712646459184078,12,knot_research.db
2600,12n_511,1,98,97,0.0908597044050179,12,knot_research.db
2601,12n_512,1,95,94,0.014901832729837862,12,knot_research.db
2602,12n_513,1,94,93,0.21685416168904906,12,knot_research.db
2603,12n_514,1,95,94,0.02339993038593491,12,knot_research.db
2604,12n_515,1,96,95,0.14126694391941527,12,knot_research.db
2605,12n_516,1,96,95,0.12500073855094485,12,knot_research.db
2606,12n_517,1,95,94,0.270788756988318,12,knot_research.db
2607,12n_518,1,90,88,0.1342478392476516,12,knot_research.db
2608,12n_519,1,91,90,0.0077481985906499625,12,knot_research.db
2609,12n_520,1,81,80,0.17466654123413683,12,knot_research.db
2610,12n_521,1,89,88,0.2474672014660647,12,knot_research.db
2611,12n_522,1,105,104,0.054862401691307246,12,knot_research.db
2612,12n_523,1,97,96,0.0047030850620473075,12,knot_research.db
2613,12n_524,1,96,95,0.24185505942778723,12,knot_research.db
2614,12n_525,1,98,97,0.20583539187836303,12,knot_research.db
2615,12n_526,1,95,94,0.014028532047329678,12,knot_research.db
2616,12n_527,1,90,89,0.22020179263092743,12,knot_research.db
2617,12n_528,1,95,94,0.08069009824848847,12,knot_research.db
2618,12n_529,1,96,95,0.2075079396426446,12,knot_research.db
2619,12n_530,1,95,94,0.05647214425524594,12,knot_research.db
2620,12n_531,1,95,94,0.24536728587364678,12,knot_research.db
2621,12n_532,1,94,93,0.163354288958622,12,knot_research.db
2622,12n_533,1,92,91,0.055066980302174766,12,knot_research.db
2623,12n_534,1,96,95,0.16196096264394422,12,knot_research.db
2624,12n_535,1,93,92,0.012682715546696685,12,knot_research.db
2625,12n_536,1,92,91,0.1548651114073465,12,knot_research.db
2626,12n_537,1,91,90,0.073045338135939,12,knot_research.db
2627,12n_538,1,93,92,0.03124478486651226,12,knot_research.db
2628,12n_539,1,92,91,0.19056235728386461,12,knot_research.db
2629,12n_540,1,95,94,0.0905315878703771,12,knot_research.db
2630,12n_541,1,97,96,0.21610922019143786,12,knot_research.db
2631,12n_542,1,87,86,0.33759523636644084,12,knot_research.db
2632,12n_543,1,97,96,0.06427131091220573,12,knot_research.db
2633,12n_544,1,87,86,0.32648264307392216,12,knot_research.db
2634,12n_545,1,98,97,0.14644605436672803,12,knot_research.db
2635,12n_546,1,95,94,0.09923507280109649,12,knot_research.db
2636,12n_547,1,97,96,0.0735944899262139,12,knot_research.db
2637,12n_548,1,96,95,0.08898625463039375,12,knot_research.db
2638,12n_549,1,95,94,0.028800011750586663,12,knot_research.db
2639,12n_550,1,96,95,0.002824101178463323,12,knot_research.db
2640,12n_551,1,96,95,0.22957776175421815,12,knot_research.db
2641,12n_552,1,90,89,0.009912223986667367,12,knot_research.db
2642,12n_553,1,97,96,0.04370073434354119,12,knot_research.db
2643,12n_554,1,94,92,0.024787803681844335,12,knot_research.db
2644,12n_555,1,95,94,0.28508686648401826,12,knot_research.db
2645,12n_556,1,97,96,0.043240385374032395,12,knot_research.db
2646,12n_557,1,96,95,0.27354702839449246,12,knot_research.db
2647,12n_558,1,93,91,0.03285653599250228,12,knot_research.db
2648,12n_559,1,90,89,0.09839413680954445,12,knot_research.db
2649,12n_560,1,98,97,0.25274632086834276,12,knot_research.db
2650,12n_561,1,92,91,0.1601095515699997,12,knot_research.db
2651,12n_562,1,94,93,0.060930492694718084,12,knot_research.db
2652,12n_563,1,94,93,0.21022706318204,12,knot_research.db
2653,12n_564,1,99,98,0.059665254042000154,12,knot_research.db
2654,12n_565,1,102,101,0.04236337557023314,12,knot_research.db
2655,12n_566,1,106,105,0.09102790523677717,12,knot_research.db
2656,12n_567,1,94,93,0.33445977361281126,12,knot_research.db
2657,12n_568,1,91,90,0.2203387127033738,12,knot_research.db
2658,12n_569,1,97,96,0.20922159094021175,12,knot_research.db
2659,12n_570,1,99,98,0.14773258203740516,12,knot_research.db
2660,12n_571,1,102,101,0.017911498251330676,12,knot_research.db
2661,12n_572,1,97,96,0.10661163789224304,12,knot_research.db
2662,12n_573,1,96,95,0.07201412724245201,12,knot_research.db
2663,12n_574,1,98,97,0.13356905236410904,12,knot_research.db
2664,12n_575,1,104,103,0.060214135810677645,12,knot_research.db
2665,12n_576,1,98,97,0.03147267438008149,12,knot_research.db
2666,12n_577,1,101,100,0.023487453070535055,12,knot_research.db
2667,12n_578,1,104,103,0.21544979380901064,12,knot_research.db
2668,12n_579,1,90,89,0.01414390286017102,12,knot_research.db
2669,12n_580,1,95,94,0.1037486887273515,12,knot_research.db
2670,12n_581,1,104,103,0.09058413375413998,12,knot_research.db
2671,12n_582,1,99,98,0.00555142238662043,12,knot_research.db
2672,12n_583,1,100,99,0.15613909432435794,12,knot_research.db
2673,12n_584,1,92,91,0.29280285887145835,12,knot_research.db
2674,12n_585,1,98,97,0.10052277339040668,12,knot_research.db
2675,12n_586,1,95,94,0.22896891374930917,12,knot_research.db
2676,12n_587,1,93,92,0.3248038149968418,12,knot_research.db
2677,12n_588,1,94,93,0.13927799977392397,12,knot_research.db
2678,12n_589,1,92,91,0.3287272043365116,12,knot_research.db
2679,12n_590,1,98,97,0.0124660728851515,12,knot_research.db
2680,12n_591,1,96,95,0.04137868473344665,12,knot_research.db
2681,12n_592,1,103,102,0.037136907353467655,12,knot_research.db
2682,12n_593,1,98,97,0.0650180344876444,12,knot_research.db
2683,12n_594,1,92,91,0.02375556406630904,12,knot_research.db
2684,12n_595,1,95,94,0.21726932403717783,12,knot_research.db
2685,12n_596,1,93,92,0.2673690878003116,12,knot_research.db
2686,12n_597,1,95,94,0.05862774573746066,12,knot_research.db
2687,12n_598,1,100,99,0.2837761588471732,12,knot_research.db
2688,12n_599,1,94,93,0.0520332952784254,12,knot_research.db
2689,12n_600,1,102,101,0.11516829792782496,12,knot_research.db
2690,12n_601,1,97,95,0.021525092286588204,12,knot_research.db
2691,12n_602,1,94,93,0.2625280250265609,12,knot_research.db
2692,12n_603,1,94,93,0.014891155340786371,12,knot_research.db
2693,12n_604,1,99,98,0.20105527426684006,12,knot_research.db
2694,12n_605,1,100,98,0.02247697344919935,12,knot_research.db
2695,12n_606,1,95,94,0.06521724612259068,12,knot_research.db
2696,12n_607,1,95,94,0.18737365119545568,12,knot_research.db
2697,12n_608,1,97,96,0.03148909359420265,12,knot_research.db
2698,12n_609,1,95,94,0.01708318492520852,12,knot_research.db
2699,12n_610,1,95,94,0.09893926170837375,12,knot_research.db
2700,12n_611,1,99,98,0.07569667187609484,12,knot_research.db
2701,12n_612,1,96,95,0.24177942594586033,12,knot_research.db
2702,12n_613,1,96,95,0.17679200277596466,12,knot_research.db
2703,12n_614,1,95,94,0.052966940625562405,12,knot_research.db
2704,12n_615,1,93,92,0.07384130008145529,12,knot_research.db
2705,12n_616,1,93,92,0.03080342684480471,12,knot_research.db
2706,12n_617,1,91,90,0.022189037164653543,12,knot_research.db
2707,12n_618,1,89,88,0.18027104569817562,12,knot_research.db
2708,12n_619,1,91,90,0.10775449753547565,12,knot_research.db
2709,12n_620,1,92,91,0.19183757232277773,12,knot_research.db
2710,12n_621,1,95,94,0.09997126803019896,12,knot_research.db
2711,12n_622,1,95,94,0.08960220637927077,12,knot_research.db
2712,12n_623,1,92,91,0.007155147189256124,12,knot_research.db
2713,12n_624,1,92,91,0.08887494887751171,12,knot_research.db
2714,12n_625,1,97,96,0.07612976459600582,12,knot_research.db
2715,12n_626,1,92,91,0.27797325990488275,12,knot_research.db
2716,12n_627,1,95,94,0.2570886765235271,12,knot_research.db
2717,12n_628,1,93,92,0.07282346243092547,12,knot_research.db
2718,12n_629,1,86,85,0.041122226796360906,12,knot_research.db
2719,12n_630,1,91,90,0.007548877433017725,12,knot_research.db
2720,12n_631,1,91,90,0.07892251726139486,12,knot_research.db
2721,12n_632,1,92,91,0.17601732810458837,12,knot_research.db
2722,12n_633,1,94,93,0.09997141076058824,12,knot_research.db
2723,12n_634,1,92,91,0.011073990866882483,12,knot_research.db
2724,12n_635,1,92,91,0.16943991312334783,12,knot_research.db
2725,12n_636,1,97,96,0.053977591468314906,12,knot_research.db
2726,12n_637,1,92,91,0.12431059367703234,12,knot_research.db
2727,12n_638,1,91,90,0.0102396737940715,12,knot_research.db
2728,12n_639,1,94,93,0.04741385589640679,12,knot_research.db
2729,12n_640,1,94,93,0.17674318336462133,12,knot_research.db
2730,12n_641,1,99,98,0.09592686128862951,12,knot_research.db
2731,12n_642,1,93,92,0.006969608757482641,12,knot_research.db
2732,12n_643,1,100,99,0.09100595663240019,12,knot_research.db
2733,12n_644,1,92,91,0.015321079226747724,12,knot_research.db
2734,12n_645,1,99,98,0.20499507511314907,12,knot_research.db
2735,12n_646,1,94,93,0.14925708908983398,12,knot_research.db
2736,12n_647,1,90,89,0.15383522728325053,12,knot_research.db
2737,12n_648,1,98,97,0.05783585579681846,12,knot_research.db
2738,12n_649,1,95,94,0.04402895470070974,12,knot_research.db
2739,12n_650,1,91,90,0.03299655342028456,12,knot_research.db
2740,12n_651,1,94,93,0.10802151751014528,12,knot_research.db
2741,12n_652,1,94,93,0.2151741312779476,12,knot_research.db
2742,12n_653,1,96,95,0.02439468785340579,12,knot_research.db
2743,12n_654,1,98,97,0.06457800823248894,12,knot_research.db
2744,12n_655,1,92,91,0.009142948932554518,12,knot_research.db
2745,12n_656,1,95,94,0.22772252163927995,12,knot_research.db
2746,12n_657,1,95,94,0.21006189105587159,12,knot_research.db
2747,12n_658,1,95,94,0.10531184591920568,12,knot_research.db
2748,12n_659,1,100,99,0.10872008785520829,12,knot_research.db
2749,12n_660,1,95,94,0.1050668918106333,12,knot_research.db
2750,12n_661,1,98,97,0.014047546407162662,12,knot_research.db
2751,12n_662,1,99,98,0.07136992106574437,12,knot_research.db
2752,12n_663,1,95,94,0.11046802872832119,12,knot_research.db
2753,12n_664,1,94,93,0.29014845714933646,12,knot_research.db
2754,12n_665,1,94,92,0.07474225932166526,12,knot_research.db
2755,12n_666,1,105,104,0.21572084425988355,12,knot_research.db
2756,12n_667,1,97,96,0.12098407233647634,12,knot_research.db
2757,12n_668,1,97,96,0.14136048958157885,12,knot_research.db
2758,12n_669,1,105,104,0.21215777296557317,12,knot_research.db
2759,12n_670,1,103,101,0.005354652824151345,12,knot_research.db
2760,12n_671,1,92,91,0.32900943244950653,12,knot_research.db
2761,12n_672,1,91,89,0.0586492051009344,12,knot_research.db
2762,12n_673,1,103,101,0.006220154247408516,12,knot_research.db
2763,12n_674,1,94,93,0.23287556551080613,12,knot_research.db
2764,12n_675,1,105,104,0.04911752192616449,12,knot_research.db
2765,12n_676,1,93,91,0.004544380513696211,12,knot_research.db
2766,12n_677,1,102,101,0.14993669910470733,12,knot_research.db
2767,12n_678,1,95,94,0.1649752449724821,12,knot_research.db
2768,12n_679,1,92,90,0.1574089174703124,12,knot_research.db
2769,12n_680,1,98,96,0.05070916880121601,12,knot_research.db
2770,12n_681,1,103,101,0.004682848240841323,12,knot_research.db
2771,12n_682,1,92,91,0.32900943244944614,12,knot_research.db
2772,12n_683,1,93,92,0.2130711335762804,12,knot_research.db
2773,12n_684,1,101,100,0.20983269243252597,12,knot_research.db
2774,12n_685,1,103,102,0.16382797522209525,12,knot_research.db
2775,12n_686,1,103,102,0.15479955076314275,12,knot_research.db
2776,12n_687,1,101,100,0.21788415994129692,12,knot_research.db
2777,12n_688,1,92,90,0.2072691453771974,12,knot_research.db
2778,12n_689,1,100,98,0.027775639737971557,12,knot_research.db
2779,12n_690,1,91,89,0.04027808328781819,12,knot_research.db
2780,12n_691,1,96,94,0.08022444316932181,12,knot_research.db
2781,12n_692,1,96,94,0.07884953678364476,12,knot_research.db
2782,12n_693,1,98,96,0.06157319008860532,12,knot_research.db
2783,12n_694,1,94,93,0.16814244576981707,12,knot_research.db
2784,12n_695,1,95,94,0.1985110310273625,12,knot_research.db
2785,12n_696,1,98,96,0.060829643671584104,12,knot_research.db
2786,12n_697,1,101,99,0.041781845843647525,12,knot_research.db
2787,12n_698,1,104,103,0.217359545595535,12,knot_research.db
2788,12n_699,1,94,93,0.037975333580424084,12,knot_research.db
2789,12n_700,1,98,97,0.20733636757437068,12,knot_research.db
2790,12n_701,1,100,99,0.14526955066141112,12,knot_research.db
2791,12n_702,1,90,89,0.3183115553791624,12,knot_research.db
2792,12n_703,1,91,90,0.16462507171871574,12,knot_research.db
2793,12n_704,1,89,88,0.08152112987533888,12,knot_research.db
2794,12n_705,1,91,90,0.1863280514961002,12,knot_research.db
2795,12n_706,1,78,78,0.2842220979115402,12,knot_research.db
2796,12n_707,1,95,94,0.2056707519882688,12,knot_research.db
2797,12n_708,1,99,98,0.13249412689112347,12,knot_research.db
2798,12n_709,1,105,104,0.09510881827233214,12,knot_research.db
2799,12n_710,1,101,100,0.2720931121834503,12,knot_research.db
2800,12n_711,1,101,100,0.22707161641838128,12,knot_research.db
2801,12n_712,1,89,88,0.22842531258796933,12,knot_research.db
2802,12n_713,1,95,94,0.15638203863215838,12,knot_research.db
2803,12n_714,1,97,96,0.2983306027185746,12,knot_research.db
2804,12n_715,1,91,90,0.23785982853264562,12,knot_research.db
2805,12n_716,1,103,102,0.10506691273116431,12,knot_research.db
2806,12n_717,1,89,88,0.06671304467770867,12,knot_research.db
2807,12n_718,1,91,90,0.06447945362778953,12,knot_research.db
2808,12n_719,1,91,90,0.12530141483810553,12,knot_research.db
2809,12n_720,1,90,89,0.17437489512558285,12,knot_research.db
2810,12n_721,1,105,104,0.06366737630325225,12,knot_research.db
2811,12n_722,1,94,93,0.2311277422684389,12,knot_research.db
2812,12n_723,1,95,94,0.002634393637272259,12,knot_research.db
2813,12n_724,1,104,103,0.1390128519732958,12,knot_research.db
2814,12n_725,1,94,93,0.10515867835224527,12,knot_research.db
2815,12n_726,1,96,95,0.08978504026395737,12,knot_research.db
2816,12n_727,1,103,102,0.11595095323000858,12,knot_research.db
2817,12n_728,1,90,89,0.2537203438557398,12,knot_research.db
2818,12n_729,1,90,90,0.25426112904150044,12,knot_research.db
2819,12n_730,1,83,83,0.10285821354775251,12,knot_research.db
2820,12n_731,1,93,92,0.0666622109314242,12,knot_research.db
2821,12n_732,1,90,89,0.2288026981568375,12,knot_research.db
2822,12n_733,1,97,96,0.22707161641847026,12,knot_research.db
2823,12n_734,1,92,91,0.1566299727555524,12,knot_research.db
2824,12n_735,1,90,89,0.11014574991276911,12,knot_research.db
2825,12n_736,1,94,93,0.18330641276614398,12,knot_research.db
2826,12n_737,1,90,89,0.013571867981051255,12,knot_research.db
2827,12n_738,1,96,95,0.3233289267422952,12,knot_research.db
2828,12n_739,1,90,89,0.028898733185334334,12,knot_research.db
2829,12n_740,1,96,95,0.20796350214141707,12,knot_research.db
2830,12n_741,1,91,90,0.17984009055149033,12,knot_research.db
2831,12n_742,1,101,100,0.11858515950020987,12,knot_research.db
2832,12n_743,1,95,94,0.22328135482176217,12,knot_research.db
2833,12n_744,1,94,93,0.20343360848911374,12,knot_research.db
2834,12n_745,1,89,88,0.22842531258796833,12,knot_research.db
2835,12n_746,1,97,96,0.22853304912771533,12,knot_research.db
2836,12n_747,1,93,92,0.24590738830833317,12,knot_research.db
2837,12n_748,1,96,95,0.24963817872138536,12,knot_research.db
2838,12n_749,1,97,96,0.039771381647678794,12,knot_research.db
2839,12n_750,1,96,95,0.1563877328623958,12,knot_research.db
2840,12n_751,1,101,100,0.0859295323603831,12,knot_research.db
2841,12n_752,1,97,96,0.2260177055014627,12,knot_research.db
2842,12n_753,1,96,95,0.21340495178170685,12,knot_research.db
2843,12n_754,1,95,94,0.22297785577255802,12,knot_research.db
2844,12n_755,1,100,99,0.24816730271941512,12,knot_research.db
2845,12n_756,1,99,98,0.20887023282438585,12,knot_research.db
2846,12n_757,1,96,95,0.17688381348797452,12,knot_research.db
2847,12n_758,1,96,95,0.16473115603994476,12,knot_research.db
2848,12n_759,1,92,91,0.22252073134509323,12,knot_research.db
2849,12n_760,1,98,97,0.232779356730405,12,knot_research.db
2850,12n_761,1,94,93,0.018834968420691232,12,knot_research.db
2851,12n_762,1,92,91,0.028971133363301916,12,knot_research.db
2852,12n_763,1,93,92,0.2852131184545593,12,knot_research.db
2853,12n_764,1,90,89,0.018603164783612847,12,knot_research.db
2854,12n_765,1,96,95,0.17255526565772053,12,knot_research.db
2855,12n_766,1,96,95,0.14025469223593062,12,knot_research.db
2856,12n_767,1,108,107,0.20592270216840589,12,knot_research.db
2857,12n_768,1,98,97,0.005557642620111932,12,knot_research.db
2858,12n_769,1,91,90,0.12877649087965598,12,knot_research.db
2859,12n_770,1,94,93,0.1665002769134378,12,knot_research.db
2860,12n_771,1,95,94,0.09702314281268487,12,knot_research.db
2861,12n_772,1,91,90,0.23720166146107086,12,knot_research.db
2862,12n_773,1,100,99,0.14604794373332564,12,knot_research.db
2863,12n_774,1,100,99,0.1777211714272191,12,knot_research.db
2864,12n_775,1,93,92,0.05688862763905999,12,knot_research.db
2865,12n_776,1,93,92,0.08077934201346082,12,knot_research.db
2866,12n_777,1,96,95,0.019974261723696485,12,knot_research.db
2867,12n_778,1,92,91,0.21916203657291136,12,knot_research.db
2868,12n_779,1,99,98,0.30136091402606124,12,knot_research.db
2869,12n_780,1,99,98,0.04772865492080252,12,knot_research.db
2870,12n_781,1,93,92,0.2486199411138538,12,knot_research.db
2871,12n_782,1,96,95,0.09552717882887621,12,knot_research.db
2872,12n_783,1,92,91,0.26104801406454214,12,knot_research.db
2873,12n_784,1,95,94,0.15349791518740097,12,knot_research.db
2874,12n_785,1,100,99,0.21298879342080904,12,knot_research.db
2875,12n_786,1,95,94,0.3019840622184699,12,knot_research.db
2876,12n_787,1,100,99,0.23265514479104385,12,knot_research.db
2877,12n_788,1,86,85,0.1791012707546743,12,knot_research.db
2878,12n_789,1,97,96,0.05500313228841838,12,knot_research.db
2879,12n_790,1,91,90,0.30555335025268443,12,knot_research.db
2880,12n_791,1,97,96,0.03542075582317653,12,knot_research.db
2881,12n_792,1,92,91,0.1428022303645346,12,knot_research.db
2882,12n_793,1,94,93,0.17610743623320582,12,knot_research.db
2883,12n_794,1,96,95,0.219847357154917,12,knot_research.db
2884,12n_795,1,100,99,0.13224969716842586,12,knot_research.db
2885,12n_796,1,98,97,0.2504802997795927,12,knot_research.db
2886,12n_797,1,98,97,0.019455410923837388,12,knot_research.db
2887,12n_798,1,80,79,0.2881013235264915,12,knot_research.db
2888,12n_799,1,96,95,0.1814330767638965,12,knot_research.db
2889,12n_800,1,96,95,0.15513908688914668,12,knot_research.db
2890,12n_801,1,92,91,0.018299796365687473,12,knot_research.db
2891,12n_802,1,93,92,0.2700621952457483,12,knot_research.db
2892,12n_803,1,97,96,0.13805494557362216,12,knot_research.db
2893,12n_804,1,100,99,0.19410198229436093,12,knot_research.db
2894,12n_805,1,94,93,0.13827294039928462,12,knot_research.db
2895,12n_806,1,86,85,0.1992614671349844,12,knot_research.db
2896,12n_807,1,94,94,0.28875094226376063,12,knot_research.db
2897,12n_808,1,96,95,0.03364043946256873,12,knot_research.db
2898,12n_809,1,96,95,0.05765942896208724,12,knot_research.db
2899,12n_810,1,94,93,0.01702538252155912,12,knot_research.db
2900,12n_811,1,87,87,0.044286101764122066,12,knot_research.db
2901,12n_812,1,93,92,0.009566103665556647,12,knot_research.db
2902,12n_813,1,95,94,0.03052907775008684,12,knot_research.db
2903,12n_814,1,91,90,0.10692389381889715,12,knot_research.db
2904,12n_815,1,93,92,0.00994804001590777,12,knot_research.db
2905,12n_816,1,95,94,0.07800066387038734,12,knot_research.db
2906,12n_817,1,98,97,0.07232724096866043,12,knot_research.db
2907,12n_818,1,98,97,0.16078485660070788,12,knot_research.db
2908,12n_819,1,93,92,0.23592380537782165,12,knot_research.db
2909,12n_820,1,88,87,0.1989006718353289,12,knot_research.db
2910,12n_821,1,98,97,0.04436601906111972,12,knot_research.db
2911,12n_822,1,98,97,0.16351251358602972,12,knot_research.db
2912,12n_823,1,96,95,0.2708577220761691,12,knot_research.db
2913,12n_824,1,94,93,0.18714654142934004,12,knot_research.db
2914,12n_825,1,92,91,0.042846255393573784,12,knot_research.db
2915,12n_826,1,98,97,0.2071854899072831,12,knot_research.db
2916,12n_827,1,96,95,0.21552440372323725,12,knot_research.db
2917,12n_828,1,96,95,0.23716044398005928,12,knot_research.db
2918,12n_829,1,96,95,0.2524942017592737,12,knot_research.db
2919,12n_830,1,96,95,0.07920079156286705,12,knot_research.db
2920,12n_831,1,102,101,0.24081315261888875,12,knot_research.db
2921,12n_832,1,88,87,0.25588702539349406,12,knot_research.db
2922,12n_833,1,97,96,0.14088833465088615,12,knot_research.db
2923,12n_834,1,96,95,0.16502171760781198,12,knot_research.db
2924,12n_835,1,87,86,0.08069782061211143,12,knot_research.db
2925,12n_836,1,96,95,0.22841438612052417,12,knot_research.db
2926,12n_837,1,84,83,0.4684627460963157,12,knot_research.db
2927,12n_838,1,72,71,0.05190328169429616,12,knot_research.db
2928,12n_839,1,87,86,0.18085611279675395,12,knot_research.db
2929,12n_840,1,88,87,0.21586026713733752,12,knot_research.db
2930,12n_841,1,87,86,0.02452164114855826,12,knot_research.db
2931,12n_842,1,90,89,0.19103736694813117,12,knot_research.db
2932,12n_843,1,89,88,0.29754082635616735,12,knot_research.db
2933,12n_844,1,90,89,0.11610528992347433,12,knot_research.db
2934,12n_845,1,93,92,0.3072138224414377,12,knot_research.db
2935,12n_846,1,95,94,0.23244853732000997,12,knot_research.db
2936,12n_847,1,104,103,0.2329557373799157,12,knot_research.db
2937,12n_848,1,93,92,0.07720330939993487,12,knot_research.db
2938,12n_849,1,98,97,0.21253073632638889,12,knot_research.db
2939,12n_850,1,98,97,0.07216389653311955,12,knot_research.db
2940,12n_851,1,94,93,0.024514334743545755,12,knot_research.db
2941,12n_852,1,95,94,0.31188935325263206,12,knot_research.db
2942,12n_853,1,96,95,0.2804488715714921,12,knot_research.db
2943,12n_854,1,93,92,0.31493885441413916,12,knot_research.db
2944,12n_855,1,100,99,0.21556615380419772,12,knot_research.db
2945,12n_856,1,96,95,0.13027970272293102,12,knot_research.db
2946,12n_857,1,93,92,0.07685927180202906,12,knot_research.db
2947,12n_858,1,90,89,0.18325773815528024,12,knot_research.db
2948,12n_859,1,96,95,0.15833602979625386,12,knot_research.db
2949,12n_860,1,95,94,0.3019840622183995,12,knot_research.db
2950,12n_861,1,93,92,0.08077496301038835,12,knot_research.db
2951,12n_862,1,93,92,0.09384117463235953,12,knot_research.db
2952,12n_863,1,96,95,0.30897945682545114,12,knot_research.db
2953,12n_864,1,96,95,0.2826012953929833,12,knot_research.db
2954,12n_865,1,92,91,0.20255132752693994,12,knot_research.db
2955,12n_866,1,93,92,0.2889532340758805,12,knot_research.db
2956,12n_867,1,92,91,0.3418544400619643,12,knot_research.db
2957,12n_868,1,90,89,0.011085786773652871,12,knot_research.db
2958,12n_869,1,96,95,0.18888513904108298,12,knot_research.db
2959,12n_870,1,91,90,0.006830879959517964,12,knot_research.db
2960,12n_871,1,93,92,0.07191872665990205,12,knot_research.db
2961,12n_872,1,93,92,0.08258267696738568,12,knot_research.db
2962,12n_873,1,94,94,0.2832119438506965,12,knot_research.db
2963,12n_874,1,96,95,0.1621155164809034,12,knot_research.db
2964,12n_875,1,100,99,0.2367540537879452,12,knot_research.db
2965,12n_876,1,94,93,0.17210303936854798,12,knot_research.db
2966,12n_877,1,92,91,0.18074600545768843,12,knot_research.db
2967,12n_878,1,96,95,0.17230634679208703,12,knot_research.db
2968,12n_879,1,92,91,0.20810871666234004,12,knot_research.db
2969,12n_880,1,92,91,0.2055626466285935,12,knot_research.db
2970,12n_881,1,84,83,0.27756189008604987,12,knot_research.db
2971,12n_882,1,88,87,0.20474505399153803,12,knot_research.db
2972,12n_883,1,95,94,0.2485359120303731,12,knot_research.db
2973,12n_884,1,97,96,0.07468505991683017,12,knot_research.db
2974,12n_885,1,98,97,0.22068579704937588,12,knot_research.db
2975,12n_886,1,95,94,0.3684463202799352,12,knot_research.db
2976,12n_887,1,95,94,0.38100616387839564,12,knot_research.db
2977,12n_888,1,88,86,0.2228787754396145,12,knot_research.db
2978,13a_1,1,105,103,0.3846597016695912,13,knot_research.db
2979,13a_2,1,111,109,0.2703483942407165,13,knot_research.db
2980,13a_3,1,113,111,0.30757784229690566,13,knot_research.db
2981,13a_4,1,109,107,0.2790006836415674,13,knot_research.db
2982,13a_5,1,121,119,0.19399151462144487,13,knot_research.db
2983,13a_6,1,111,109,0.2102459774381049,13,knot_research.db
2984,13a_7,1,111,109,0.24156038201846125,13,knot_research.db
2985,13a_8,1,113,111,0.3006079409429094,13,knot_research.db
2986,13a_9,1,117,115,0.24532801714089655,13,knot_research.db
2987,13a_10,1,113,111,0.2572854175105567,13,knot_research.db
2988,13a_11,1,109,107,0.3860750157419396,13,knot_research.db
2989,13a_12,1,113,111,0.22573979690859494,13,knot_research.db
2990,13a_13,1,113,111,0.2618077335656657,13,knot_research.db
2991,13a_14,1,117,115,0.23349886494281089,13,knot_research.db
2992,13a_15,1,117,115,0.24261576672680235,13,knot_research.db
2993,13a_16,1,123,121,0.1442382086192348,13,knot_research.db
2994,13a_17,1,117,115,0.1960641319867787,13,knot_research.db
2995,13a_18,1,111,109,0.270348394166795,13,knot_research.db
2996,13a_19,1,119,117,0.20795009868667996,13,knot_research.db
2997,13a_20,1,119,117,0.1259795408444208,13,knot_research.db
2998,13a_21,1,115,113,0.24481187074850153,13,knot_research.db
2999,13a_22,1,109,107,0.33054292518695916,13,knot_research.db
3000,13a_23,1,107,105,0.38484336588765516,13,knot_research.db
3001,13a_24,1,109,107,0.3937140990722422,13,knot_research.db
3002,13a_25,1,117,115,0.2537365549572978,13,knot_research.db
3003,13a_26,1,117,115,0.20660438413219903,13,knot_research.db
3004,13a_27,1,107,105,0.39271274764222447,13,knot_research.db
3005,13a_28,1,111,109,0.24156038201568497,13,knot_research.db
3006,13a_29,1,113,111,0.30060794092591664,13,knot_research.db
3007,13a_30,1,105,103,0.26367685474038866,13,knot_research.db
3008,13a_31,1,113,111,0.3860750158160274,13,knot_research.db
3009,13a_32,1,117,115,0.2825153359443726,13,knot_research.db
3010,13a_33,1,105,103,0.3846597017959098,13,knot_research.db
3011,13a_34,1,109,107,0.29933103437978487,13,knot_research.db
3012,13a_35,1,113,111,0.2789948781616545,13,knot_research.db
3013,13a_36,1,117,115,0.1977786168023916,13,knot_research.db
3014,13a_37,1,113,111,0.19220731061008767,13,knot_research.db
3015,13a_38,1,113,111,0.21860258957083434,13,knot_research.db
3016,13a_39,1,107,105,0.2500482506736595,13,knot_research.db
3017,13a_40,1,117,115,0.2334988649426549,13,knot_research.db
3018,13a_41,1,119,117,0.20122639063824943,13,knot_research.db
3019,13a_42,1,111,109,0.20684458708553038,13,knot_research.db
3020,13a_43,1,107,105,0.40002269014936626,13,knot_research.db
3021,13a_44,1,117,115,0.22722386321124077,13,knot_research.db
3022,13a_45,1,111,109,0.2867556002573496,13,knot_research.db
3023,13a_46,1,113,111,0.3305990375934026,13,knot_research.db
3024,13a_47,1,109,107,0.27900068364193154,13,knot_research.db
3025,13a_48,1,121,119,0.16756213933811542,13,knot_research.db
3026,13a_49,1,119,117,0.20456516755394816,13,knot_research.db
3027,13a_50,1,109,107,0.23499783245273362,13,knot_research.db
3028,13a_51,1,125,123,0.1953117897941775,13,knot_research.db
3029,13a_52,1,111,109,0.13210409684906863,13,knot_research.db
3030,13a_53,1,115,113,0.18147376585540398,13,knot_research.db
3031,13a_54,1,107,105,0.28454311678771893,13,knot_research.db
3032,13a_55,1,115,113,0.25227347372214204,13,knot_research.db
3033,13a_56,1,107,105,0.3256017653128224,13,knot_research.db
3034,13a_57,1,109,107,0.2158155020290056,13,knot_research.db
3035,13a_58,1,113,111,0.2449129284709171,13,knot_research.db
3036,13a_59,1,115,113,0.22083693140823452,13,knot_research.db
3037,13a_60,1,115,113,0.24313466138862314,13,knot_research.db
3038,13a_61,1,119,117,0.17018804019398762,13,knot_research.db
3039,13a_62,1,117,115,0.2312423427168394,13,knot_research.db
3040,13a_63,1,109,107,0.21581550202900665,13,knot_research.db
3041,13a_64,1,107,105,0.2845431167733038,13,knot_research.db
3042,13a_65,1,119,117,0.215743575290427,13,knot_research.db
3043,13a_66,1,117,115,0.22439148583493992,13,knot_research.db
3044,13a_67,1,113,111,0.2896500287469017,13,knot_research.db
3045,13a_68,1,113,111,0.2362132974674586,13,knot_research.db
3046,13a_69,1,109,107,0.35075099848492053,13,knot_research.db
3047,13a_70,1,111,109,0.2415603820127741,13,knot_research.db
3048,13a_71,1,107,105,0.32560176532869506,13,knot_research.db
3049,13a_72,1,113,111,0.2716082933741158,13,knot_research.db
3050,13a_73,1,109,107,0.3266902868230066,13,knot_research.db
3051,13a_74,1,111,109,0.24156038201838909,13,knot_research.db
3052,13a_75,1,117,115,0.21707815737716685,13,knot_research.db
3053,13a_76,1,113,111,0.3305990375880716,13,knot_research.db
3054,13a_77,1,107,105,0.31069602659486417,13,knot_research.db
3055,13a_78,1,119,117,0.181448469945616,13,knot_research.db
3056,13a_79,1,113,111,0.26922984225633484,13,knot_research.db
3057,13a_80,1,113,111,0.2789948781582821,13,knot_research.db
3058,13a_81,1,117,115,0.2807302748929049,13,knot_research.db
3059,13a_82,1,125,123,0.14843631722976178,13,knot_research.db
3060,13a_83,1,119,117,0.18728523347231277,13,knot_research.db
3061,13a_84,1,115,113,0.18697058249487916,13,knot_research.db
3062,13a_85,1,117,115,0.12392411168968953,13,knot_research.db
3063,13a_86,1,123,121,0.20395203561208114,13,knot_research.db
3064,13a_87,1,113,111,0.20117314425820887,13,knot_research.db
3065,13a_88,1,111,109,0.30600741877296467,13,knot_research.db
3066,13a_89,1,119,117,0.23081952418564478,13,knot_research.db
3067,13a_90,1,115,113,0.2066043841323617,13,knot_research.db
3068,13a_91,1,115,113,0.12041947587368866,13,knot_research.db
3069,13a_92,1,125,123,0.18283392528156406,13,knot_research.db
3070,13a_93,1,111,109,0.2568363546818192,13,knot_research.db
3071,13a_94,1,117,115,0.22458369064703287,13,knot_research.db
3072,13a_95,1,111,109,0.1367297355551841,13,knot_research.db
3073,13a_96,1,109,107,0.268380736619823,13,knot_research.db
3074,13a_97,1,117,115,0.2578676633482869,13,knot_research.db
3075,13a_98,1,121,119,0.158317004033705,13,knot_research.db
3076,13a_99,1,117,115,0.22221337074005276,13,knot_research.db
3077,13a_100,1,123,121,0.17517523783553515,13,knot_research.db
3078,13a_101,1,117,115,0.22716883473191657,13,knot_research.db
3079,13a_102,1,111,109,0.25683635474046346,13,knot_research.db
3080,13a_103,1,105,103,0.25199055481206617,13,knot_research.db
3081,13a_104,1,117,115,0.2923264125383847,13,knot_research.db
3082,13a_105,1,121,119,0.1946886864557566,13,knot_research.db
3083,13a_106,1,109,107,0.28703934730380387,13,knot_research.db
3084,13a_107,1,117,115,0.28074757799896966,13,knot_research.db
3085,13a_108,1,113,111,0.26202007412188705,13,knot_research.db
3086,13a_109,1,125,123,0.16896068024106944,13,knot_research.db
3087,13a_110,1,125,123,0.10900776095738221,13,knot_research.db
3088,13a_111,1,113,111,0.2572854175099718,13,knot_research.db
3089,13a_112,1,111,109,0.29933103439215897,13,knot_research.db
3090,13a_113,1,117,115,0.2705012669686172,13,knot_research.db
3091,13a_114,1,117,115,0.19689327182343783,13,knot_research.db
3092,13a_115,1,111,109,0.23891562860630278,13,knot_research.db
3093,13a_116,1,121,119,0.24133999081084043,13,knot_research.db
3094,13a_117,1,113,111,0.19185678719120436,13,knot_research.db
3095,13a_118,1,119,117,0.1607293957413956,13,knot_research.db
3096,13a_119,1,119,117,0.23155817330135703,13,knot_research.db
3097,13a_120,1,115,113,0.2994343676446839,13,knot_research.db
3098,13a_121,1,117,115,0.23360021936375358,13,knot_research.db
3099,13a_122,1,123,121,0.17527318328525388,13,knot_research.db
3100,13a_123,1,111,109,0.3018880625203822,13,knot_research.db
3101,13a_124,1,117,115,0.2705012669643587,13,knot_research.db
3102,13a_125,1,115,113,0.2574017173135979,13,knot_research.db
3103,13a_126,1,117,115,0.18244160968640838,13,knot_research.db
3104,13a_127,1,113,111,0.2461738860824495,13,knot_research.db
3105,13a_128,1,111,109,0.31550382158848495,13,knot_research.db
3106,13a_129,1,111,109,0.30459339476429975,13,knot_research.db
3107,13a_130,1,117,115,0.2403519494111866,13,knot_research.db
3108,13a_131,1,119,117,0.1950263338592303,13,knot_research.db
3109,13a_132,1,113,111,0.26684840706087126,13,knot_research.db
3110,13a_133,1,117,115,0.15571043365344314,13,knot_research.db
3111,13a_134,1,117,115,0.21069796651886824,13,knot_research.db
3112,13a_135,1,109,107,0.27303607472521557,13,knot_research.db
3113,13a_136,1,111,109,0.29522291932957845,13,knot_research.db
3114,13a_137,1,109,107,0.27886572631571077,13,knot_research.db
3115,13a_138,1,111,109,0.2774565590797944,13,knot_research.db
3116,13a_139,1,117,115,0.2769635996623482,13,knot_research.db
3117,13a_140,1,113,111,0.2124271652859411,13,knot_research.db
3118,13a_141,1,109,107,0.33847345877246515,13,knot_research.db
3119,13a_142,1,109,107,0.34047836792166064,13,knot_research.db
3120,13a_143,1,115,113,0.1668962090789967,13,knot_research.db
3121,13a_144,1,109,107,0.27303607473386293,13,knot_research.db
3122,13a_145,1,115,113,0.2825153359486131,13,knot_research.db
3123,13a_146,1,117,115,0.2807302748982864,13,knot_research.db
3124,13a_147,1,113,111,0.30259323285186757,13,knot_research.db
3125,13a_148,1,113,111,0.25113124271832193,13,knot_research.db
3126,13a_149,1,117,115,0.20872142306194408,13,knot_research.db
3127,13a_150,1,117,115,0.2272063468695554,13,knot_research.db
3128,13a_151,1,115,113,0.236213297471381,13,knot_research.db
3129,13a_152,1,119,117,0.14871308953307666,13,knot_research.db
3130,13a_153,1,117,115,0.21542061335033155,13,knot_research.db
3131,13a_154,1,117,115,0.22881803812286433,13,knot_research.db
3132,13a_155,1,115,113,0.19647572304304503,13,knot_research.db
3133,13a_156,1,111,109,0.27627706296025745,13,knot_research.db
3134,13a_157,1,117,115,0.2959259278595437,13,knot_research.db
3135,13a_158,1,121,119,0.16690710230872008,13,knot_research.db
3136,13a_159,1,117,115,0.1785272068973551,13,knot_research.db
3137,13a_160,1,117,115,0.29592592774365434,13,knot_research.db
3138,13a_161,1,113,111,0.30973637550288274,13,knot_research.db
3139,13a_162,1,117,115,0.29592592756101127,13,knot_research.db
3140,13a_163,1,117,115,0.19689327182472346,13,knot_research.db
3141,13a_164,1,111,109,0.345372918151201,13,knot_research.db
3142,13a_165,1,111,109,0.29760101359737634,13,knot_research.db
3143,13a_166,1,111,109,0.2992456663496805,13,knot_research.db
3144,13a_167,1,117,115,0.2548978720674867,13,knot_research.db
3145,13a_168,1,113,111,0.28777340524803346,13,knot_research.db
3146,13a_169,1,123,121,0.16536297952202433,13,knot_research.db
3147,13a_170,1,117,115,0.2036620481227143,13,knot_research.db
3148,13a_171,1,115,113,0.25392038931725613,13,knot_research.db
3149,13a_172,1,123,121,0.15788805727898925,13,knot_research.db
3150,13a_173,1,123,121,0.10268267188544496,13,knot_research.db
3151,13a_174,1,121,119,0.24010347217153047,13,knot_research.db
3152,13a_175,1,113,111,0.19185678719095928,13,knot_research.db
3153,13a_176,1,119,117,0.14509984249928137,13,knot_research.db
3154,13a_177,1,119,117,0.20038609532893323,13,knot_research.db
3155,13a_178,1,115,113,0.3152939658437581,13,knot_research.db
3156,13a_179,1,117,115,0.2959259278713255,13,knot_research.db
3157,13a_180,1,123,121,0.18186333860625079,13,knot_research.db
3158,13a_181,1,117,115,0.28953909009228224,13,knot_research.db
3159,13a_182,1,113,111,0.27059764395781305,13,knot_research.db
3160,13a_183,1,111,109,0.3181889595752763,13,knot_research.db
3161,13a_184,1,117,115,0.2407345230371839,13,knot_research.db
3162,13a_185,1,113,111,0.2877734052467845,13,knot_research.db
3163,13a_186,1,117,115,0.26270117888322003,13,knot_research.db
3164,13a_187,1,113,111,0.3014927420729659,13,knot_research.db
3165,13a_188,1,117,115,0.2826597908610338,13,knot_research.db
3166,13a_189,1,113,111,0.20573279238104542,13,knot_research.db
3167,13a_190,1,111,109,0.2995326484057072,13,knot_research.db
3168,13a_191,1,113,111,0.2668484070590305,13,knot_research.db
3169,13a_192,1,117,115,0.24035194941118568,13,knot_research.db
3170,13a_193,1,115,113,0.2574017173133174,13,knot_research.db
3171,13a_194,1,111,109,0.3045933947642992,13,knot_research.db
3172,13a_195,1,117,115,0.15571043365344378,13,knot_research.db
3173,13a_196,1,109,107,0.27303607473529407,13,knot_research.db
3174,13a_197,1,111,109,0.29522291932957945,13,knot_research.db
3175,13a_198,1,109,107,0.27886572643246355,13,knot_research.db
3176,13a_199,1,109,107,0.33847345878146906,13,knot_research.db
3177,13a_200,1,117,115,0.2360319780406029,13,knot_research.db
3178,13a_201,1,113,111,0.3188578249309781,13,knot_research.db
3179,13a_202,1,113,111,0.24026264877930717,13,knot_research.db
3180,13a_203,1,117,115,0.29592592786638816,13,knot_research.db
3181,13a_204,1,109,107,0.34047836794352626,13,knot_research.db
3182,13a_205,1,117,115,0.27504434561664765,13,knot_research.db
3183,13a_206,1,113,111,0.2756079026008551,13,knot_research.db
3184,13a_207,1,111,109,0.33322666074735807,13,knot_research.db
3185,13a_208,1,109,107,0.2707422981683105,13,knot_research.db
3186,13a_209,1,113,111,0.29096717120871235,13,knot_research.db
3187,13a_210,1,117,115,0.2087214230588387,13,knot_research.db
3188,13a_211,1,111,109,0.3114498699863948,13,knot_research.db
3189,13a_212,1,109,107,0.39271274763406144,13,knot_research.db
3190,13a_213,1,113,111,0.22160489988207546,13,knot_research.db
3191,13a_214,1,109,107,0.2939671900200995,13,knot_research.db
3192,13a_215,1,113,111,0.2923421617224419,13,knot_research.db
3193,13a_216,1,117,115,0.22541693746283428,13,knot_research.db
3194,13a_217,1,111,109,0.2876120419582181,13,knot_research.db
3195,13a_218,1,111,109,0.17751913109940895,13,knot_research.db
3196,13a_219,1,117,115,0.225892307447801,13,knot_research.db
3197,13a_220,1,123,121,0.17504975598573405,13,knot_research.db
3198,13a_221,1,117,115,0.2296128201884453,13,knot_research.db
3199,13a_222,1,117,115,0.18401371788768792,13,knot_research.db
3200,13a_223,1,117,115,0.11800412671635345,13,knot_research.db
3201,13a_224,1,113,111,0.26250634806304146,13,knot_research.db
3202,13a_225,1,117,115,0.25362173829867457,13,knot_research.db
3203,13a_226,1,117,115,0.21842123245685396,13,knot_research.db
3204,13a_227,1,111,109,0.25164921764056886,13,knot_research.db
3205,13a_228,1,111,109,0.2461983738603341,13,knot_research.db
3206,13a_229,1,113,111,0.2909671712160004,13,knot_research.db
3207,13a_230,1,117,115,0.2087214230594011,13,knot_research.db
3208,13a_231,1,111,109,0.2820908778524638,13,knot_research.db
3209,13a_232,1,111,109,0.18672364460314153,13,knot_research.db
3210,13a_233,1,109,107,0.3097363754836016,13,knot_research.db
3211,13a_234,1,113,111,0.26776582881569105,13,knot_research.db
3212,13a_235,1,109,107,0.2847890787409781,13,knot_research.db
3213,13a_236,1,117,115,0.16352796742185635,13,knot_research.db
3214,13a_237,1,115,113,0.16337831884944856,13,knot_research.db
3215,13a_238,1,123,121,0.19694566699945673,13,knot_research.db
3216,13a_239,1,113,111,0.26988070229253924,13,knot_research.db
3217,13a_240,1,111,109,0.27873823180554014,13,knot_research.db
3218,13a_241,1,113,111,0.2572854175100719,13,knot_research.db
3219,13a_242,1,115,113,0.2623492194850482,13,knot_research.db
3220,13a_243,1,115,113,0.2115478526251703,13,knot_research.db
3221,13a_244,1,111,109,0.19769235022030332,13,knot_research.db
3222,13a_245,1,115,113,0.27464099347199133,13,knot_research.db
3223,13a_246,1,111,109,0.3343701375857294,13,knot_research.db
3224,13a_247,1,115,113,0.2323083646615954,13,knot_research.db
3225,13a_248,1,111,109,0.2546303137720922,13,knot_research.db
3226,13a_249,1,119,117,0.2384359506141698,13,knot_research.db
3227,13a_250,1,115,113,0.15801357133643462,13,knot_research.db
3228,13a_251,1,117,115,0.18140924418111165,13,knot_research.db
3229,13a_252,1,117,115,0.2213829940597061,13,knot_research.db
3230,13a_253,1,115,113,0.23728359090703863,13,knot_research.db
3231,13a_254,1,119,117,0.15655814905589235,13,knot_research.db
3232,13a_255,1,117,115,0.2117193498521675,13,knot_research.db
3233,13a_256,1,121,119,0.17656396409017144,13,knot_research.db
3234,13a_257,1,115,113,0.21140851371194302,13,knot_research.db
3235,13a_258,1,119,117,0.20755611156497092,13,knot_research.db
3236,13a_259,1,113,111,0.2623492194738911,13,knot_research.db
3237,13a_260,1,121,119,0.2114166442007253,13,knot_research.db
3238,13a_261,1,117,115,0.19284484612255137,13,knot_research.db
3239,13a_262,1,117,115,0.26954461089857784,13,knot_research.db
3240,13a_263,1,119,117,0.15675711357353428,13,knot_research.db
3241,13a_264,1,113,111,0.19381179592957262,13,knot_research.db
3242,13a_265,1,111,109,0.23761922582125947,13,knot_research.db
3243,13a_266,1,117,115,0.12081601202131327,13,knot_research.db
3244,13a_267,1,125,123,0.1627307784147003,13,knot_research.db
3245,13a_268,1,109,107,0.29121284997448654,13,knot_research.db
3246,13a_269,1,113,111,0.28995725800777644,13,knot_research.db
3247,13a_270,1,115,113,0.2789552298013168,13,knot_research.db
3248,13a_271,1,111,109,0.19840507951798675,13,knot_research.db
3249,13a_272,1,113,111,0.25463031377808176,13,knot_research.db
3250,13a_273,1,109,107,0.2993310343908608,13,knot_research.db
3251,13a_274,1,109,107,0.2995326484228392,13,knot_research.db
3252,13a_275,1,117,115,0.21936463954825955,13,knot_research.db
3253,13a_276,1,121,119,0.24346852036134772,13,knot_research.db
3254,13a_277,1,117,115,0.2028505227324968,13,knot_research.db
3255,13a_278,1,111,109,0.30113473745375713,13,knot_research.db
3256,13a_279,1,117,115,0.2334988649424521,13,knot_research.db
3257,13a_280,1,117,115,0.26425589711583075,13,knot_research.db
3258,13a_281,1,109,107,0.3234390555524421,13,knot_research.db
3259,13a_282,1,117,115,0.21799151129050576,13,knot_research.db
3260,13a_283,1,109,107,0.3031372424624612,13,knot_research.db
3261,13a_284,1,121,119,0.19936229083116716,13,knot_research.db
3262,13a_285,1,113,111,0.21987989333206992,13,knot_research.db
3263,13a_286,1,113,111,0.1868347505799858,13,knot_research.db
3264,13a_287,1,117,115,0.2979525123521358,13,knot_research.db
3265,13a_288,1,121,119,0.2371309246325767,13,knot_research.db
3266,13a_289,1,115,113,0.21839264474582337,13,knot_research.db
3267,13a_290,1,117,115,0.28073027489274177,13,knot_research.db
3268,13a_291,1,113,111,0.2988172978849198,13,knot_research.db
3269,13a_292,1,109,107,0.2995326484165944,13,knot_research.db
3270,13a_293,1,111,109,0.2669871453451229,13,knot_research.db
3271,13a_294,1,115,113,0.2337037586152559,13,knot_research.db
3272,13a_295,1,113,111,0.2823597175379543,13,knot_research.db
3273,13a_296,1,115,113,0.26344986318275343,13,knot_research.db
3274,13a_297,1,121,119,0.2620129391408711,13,knot_research.db
3275,13a_298,1,117,115,0.20732255602135896,13,knot_research.db
3276,13a_299,1,113,111,0.2966922039068619,13,knot_research.db
3277,13a_300,1,111,109,0.28718851707605475,13,knot_research.db
3278,13a_301,1,117,115,0.22720634687053215,13,knot_research.db
3279,13a_302,1,109,107,0.17163058576123444,13,knot_research.db
3280,13a_303,1,109,107,0.2576815163272209,13,knot_research.db
3281,13a_304,1,109,107,0.3107783905094921,13,knot_research.db
3282,13a_305,1,111,109,0.33437013760287726,13,knot_research.db
3283,13a_306,1,109,107,0.23310210956377803,13,knot_research.db
3284,13a_307,1,109,107,0.3234390554525563,13,knot_research.db
3285,13a_308,1,111,109,0.2520958485903483,13,knot_research.db
3286,13a_309,1,111,109,0.24903130745097138,13,knot_research.db
3287,13a_310,1,111,109,0.2340929725058943,13,knot_research.db
3288,13a_311,1,115,113,0.25534777267829467,13,knot_research.db
3289,13a_312,1,117,115,0.18487852049117723,13,knot_research.db
3290,13a_313,1,113,111,0.33294164016491756,13,knot_research.db
3291,13a_314,1,117,115,0.2110186746684116,13,knot_research.db
3292,13a_315,1,115,113,0.18738048551443542,13,knot_research.db
3293,13a_316,1,115,113,0.23112530161339145,13,knot_research.db
3294,13a_317,1,113,111,0.33294163983756586,13,knot_research.db
3295,13a_318,1,111,109,0.34704181965188957,13,knot_research.db
3296,13a_319,1,119,117,0.18999482903856718,13,knot_research.db
3297,13a_320,1,115,113,0.3106651828991528,13,knot_research.db
3298,13a_321,1,109,107,0.3405004410637184,13,knot_research.db
3299,13a_322,1,109,107,0.2858205282270843,13,knot_research.db
3300,13a_323,1,115,113,0.23704819465216243,13,knot_research.db
3301,13a_324,1,109,107,0.36383034891368976,13,knot_research.db
3302,13a_325,1,109,107,0.34595989064457444,13,knot_research.db
3303,13a_326,1,121,119,0.1569039485730376,13,knot_research.db
3304,13a_327,1,117,115,0.1174527681306735,13,knot_research.db
3305,13a_328,1,111,109,0.3356265616062043,13,knot_research.db
3306,13a_329,1,117,115,0.28951669760715015,13,knot_research.db
3307,13a_330,1,117,115,0.16896106631618765,13,knot_research.db
3308,13a_331,1,121,119,0.23525858671514632,13,knot_research.db
3309,13a_332,1,113,111,0.3306856321028192,13,knot_research.db
3310,13a_333,1,125,123,0.21521202413415716,13,knot_research.db
3311,13a_334,1,119,117,0.21873416789222103,13,knot_research.db
6746,13a_335,1,117,115,0.2877734051830464,13,knot_research.db
6747,13a_336,1,117,115,0.2959259278688828,13,knot_research.db
6748,13a_337,1,113,111,0.2808963038543994,13,knot_research.db
6749,13a_338,1,111,109,0.23514707207122543,13,knot_research.db
6750,13a_339,1,111,109,0.1984050795178645,13,knot_research.db
6751,13a_340,1,115,113,0.31529396581460206,13,knot_research.db
6752,13a_341,1,113,111,0.32817608628527484,13,knot_research.db
6753,13a_342,1,109,107,0.318030067340398,13,knot_research.db
6754,13a_343,1,111,109,0.2693692889242303,13,knot_research.db
6755,13a_344,1,117,115,0.27504434555675106,13,knot_research.db
6756,13a_345,1,115,113,0.26794919243112164,13,knot_research.db
6757,13a_346,1,115,113,0.23704819464393023,13,knot_research.db
6758,13a_347,1,109,107,0.34047836795343267,13,knot_research.db
6759,13a_348,1,109,107,0.28234494122272863,13,knot_research.db
6760,13a_349,1,115,113,0.23456614431113199,13,knot_research.db
6761,13a_350,1,121,119,0.24586828380213716,13,knot_research.db
6762,13a_351,1,113,111,0.2692298422539817,13,knot_research.db
6763,13a_352,1,123,121,0.19159663359993787,13,knot_research.db
6764,13a_353,1,111,109,0.27627706296025745,13,knot_research.db
6765,13a_354,1,113,111,0.2988172979050954,13,knot_research.db
6766,13a_355,1,117,115,0.2272063468696982,13,knot_research.db
6767,13a_356,1,109,107,0.23310210956377864,13,knot_research.db
6768,13a_357,1,109,107,0.2911053563038964,13,knot_research.db
6769,13a_358,1,117,115,0.29592592785565375,13,knot_research.db
6770,13a_359,1,121,119,0.24162663986216568,13,knot_research.db
6771,13a_360,1,117,115,0.16309934929017986,13,knot_research.db
6772,13a_361,1,115,113,0.32254567896523034,13,knot_research.db
6773,13a_362,1,109,107,0.31077839050949163,13,knot_research.db
6774,13a_363,1,113,111,0.2358074427828274,13,knot_research.db
6775,13a_364,1,111,109,0.33437013758063155,13,knot_research.db
6776,13a_365,1,111,109,0.23514707207136162,13,knot_research.db
6777,13a_366,1,111,109,0.24903130745097146,13,knot_research.db
6778,13a_367,1,115,113,0.22520351578410097,13,knot_research.db
6779,13a_368,1,115,113,0.267089316567092,13,knot_research.db
6780,13a_369,1,115,113,0.24042111534177574,13,knot_research.db
6781,13a_370,1,115,113,0.17707053839445677,13,knot_research.db
6782,13a_371,1,123,121,0.2160416350031272,13,knot_research.db
6783,13a_372,1,113,111,0.3523177767410301,13,knot_research.db
6784,13a_373,1,109,107,0.2730360747320062,13,knot_research.db
6785,13a_374,1,115,113,0.15819799090238038,13,knot_research.db
6786,13a_375,1,109,107,0.2847170734214426,13,knot_research.db
6787,13a_376,1,115,113,0.2539203893173763,13,knot_research.db
6788,13a_377,1,117,115,0.18426916211654149,13,knot_research.db
6789,13a_378,1,111,109,0.30681779910342255,13,knot_research.db
6790,13a_379,1,121,119,0.18554783649107043,13,knot_research.db
6791,13a_380,1,129,127,0.16990199121294794,13,knot_research.db
6792,13a_381,1,115,113,0.29725244436799064,13,knot_research.db
6793,13a_382,1,119,117,0.19119911348285545,13,knot_research.db
6794,13a_383,1,115,113,0.3365920559395164,13,knot_research.db
6795,13a_384,1,117,115,0.21513659395578832,13,knot_research.db
6796,13a_385,1,113,111,0.22632970581603487,13,knot_research.db
6797,13a_386,1,117,115,0.22881803812414647,13,knot_research.db
6798,13a_387,1,107,105,0.3879858944264992,13,knot_research.db
6799,13a_388,1,109,107,0.33188116901366954,13,knot_research.db
6800,13a_389,1,111,109,0.29523063258900545,13,knot_research.db
6801,13a_390,1,111,109,0.2525822410312701,13,knot_research.db
6802,13a_391,1,109,107,0.29002376416080816,13,knot_research.db
6803,13a_392,1,109,107,0.2730360746795931,13,knot_research.db
6804,13a_393,1,115,113,0.16050776504962666,13,knot_research.db
6805,13a_394,1,113,111,0.23224063222786123,13,knot_research.db
6806,13a_395,1,115,113,0.33123879138512746,13,knot_research.db
6807,13a_396,1,111,109,0.2622268929091108,13,knot_research.db
6808,13a_397,1,113,111,0.23863020751191324,13,knot_research.db
6809,13a_398,1,113,111,0.2623206612927178,13,knot_research.db
6810,13a_399,1,113,111,0.25825435835988225,13,knot_research.db
6811,13a_400,1,113,111,0.2988172979067039,13,knot_research.db
6812,13a_401,1,109,107,0.2657146043746445,13,knot_research.db
6813,13a_402,1,117,115,0.22720634687010305,13,knot_research.db
6814,13a_403,1,113,111,0.33627330499525193,13,knot_research.db
6815,13a_404,1,115,113,0.31529396576389845,13,knot_research.db
6816,13a_405,1,117,115,0.27504434559954055,13,knot_research.db
6817,13a_406,1,115,113,0.2742711867390008,13,knot_research.db
6818,13a_407,1,115,113,0.23370375861525614,13,knot_research.db
6819,13a_408,1,113,111,0.33902936687391716,13,knot_research.db
6820,13a_409,1,117,115,0.29244518531226255,13,knot_research.db
6821,13a_410,1,115,113,0.30356350633613755,13,knot_research.db
6822,13a_411,1,113,111,0.22532161336919054,13,knot_research.db
6823,13a_412,1,117,115,0.21936463954918783,13,knot_research.db
6824,13a_413,1,121,119,0.2412614411253652,13,knot_research.db
6825,13a_414,1,117,115,0.16349389839067177,13,knot_research.db
6826,13a_415,1,113,111,0.21550245441972907,13,knot_research.db
6827,13a_416,1,113,111,0.2131666308364847,13,knot_research.db
6828,13a_417,1,123,121,0.20948337292686198,13,knot_research.db
6829,13a_418,1,113,111,0.22679677142439011,13,knot_research.db
6830,13a_419,1,115,113,0.20484218513056596,13,knot_research.db
6831,13a_420,1,117,115,0.20864699111130203,13,knot_research.db
6832,13a_421,1,115,113,0.23891864124293005,13,knot_research.db
6833,13a_422,1,113,111,0.24699278036496658,13,knot_research.db
6834,13a_423,1,119,117,0.14921046913668787,13,knot_research.db
6835,13a_424,1,117,115,0.20326518421411827,13,knot_research.db
6836,13a_425,1,123,121,0.17554376591915855,13,knot_research.db
6837,13a_426,1,117,115,0.2227674799363642,13,knot_research.db
6838,13a_427,1,121,119,0.19841972028915125,13,knot_research.db
6839,13a_428,1,121,119,0.13254023629060782,13,knot_research.db
6840,13a_429,1,109,107,0.3086187004829002,13,knot_research.db
6841,13a_430,1,111,109,0.3268304110374374,13,knot_research.db
6842,13a_431,1,117,115,0.2834656477444461,13,knot_research.db
6843,13a_432,1,119,117,0.18478953699658024,13,knot_research.db
6844,13a_433,1,109,107,0.3219303934473669,13,knot_research.db
6845,13a_434,1,115,113,0.20484218513510244,13,knot_research.db
6846,13a_435,1,107,105,0.20871215252207953,13,knot_research.db
6847,13a_436,1,113,111,0.29232641253512676,13,knot_research.db
6848,13a_437,1,119,117,0.19317125354741946,13,knot_research.db
6849,13a_438,1,113,111,0.3011013011401498,13,knot_research.db
6850,13a_439,1,107,105,0.39844263741134645,13,knot_research.db
6851,13a_440,1,113,111,0.3345567226960109,13,knot_research.db
6852,13a_441,1,109,107,0.4350294892709216,13,knot_research.db
6853,13a_442,1,111,109,0.27158870001768853,13,knot_research.db
6854,13a_443,1,119,117,0.2396880207477434,13,knot_research.db
6855,13a_444,1,113,111,0.23621329746904166,13,knot_research.db
6856,13a_445,1,111,109,0.2515111008775554,13,knot_research.db
6857,13a_446,1,125,123,0.17084696340818095,13,knot_research.db
6858,13a_447,1,113,111,0.218390050325923,13,knot_research.db
6859,13a_448,1,115,113,0.13361305061271367,13,knot_research.db
6860,13a_449,1,121,119,0.2034528314991459,13,knot_research.db
6861,13a_450,1,109,107,0.2838573642342288,13,knot_research.db
6862,13a_451,1,121,119,0.17957980235397064,13,knot_research.db
6863,13a_452,1,117,115,0.25532188915472015,13,knot_research.db
6864,13a_453,1,113,111,0.1894898277373212,13,knot_research.db
6865,13a_454,1,117,115,0.2493646238199047,13,knot_research.db
6866,13a_455,1,117,115,0.23414358647127617,13,knot_research.db
6867,13a_456,1,117,115,0.2708531232028538,13,knot_research.db
6868,13a_457,1,119,117,0.13090308072204743,13,knot_research.db
6869,13a_458,1,123,121,0.16351106430881568,13,knot_research.db
6870,13a_459,1,119,117,0.19903621232429797,13,knot_research.db
6871,13a_460,1,123,121,0.1659743851274305,13,knot_research.db
6872,13a_461,1,117,115,0.20787271362064,13,knot_research.db
6873,13a_462,1,121,119,0.14068531842805215,13,knot_research.db
6874,13a_463,1,115,113,0.20781158673488384,13,knot_research.db
6875,13a_464,1,123,121,0.16302344718697037,13,knot_research.db
6876,13a_465,1,113,111,0.17557114666424414,13,knot_research.db
6877,13a_466,1,117,115,0.2659666312015447,13,knot_research.db
6878,13a_467,1,113,111,0.3201468727539909,13,knot_research.db
6879,13a_468,1,117,115,0.29376729945494395,13,knot_research.db
6880,13a_469,1,117,115,0.11124747360181554,13,knot_research.db
6881,13a_470,1,117,115,0.21171934986796467,13,knot_research.db
6882,13a_471,1,111,109,0.2787382318012597,13,knot_research.db
6883,13a_472,1,115,113,0.24129634490771187,13,knot_research.db
6884,13a_473,1,115,113,0.16568977486059253,13,knot_research.db
6885,13a_474,1,121,119,0.17031044262246173,13,knot_research.db
6886,13a_475,1,121,119,0.17461941465247505,13,knot_research.db
6887,13a_476,1,121,119,0.24010347217112388,13,knot_research.db
6888,13a_477,1,115,113,0.15831452681768762,13,knot_research.db
6889,13a_478,1,121,119,0.13040695822593254,13,knot_research.db
6890,13a_479,1,115,113,0.20525418862884137,13,knot_research.db
6891,13a_480,1,117,115,0.2553977777352726,13,knot_research.db
6892,13a_481,1,117,115,0.2553218891533526,13,knot_research.db
6893,13a_482,1,117,115,0.15651885419801867,13,knot_research.db
6894,13a_483,1,111,109,0.2546303137644415,13,knot_research.db
6895,13a_484,1,119,117,0.21873416789195288,13,knot_research.db
6896,13a_485,1,117,115,0.14512961911969913,13,knot_research.db
6897,13a_486,1,121,119,0.10116777613414345,13,knot_research.db
6898,13a_487,1,113,111,0.2623492194316744,13,knot_research.db
6899,13a_488,1,111,109,0.3176954117280892,13,knot_research.db
6900,13a_489,1,113,111,0.26285390156434174,13,knot_research.db
6901,13a_490,1,115,113,0.22205771413122424,13,knot_research.db
6902,13a_491,1,117,115,0.170828709243028,13,knot_research.db
6903,13a_492,1,111,109,0.30582627331299556,13,knot_research.db
6904,13a_493,1,125,123,0.16892502964797398,13,knot_research.db
6905,13a_494,1,111,109,0.19049245875994705,13,knot_research.db
6906,13a_495,1,115,113,0.2972524443734597,13,knot_research.db
6907,13a_496,1,117,115,0.22508167586148803,13,knot_research.db
6908,13a_497,1,119,117,0.14131776628960618,13,knot_research.db
6909,13a_498,1,119,117,0.21776698946672862,13,knot_research.db
6910,13a_499,1,121,119,0.26201293914142126,13,knot_research.db
6911,13a_500,1,113,111,0.29881729789856515,13,knot_research.db
6912,13a_501,1,121,119,0.1462918106571518,13,knot_research.db
6913,13a_502,1,121,119,0.23525858671872726,13,knot_research.db
6914,13a_503,1,117,115,0.28195780407319265,13,knot_research.db
6915,13a_504,1,115,113,0.27531380780736187,13,knot_research.db
6916,13a_505,1,117,115,0.2575601532177241,13,knot_research.db
6917,13a_506,1,117,115,0.17180427244960172,13,knot_research.db
6918,13a_507,1,111,109,0.27873823180182095,13,knot_research.db
6919,13a_508,1,111,109,0.24098275777234426,13,knot_research.db
6920,13a_509,1,123,121,0.19159663359922843,13,knot_research.db
6921,13a_510,1,123,121,0.18186333860798287,13,knot_research.db
6922,13a_511,1,111,109,0.3068235310918025,13,knot_research.db
6923,13a_512,1,109,107,0.3244940562038833,13,knot_research.db
6924,13a_513,1,111,109,0.25258224103124743,13,knot_research.db
6925,13a_514,1,109,107,0.3095049678731358,13,knot_research.db
6926,13a_515,1,123,121,0.197303268318089,13,knot_research.db
6927,13a_516,1,111,109,0.20593273964255818,13,knot_research.db
6928,13a_517,1,111,109,0.2787382317919283,13,knot_research.db
6929,13a_518,1,113,111,0.27003513343103974,13,knot_research.db
6930,13a_519,1,111,109,0.3247591608422422,13,knot_research.db
6931,13a_520,1,111,109,0.3923401598145233,13,knot_research.db
6932,13a_521,1,117,115,0.22220419877074324,13,knot_research.db
6933,13a_522,1,119,117,0.21873416789163375,13,knot_research.db
6934,13a_523,1,121,119,0.23522658210504954,13,knot_research.db
6935,13a_524,1,113,111,0.3031970414765674,13,knot_research.db
6936,13a_525,1,117,115,0.23349886494209432,13,knot_research.db
6937,13a_526,1,117,115,0.28073027489427493,13,knot_research.db
6938,13a_527,1,117,115,0.289516697607792,13,knot_research.db
6939,13a_528,1,125,123,0.23141606431547454,13,knot_research.db
6940,13a_529,1,115,113,0.16167026572249585,13,knot_research.db
6941,13a_530,1,113,111,0.27003513343104063,13,knot_research.db
6942,13a_531,1,115,113,0.16041664411039314,13,knot_research.db
6943,13a_532,1,121,119,0.22213527358450064,13,knot_research.db
6944,13a_533,1,117,115,0.16896106631601773,13,knot_research.db
6945,13a_534,1,123,121,0.21604163500127269,13,knot_research.db
6946,13a_535,1,123,121,0.13234051438019345,13,knot_research.db
6947,13a_536,1,117,115,0.1788791319492647,13,knot_research.db
6948,13a_537,1,113,111,0.23224063222895217,13,knot_research.db
6949,13a_538,1,111,109,0.37340878643446396,13,knot_research.db
6950,13a_539,1,111,109,0.2444577576957075,13,knot_research.db
6951,13a_540,1,113,111,0.3787146679543485,13,knot_research.db
6952,13a_541,1,117,115,0.2685794048104256,13,knot_research.db
6953,13a_542,1,117,115,0.23349886494340225,13,knot_research.db
6954,13a_543,1,117,115,0.2807302748764333,13,knot_research.db
6955,13a_544,1,123,121,0.1321249287784874,13,knot_research.db
6956,13a_545,1,117,115,0.17862581098188599,13,knot_research.db
6957,13a_546,1,111,109,0.2525822410265555,13,knot_research.db
6958,13a_547,1,121,119,0.20300494560598517,13,knot_research.db
6959,13a_548,1,111,109,0.33562656157961657,13,knot_research.db
6960,13a_549,1,119,117,0.27138285522620464,13,knot_research.db
6961,13a_550,1,111,109,0.3155038215759113,13,knot_research.db
6962,13a_551,1,119,117,0.18997942593240114,13,knot_research.db
6963,13a_552,1,127,125,0.14621810296996382,13,knot_research.db
6964,13a_553,1,119,117,0.19030989557688757,13,knot_research.db
6965,13a_554,1,117,115,0.2556012996367147,13,knot_research.db
6966,13a_555,1,117,115,0.2700974208166182,13,knot_research.db
6967,13a_556,1,119,117,0.26144334606984315,13,knot_research.db
6968,13a_557,1,125,123,0.24154638989985827,13,knot_research.db
6969,13a_558,1,115,113,0.1627249923752349,13,knot_research.db
6970,13a_559,1,115,113,0.24692182774796126,13,knot_research.db
6971,13a_560,1,119,117,0.18229042257659764,13,knot_research.db
6972,13a_561,1,111,109,0.2636762524240469,13,knot_research.db
6973,13a_562,1,115,113,0.27088733812928745,13,knot_research.db
6974,13a_563,1,117,115,0.23119264493427394,13,knot_research.db
6975,13a_564,1,115,113,0.22172214569642973,13,knot_research.db
6976,13a_565,1,115,113,0.22099191609876395,13,knot_research.db
6977,13a_566,1,111,109,0.14536027832368895,13,knot_research.db
6978,13a_567,1,119,117,0.14560334530824945,13,knot_research.db
6979,13a_568,1,121,119,0.21154732624240047,13,knot_research.db
6980,13a_569,1,115,113,0.17652815035540448,13,knot_research.db
6981,13a_570,1,109,107,0.32314640485387247,13,knot_research.db
6982,13a_571,1,117,115,0.24871715938432162,13,knot_research.db
6983,13a_572,1,113,111,0.2680009395604859,13,knot_research.db
6984,13a_573,1,113,111,0.3272468677536762,13,knot_research.db
6985,13a_574,1,113,111,0.20225675489265627,13,knot_research.db
6986,13a_575,1,121,119,0.17024452819012748,13,knot_research.db
6987,13a_576,1,121,119,0.22535133364418888,13,knot_research.db
6988,13a_577,1,113,111,0.24864620680993185,13,knot_research.db
6989,13a_578,1,127,125,0.18334173961163835,13,knot_research.db
6990,13a_579,1,113,111,0.15056595587311933,13,knot_research.db
6991,13a_580,1,115,113,0.22618273318569104,13,knot_research.db
6992,13a_581,1,109,107,0.3086187005091558,13,knot_research.db
6993,13a_582,1,115,113,0.2094145619619504,13,knot_research.db
6994,13a_583,1,109,107,0.20988236524918225,13,knot_research.db
6995,13a_584,1,111,109,0.23144673299590107,13,knot_research.db
6996,13a_585,1,115,113,0.2375211788775502,13,knot_research.db
6997,13a_586,1,115,113,0.23933709731675187,13,knot_research.db
6998,13a_587,1,119,117,0.21162065806066507,13,knot_research.db
6999,13a_588,1,117,115,0.2432013197301158,13,knot_research.db
7000,13a_589,1,111,109,0.23144673299590138,13,knot_research.db
7001,13a_590,1,109,107,0.3245034497118971,13,knot_research.db
7002,13a_591,1,121,119,0.20066212117693788,13,knot_research.db
7003,13a_592,1,119,117,0.2651211480687644,13,knot_research.db
7004,13a_593,1,113,111,0.3091069386524195,13,knot_research.db
7005,13a_594,1,115,113,0.19420269734868298,13,knot_research.db
7006,13a_595,1,109,107,0.20988236524452483,13,knot_research.db
7007,13a_596,1,115,113,0.20484218513550018,13,knot_research.db
7008,13a_597,1,113,111,0.24253950790926548,13,knot_research.db
7009,13a_598,1,117,115,0.25887716124033233,13,knot_research.db
7010,13a_599,1,109,107,0.31804669023812804,13,knot_research.db
7011,13a_600,1,121,119,0.22030903170413332,13,knot_research.db
7012,13a_601,1,115,113,0.20484218513489139,13,knot_research.db
7013,13a_602,1,109,107,0.2995784038871729,13,knot_research.db
7014,13a_603,1,111,109,0.2199077061126303,13,knot_research.db
7015,13a_604,1,111,109,0.3104023214563992,13,knot_research.db
7016,13a_605,1,107,105,0.31069602659706774,13,knot_research.db
7017,13a_606,1,115,113,0.18259837706340828,13,knot_research.db
7018,13a_607,1,117,115,0.24384118896708046,13,knot_research.db
7019,13a_608,1,113,111,0.2807475779780285,13,knot_research.db
7020,13a_609,1,109,107,0.36046494296664405,13,knot_research.db
7021,13a_610,1,111,109,0.27275277080288884,13,knot_research.db
7022,13a_611,1,107,105,0.3651622982426971,13,knot_research.db
7023,13a_612,1,111,109,0.24081250680787045,13,knot_research.db
7024,13a_613,1,121,119,0.23871837870800028,13,knot_research.db
7025,13a_614,1,115,113,0.20210291059143426,13,knot_research.db
7026,13a_615,1,109,107,0.3400315861644724,13,knot_research.db
7027,13a_616,1,121,119,0.1486405130468367,13,knot_research.db
7028,13a_617,1,121,119,0.21504620682661685,13,knot_research.db
7029,13a_618,1,113,111,0.2429793189212076,13,knot_research.db
7030,13a_619,1,113,111,0.2575548891134339,13,knot_research.db
7031,13a_620,1,119,117,0.194106069326671,13,knot_research.db
7032,13a_621,1,115,113,0.25490755695404993,13,knot_research.db
7033,13a_622,1,111,109,0.243292208574459,13,knot_research.db
7034,13a_623,1,109,107,0.3960945314719606,13,knot_research.db
7035,13a_624,1,125,123,0.1229184300432298,13,knot_research.db
7036,13a_625,1,125,123,0.1969547364119224,13,knot_research.db
7037,13a_626,1,117,115,0.19932818772963118,13,knot_research.db
7038,13a_627,1,115,113,0.18204357881460168,13,knot_research.db
7039,13a_628,1,123,121,0.1531827755237795,13,knot_research.db
7040,13a_629,1,109,107,0.3960945311034092,13,knot_research.db
7041,13a_630,1,105,103,0.3709879625366747,13,knot_research.db
7042,13a_631,1,119,117,0.17565138626431367,13,knot_research.db
7043,13a_632,1,121,119,0.2588979439084539,13,knot_research.db
7044,13a_633,1,129,127,0.16333378173792004,13,knot_research.db
7045,13a_634,1,117,115,0.1820764394863378,13,knot_research.db
7046,13a_635,1,111,109,0.26437599442910614,13,knot_research.db
7047,13a_636,1,119,117,0.1756513862640453,13,knot_research.db
7048,13a_637,1,121,119,0.24698705157472817,13,knot_research.db
7049,13a_638,1,121,119,0.24231078315194118,13,knot_research.db
7050,13a_639,1,127,125,0.14902706478420533,13,knot_research.db
7051,13a_640,1,121,119,0.08775020559142538,13,knot_research.db
7052,13a_641,1,115,113,0.26367788287405164,13,knot_research.db
7053,13a_642,1,117,115,0.2657049855535348,13,knot_research.db
7054,13a_643,1,127,125,0.14803919278704264,13,knot_research.db
7055,13a_644,1,121,119,0.21477823190460965,13,knot_research.db
7056,13a_645,1,119,117,0.21301666395011867,13,knot_research.db
7057,13a_646,1,119,117,0.09012935019765307,13,knot_research.db
7058,13a_647,1,125,123,0.12165032627570425,13,knot_research.db
7059,13a_648,1,117,115,0.1670432446306306,13,knot_research.db
7060,13a_649,1,113,111,0.24117930576100025,13,knot_research.db
7061,13a_650,1,121,119,0.21154732624550535,13,knot_research.db
7062,13a_651,1,117,115,0.20022932074194616,13,knot_research.db
7063,13a_652,1,117,115,0.13359252074446393,13,knot_research.db
7064,13a_653,1,127,125,0.14217539023486814,13,knot_research.db
7065,13a_654,1,113,111,0.2767959744499977,13,knot_research.db
7066,13a_655,1,117,115,0.2311926449340018,13,knot_research.db
7067,13a_656,1,113,111,0.15356518356897395,13,knot_research.db
7068,13a_657,1,113,111,0.2636778828742741,13,knot_research.db
7069,13a_658,1,121,119,0.17074524885651868,13,knot_research.db
7070,13a_659,1,117,115,0.23971132030713968,13,knot_research.db
7071,13a_660,1,123,121,0.1583509068113419,13,knot_research.db
7072,13a_661,1,117,115,0.21979786519309227,13,knot_research.db
7073,13a_662,1,113,111,0.2767959744499403,13,knot_research.db
7074,13a_663,1,109,107,0.2746176304449291,13,knot_research.db
7075,13a_664,1,117,115,0.26240132945765393,13,knot_research.db
7076,13a_665,1,115,113,0.20871215252208003,13,knot_research.db
7077,13a_666,1,125,123,0.19959353224112386,13,knot_research.db
7078,13a_667,1,125,123,0.1163535167247468,13,knot_research.db
7079,13a_668,1,109,107,0.28703934730495595,13,knot_research.db
7080,13a_669,1,117,115,0.2530964964411173,13,knot_research.db
7081,13a_670,1,123,121,0.15348090627311428,13,knot_research.db
7082,13a_671,1,117,115,0.2085107082786944,13,knot_research.db
7083,13a_672,1,115,113,0.28449167825678473,13,knot_research.db
7084,13a_673,1,115,113,0.18988988021973935,13,knot_research.db
7085,13a_674,1,125,123,0.17346488407550215,13,knot_research.db
7086,13a_675,1,115,113,0.22205771413013525,13,knot_research.db
7087,13a_676,1,113,111,0.20070110329556248,13,knot_research.db
7088,13a_677,1,119,117,0.2703087662146628,13,knot_research.db
7089,13a_678,1,119,117,0.13740150472211649,13,knot_research.db
7090,13a_679,1,119,117,0.18296422809292243,13,knot_research.db
7091,13a_680,1,113,111,0.2781393178029279,13,knot_research.db
7092,13a_681,1,115,113,0.22830042273144954,13,knot_research.db
7093,13a_682,1,119,117,0.18245367345673774,13,knot_research.db
7094,13a_683,1,111,109,0.25385842098975436,13,knot_research.db
7095,13a_684,1,115,113,0.21819217622577028,13,knot_research.db
7096,13a_685,1,117,115,0.2557042825229199,13,knot_research.db
7097,13a_686,1,113,111,0.2317148758618998,13,knot_research.db
7098,13a_687,1,107,105,0.2636768547417648,13,knot_research.db
7099,13a_688,1,113,111,0.28675422124283945,13,knot_research.db
7100,13a_689,1,115,113,0.20660438413216553,13,knot_research.db
7101,13a_690,1,109,107,0.28376633329562867,13,knot_research.db
7102,13a_691,1,113,111,0.29725244436926157,13,knot_research.db
7103,13a_692,1,109,107,0.2686812359141673,13,knot_research.db
7104,13a_693,1,115,113,0.2548978720753258,13,knot_research.db
7105,13a_694,1,113,111,0.298868919601067,13,knot_research.db
7106,13a_695,1,119,117,0.23197829411848953,13,knot_research.db
7107,13a_696,1,113,111,0.2699917164117424,13,knot_research.db
7108,13a_697,1,117,115,0.27504434561426,13,knot_research.db
7109,13a_698,1,111,109,0.21704062961067253,13,knot_research.db
7110,13a_699,1,107,105,0.4082541610028052,13,knot_research.db
7111,13a_700,1,117,115,0.2607946390371438,13,knot_research.db
7112,13a_701,1,123,121,0.21077401760985418,13,knot_research.db
7113,13a_702,1,115,113,0.13356009673093844,13,knot_research.db
7114,13a_703,1,115,113,0.22083693141198413,13,knot_research.db
7115,13a_704,1,109,107,0.24979749904097984,13,knot_research.db
7116,13a_705,1,117,115,0.2326458001817935,13,knot_research.db
7117,13a_706,1,125,123,0.19518402707642235,13,knot_research.db
7118,13a_707,1,109,107,0.13366053656617463,13,knot_research.db
7119,13a_708,1,113,111,0.17711338049326408,13,knot_research.db
7120,13a_709,1,121,119,0.25636195055758204,13,knot_research.db
7121,13a_710,1,117,115,0.26202007412143485,13,knot_research.db
7122,13a_711,1,129,127,0.1501799315297518,13,knot_research.db
7123,13a_712,1,113,111,0.22156539467339137,13,knot_research.db
7124,13a_713,1,109,107,0.40825416104281836,13,knot_research.db
7125,13a_714,1,119,117,0.2482410008300899,13,knot_research.db
7126,13a_715,1,117,115,0.2321150873181781,13,knot_research.db
7127,13a_716,1,105,103,0.30540027705215084,13,knot_research.db
7128,13a_717,1,117,115,0.29096717122299887,13,knot_research.db
7129,13a_718,1,117,115,0.2087214230581546,13,knot_research.db
7130,13a_719,1,109,107,0.27900068363614594,13,knot_research.db
7131,13a_720,1,121,119,0.21574357529112437,13,knot_research.db
7132,13a_721,1,121,119,0.2356533701202074,13,knot_research.db
7133,13a_722,1,117,115,0.23051692872818708,13,knot_research.db
7134,13a_723,1,113,111,0.3344103624464977,13,knot_research.db
7135,13a_724,1,111,109,0.2976010135529625,13,knot_research.db
7136,13a_725,1,111,109,0.19049245876025195,13,knot_research.db
7137,13a_726,1,115,113,0.21322773426958339,13,knot_research.db
7138,13a_727,1,123,121,0.26459325344923246,13,knot_research.db
7139,13a_728,1,111,109,0.18683475058031798,13,knot_research.db
7140,13a_729,1,113,111,0.2307044301962858,13,knot_research.db
7141,13a_730,1,117,115,0.21113617623773162,13,knot_research.db
7142,13a_731,1,117,115,0.2681245204330091,13,knot_research.db
7143,13a_732,1,117,115,0.20241397511961112,13,knot_research.db
7144,13a_733,1,111,109,0.2852493292273643,13,knot_research.db
7145,13a_734,1,117,115,0.24105633597547615,13,knot_research.db
7146,13a_735,1,121,119,0.18020033559518558,13,knot_research.db
7147,13a_736,1,117,115,0.17000396710277668,13,knot_research.db
7148,13a_737,1,117,115,0.23041868139290342,13,knot_research.db
7149,13a_738,1,111,109,0.2939032789128668,13,knot_research.db
7150,13a_739,1,111,109,0.2642284102896584,13,knot_research.db
7151,13a_740,1,111,109,0.29941322394654674,13,knot_research.db
7152,13a_741,1,117,115,0.26215337238747566,13,knot_research.db
7153,13a_742,1,119,117,0.16751896086241594,13,knot_research.db
7154,13a_743,1,117,115,0.3049964991690723,13,knot_research.db
7155,13a_744,1,115,113,0.19864474505023427,13,knot_research.db
7156,13a_745,1,115,113,0.2707818073924443,13,knot_research.db
7157,13a_746,1,111,109,0.2765385861569399,13,knot_research.db
7158,13a_747,1,117,115,0.2769635996614207,13,knot_research.db
7159,13a_748,1,117,115,0.2895390900912728,13,knot_research.db
7160,13a_749,1,111,109,0.21242716528449454,13,knot_research.db
7161,13a_750,1,115,113,0.27119687113360597,13,knot_research.db
7162,13a_751,1,117,115,0.22722386320444365,13,knot_research.db
7163,13a_752,1,105,103,0.21587541458359122,13,knot_research.db
7164,13a_753,1,125,123,0.19286902614023607,13,knot_research.db
7165,13a_754,1,117,115,0.1413303165717424,13,knot_research.db
7166,13a_755,1,117,115,0.17698264367324051,13,knot_research.db
7167,13a_756,1,121,119,0.19243893050424998,13,knot_research.db
7168,13a_757,1,111,109,0.38397392227513794,13,knot_research.db
7169,13a_758,1,111,109,0.23433296842715046,13,knot_research.db
7170,13a_759,1,117,115,0.21271474345033523,13,knot_research.db
7171,13a_760,1,111,109,0.2939671900396441,13,knot_research.db
7172,13a_761,1,111,109,0.3551638625454205,13,knot_research.db
7173,13a_762,1,107,105,0.36046494296690124,13,knot_research.db
7174,13a_763,1,117,115,0.28359076329030136,13,knot_research.db
7175,13a_764,1,119,117,0.20950344555995487,13,knot_research.db
7176,13a_765,1,105,103,0.36635301249452634,13,knot_research.db
7177,13a_766,1,113,111,0.19528294625374953,13,knot_research.db
7178,13a_767,1,109,107,0.1951450736116531,13,knot_research.db
7179,13a_768,1,113,111,0.29041390659489913,13,knot_research.db
7180,13a_769,1,113,111,0.2572854175099595,13,knot_research.db
7181,13a_770,1,111,109,0.26486009682934253,13,knot_research.db
7182,13a_771,1,109,107,0.3013058680283055,13,knot_research.db
7183,13a_772,1,113,111,0.24819064749978947,13,knot_research.db
7184,13a_773,1,119,117,0.2218040547391432,13,knot_research.db
7185,13a_774,1,113,111,0.29041390660512134,13,knot_research.db
7186,13a_775,1,119,117,0.2671021534992913,13,knot_research.db
7187,13a_776,1,117,115,0.20732729592494645,13,knot_research.db
7188,13a_777,1,113,111,0.21306566671247143,13,knot_research.db
7189,13a_778,1,117,115,0.22541693746522126,13,knot_research.db
7190,13a_779,1,115,113,0.21928344521163798,13,knot_research.db
7191,13a_780,1,117,115,0.2810431270499217,13,knot_research.db
7192,13a_781,1,117,115,0.20732729592488386,13,knot_research.db
7193,13a_782,1,105,103,0.3846597017910341,13,knot_research.db
7194,13a_783,1,113,111,0.23580744278494975,13,knot_research.db
7195,13a_784,1,109,107,0.38607501577531794,13,knot_research.db
7196,13a_785,1,113,111,0.2257397969064166,13,knot_research.db
7197,13a_786,1,111,109,0.23265680509153455,13,knot_research.db
7198,13a_787,1,111,109,0.3256017652442974,13,knot_research.db
7199,13a_788,1,115,113,0.2528722014822533,13,knot_research.db
7200,13a_789,1,109,107,0.3129109213458228,13,knot_research.db
7201,13a_790,1,111,109,0.3305990375908646,13,knot_research.db
7202,13a_791,1,109,107,0.25209584858795464,13,knot_research.db
7203,13a_792,1,113,111,0.27413254526252534,13,knot_research.db
7204,13a_793,1,107,105,0.24018724801497326,13,knot_research.db
7205,13a_794,1,107,105,0.37680262922357355,13,knot_research.db
7206,13a_795,1,111,109,0.3064704905435997,13,knot_research.db
7207,13a_796,1,111,109,0.26529558111767443,13,knot_research.db
7208,13a_797,1,115,113,0.20251629255603765,13,knot_research.db
7209,13a_798,1,117,115,0.17409966531520854,13,knot_research.db
7210,13a_799,1,111,109,0.227616453756406,13,knot_research.db
7211,13a_800,1,119,117,0.22068189844052405,13,knot_research.db
7212,13a_801,1,111,109,0.3333808072945883,13,knot_research.db
7213,13a_802,1,113,111,0.31040232145176244,13,knot_research.db
7214,13a_803,1,113,111,0.29346191481139194,13,knot_research.db
7215,13a_804,1,121,119,0.21006885081770232,13,knot_research.db
7216,13a_805,1,115,113,0.19309813273320775,13,knot_research.db
7217,13a_806,1,119,117,0.27547345963921344,13,knot_research.db
7218,13a_807,1,109,107,0.1840369759043639,13,knot_research.db
7219,13a_808,1,117,115,0.24105633597588,13,knot_research.db
7220,13a_809,1,113,111,0.24071497895715407,13,knot_research.db
7221,13a_810,1,119,117,0.20165993159847373,13,knot_research.db
7222,13a_811,1,117,115,0.18827988399178477,13,knot_research.db
7223,13a_812,1,117,115,0.22979894665799822,13,knot_research.db
7224,13a_813,1,119,117,0.13171574795876864,13,knot_research.db
7225,13a_814,1,117,115,0.18097685262360405,13,knot_research.db
7226,13a_815,1,117,115,0.2582495012251038,13,knot_research.db
7227,13a_816,1,123,121,0.1867811666338249,13,knot_research.db
7228,13a_817,1,123,121,0.2554806902627719,13,knot_research.db
7229,13a_818,1,115,113,0.16695273423286358,13,knot_research.db
7230,13a_819,1,119,117,0.25603947059420884,13,knot_research.db
7231,13a_820,1,111,109,0.1936003099581982,13,knot_research.db
7232,13a_821,1,107,105,0.2979914560102077,13,knot_research.db
7233,13a_822,1,111,109,0.30356350619805067,13,knot_research.db
7234,13a_823,1,121,119,0.1650763669224647,13,knot_research.db
7235,13a_824,1,121,119,0.24015238573560585,13,knot_research.db
7236,13a_825,1,117,115,0.14509984249933688,13,knot_research.db
7237,13a_826,1,117,115,0.20038609532778726,13,knot_research.db
7238,13a_827,1,117,115,0.24172502842367147,13,knot_research.db
7239,13a_828,1,117,115,0.29559043757586184,13,knot_research.db
7240,13a_829,1,123,121,0.15816000816671016,13,knot_research.db
7241,13a_830,1,123,121,0.1688027618182348,13,knot_research.db
7242,13a_831,1,119,117,0.20872142305854768,13,knot_research.db
7243,13a_832,1,107,105,0.25877650170361594,13,knot_research.db
7244,13a_833,1,117,115,0.18999482903892365,13,knot_research.db
7245,13a_834,1,115,113,0.27158870002617264,13,knot_research.db
7246,13a_835,1,115,113,0.2225413657093191,13,knot_research.db
7247,13a_836,1,127,125,0.17064508562753095,13,knot_research.db
7248,13a_837,1,113,111,0.14005760682016344,13,knot_research.db
7249,13a_838,1,117,115,0.250563946503132,13,knot_research.db
7250,13a_839,1,121,119,0.20677734485806878,13,knot_research.db
7251,13a_840,1,119,117,0.1874995684443999,13,knot_research.db
7252,13a_841,1,125,123,0.15464600684887359,13,knot_research.db
7253,13a_842,1,119,117,0.22480946836647323,13,knot_research.db
7254,13a_843,1,123,121,0.19687247929561422,13,knot_research.db
7255,13a_844,1,117,115,0.23276306604718913,13,knot_research.db
7256,13a_845,1,111,109,0.23870646367468362,13,knot_research.db
7257,13a_846,1,123,121,0.17379922926844613,13,knot_research.db
7258,13a_847,1,123,121,0.20969493911120793,13,knot_research.db
7259,13a_848,1,121,119,0.11796888916018695,13,knot_research.db
7260,13a_849,1,113,111,0.1960961932354011,13,knot_research.db
7261,13a_850,1,111,109,0.19260450160499276,13,knot_research.db
7262,13a_851,1,117,115,0.2945884839246028,13,knot_research.db
7263,13a_852,1,115,113,0.23923735995514644,13,knot_research.db
7264,13a_853,1,119,117,0.2151501814645575,13,knot_research.db
7265,13a_854,1,115,113,0.27505689783176174,13,knot_research.db
7266,13a_855,1,113,111,0.2749786825394872,13,knot_research.db
7267,13a_856,1,117,115,0.17196119345856556,13,knot_research.db
7268,13a_857,1,117,115,0.23383306112913008,13,knot_research.db
7269,13a_858,1,119,117,0.23649051108207367,13,knot_research.db
7270,13a_859,1,119,117,0.21006885081532442,13,knot_research.db
7271,13a_860,1,109,107,0.19049245875986112,13,knot_research.db
7272,13a_861,1,125,123,0.1427516177990448,13,knot_research.db
7273,13a_862,1,119,117,0.18848563549040603,13,knot_research.db
7274,13a_863,1,119,117,0.19472021925361477,13,knot_research.db
7275,13a_864,1,119,117,0.12038096577639407,13,knot_research.db
7276,13a_865,1,123,121,0.17344142691949205,13,knot_research.db
7277,13a_866,1,117,115,0.22353405555012326,13,knot_research.db
7278,13a_867,1,117,115,0.24854221973592125,13,knot_research.db
7279,13a_868,1,123,121,0.18420945940689826,13,knot_research.db
7280,13a_869,1,123,121,0.11328089004340001,13,knot_research.db
7281,13a_870,1,111,109,0.2512509010887789,13,knot_research.db
7282,13a_871,1,121,119,0.196244620282888,13,knot_research.db
7283,13a_872,1,113,111,0.22573979690857865,13,knot_research.db
7284,13a_873,1,107,105,0.3356265615659932,13,knot_research.db
7285,13a_874,1,111,109,0.2493759531433965,13,knot_research.db
7286,13a_875,1,117,115,0.2177892677813307,13,knot_research.db
7287,13a_876,1,117,115,0.2073272959250574,13,knot_research.db
7288,13a_877,1,113,111,0.11842064846799844,13,knot_research.db
7289,13a_878,1,123,121,0.18408350051685501,13,knot_research.db
7290,13a_879,1,121,119,0.1855478364920713,13,knot_research.db
7291,13a_880,1,131,129,0.17589859283894063,13,knot_research.db
7292,13a_881,1,107,105,0.3984426374662724,13,knot_research.db
7293,13a_882,1,113,111,0.2247012730577751,13,knot_research.db
7294,13a_883,1,117,115,0.20673924468674443,13,knot_research.db
7295,13a_884,1,109,107,0.1400110709639563,13,knot_research.db
7296,13a_885,1,107,105,0.3768026292290982,13,knot_research.db
7297,13a_886,1,105,103,0.24234376698631618,13,knot_research.db
7298,13a_887,1,109,107,0.22198198424738907,13,knot_research.db
7299,13a_888,1,111,109,0.2957850541066338,13,knot_research.db
7300,13a_889,1,117,115,0.23923881252494336,13,knot_research.db
7301,13a_890,1,115,113,0.229182373782844,13,knot_research.db
7302,13a_891,1,115,113,0.19587019648578458,13,knot_research.db
7303,13a_892,1,111,109,0.1338488891661703,13,knot_research.db
7304,13a_893,1,109,107,0.2790006836342225,13,knot_research.db
7305,13a_894,1,115,113,0.22888976669547687,13,knot_research.db
7306,13a_895,1,111,109,0.21952919991838393,13,knot_research.db
7307,13a_896,1,117,115,0.2299566017204436,13,knot_research.db
7308,13a_897,1,113,111,0.37586477753392306,13,knot_research.db
7309,13a_898,1,109,107,0.3879858944323812,13,knot_research.db
7310,13a_899,1,111,109,0.34047836795061415,13,knot_research.db
7311,13a_900,1,111,109,0.2199077061023532,13,knot_research.db
7312,13a_901,1,111,109,0.2505665009348806,13,knot_research.db
7313,13a_902,1,109,107,0.27618127321788605,13,knot_research.db
7314,13a_903,1,109,107,0.33455672294767186,13,knot_research.db
7315,13a_904,1,111,109,0.27158638153064935,13,knot_research.db
7316,13a_905,1,117,115,0.18814339250334408,13,knot_research.db
7317,13a_906,1,117,115,0.17698264367293848,13,knot_research.db
7318,13a_907,1,121,119,0.21602956707840731,13,knot_research.db
7319,13a_908,1,121,119,0.17291866577447135,13,knot_research.db
7320,13a_909,1,119,117,0.21086691534998395,13,knot_research.db
7321,13a_910,1,125,123,0.17165290667523564,13,knot_research.db
7322,13a_911,1,119,117,0.1892256256313936,13,knot_research.db
7323,13a_912,1,123,121,0.1836977617193291,13,knot_research.db
7324,13a_913,1,121,119,0.11796888916015387,13,knot_research.db
7325,13a_914,1,117,115,0.29156025334670743,13,knot_research.db
7326,13a_915,1,119,117,0.17934647799164427,13,knot_research.db
7327,13a_916,1,117,115,0.17698264367322408,13,knot_research.db
7328,13a_917,1,113,111,0.24658382942812523,13,knot_research.db
7329,13a_918,1,117,115,0.2136818653541736,13,knot_research.db
7330,13a_919,1,103,101,0.5235900986121013,13,knot_research.db
7331,13a_920,1,115,113,0.1600890052173531,13,knot_research.db
7332,13a_921,1,125,123,0.18834087877182576,13,knot_research.db
7333,13a_922,1,123,121,0.23134036627651805,13,knot_research.db
7334,13a_923,1,115,113,0.20285052273236232,13,knot_research.db
7335,13a_924,1,109,107,0.3128541670481324,13,knot_research.db
7336,13a_925,1,105,103,0.38911889694898594,13,knot_research.db
7337,13a_926,1,119,117,0.24574229005800446,13,knot_research.db
7338,13a_927,1,109,107,0.3278153659706949,13,knot_research.db
7339,13a_928,1,115,113,0.22153935946965997,13,knot_research.db
7340,13a_929,1,109,107,0.27962501169900106,13,knot_research.db
7341,13a_930,1,107,105,0.41618039313035476,13,knot_research.db
7342,13a_931,1,111,109,0.23587859936604683,13,knot_research.db
7343,13a_932,1,113,111,0.25323587702249756,13,knot_research.db
7344,13a_933,1,125,123,0.16896068024126373,13,knot_research.db
7345,13a_934,1,125,123,0.22599747713560212,13,knot_research.db
7346,13a_935,1,121,119,0.1729186657739276,13,knot_research.db
7347,13a_936,1,109,107,0.174976390464779,13,knot_research.db
7348,13a_937,1,121,119,0.22726450197243947,13,knot_research.db
7349,13a_938,1,117,115,0.22674061339474144,13,knot_research.db
7350,13a_939,1,117,115,0.2988689196101534,13,knot_research.db
7351,13a_940,1,119,117,0.2445339491005096,13,knot_research.db
7352,13a_941,1,109,107,0.324677190648112,13,knot_research.db
7353,13a_942,1,111,109,0.27873823179878277,13,knot_research.db
7354,13a_943,1,115,113,0.19309813273365045,13,knot_research.db
7355,13a_944,1,111,109,0.31040232147726937,13,knot_research.db
7356,13a_945,1,117,115,0.23083101339242096,13,knot_research.db
7357,13a_946,1,117,115,0.2924451853532511,13,knot_research.db
7358,13a_947,1,117,115,0.2567989696198603,13,knot_research.db
7359,13a_948,1,113,111,0.22913623194268762,13,knot_research.db
7360,13a_949,1,109,107,0.30791134270142306,13,knot_research.db
7361,13a_950,1,109,107,0.33562656159342663,13,knot_research.db
7362,13a_951,1,109,107,0.3051251307088048,13,knot_research.db
7363,13a_952,1,113,111,0.3204970858531134,13,knot_research.db
7364,13a_953,1,119,117,0.2988689196026089,13,knot_research.db
7365,13a_954,1,113,111,0.2716082933730002,13,knot_research.db
7366,13a_955,1,109,107,0.3713610741701639,13,knot_research.db
7367,13a_956,1,117,115,0.275773358532098,13,knot_research.db
7368,13a_957,1,109,107,0.40825416096676953,13,knot_research.db
7369,13a_958,1,109,107,0.3158450583397938,13,knot_research.db
7370,13a_959,1,119,117,0.21873416789106767,13,knot_research.db
7371,13a_960,1,121,119,0.17656396409036174,13,knot_research.db
7372,13a_961,1,113,111,0.29933103439220476,13,knot_research.db
7373,13a_962,1,115,113,0.24481187074698682,13,knot_research.db
7374,13a_963,1,113,111,0.28616552653781396,13,knot_research.db
7375,13a_964,1,109,107,0.3068235310732638,13,knot_research.db
7376,13a_965,1,117,115,0.23562234628122702,13,knot_research.db
7377,13a_966,1,109,107,0.3648749655661644,13,knot_research.db
7378,13a_967,1,111,109,0.33213823053193614,13,knot_research.db
7379,13a_968,1,117,115,0.27561524773255647,13,knot_research.db
7380,13a_969,1,113,111,0.3010643011230009,13,knot_research.db
7381,13a_970,1,111,109,0.2771908153002633,13,knot_research.db
7382,13a_971,1,111,109,0.16216531094646996,13,knot_research.db
7383,13a_972,1,117,115,0.2657049855513545,13,knot_research.db
7384,13a_973,1,115,113,0.1990743258715076,13,knot_research.db
7385,13a_974,1,115,113,0.21845853087647576,13,knot_research.db
7386,13a_975,1,111,109,0.20398877726863907,13,knot_research.db
7387,13a_976,1,109,107,0.2993310343881885,13,knot_research.db
7388,13a_977,1,111,109,0.27873823168235057,13,knot_research.db
7389,13a_978,1,113,111,0.20880478292626914,13,knot_research.db
7390,13a_979,1,117,115,0.2676684676066739,13,knot_research.db
7391,13a_980,1,113,111,0.27405863257245333,13,knot_research.db
7392,13a_981,1,105,103,0.3846597018076535,13,knot_research.db
7393,13a_982,1,109,107,0.2770675630303535,13,knot_research.db
7394,13a_983,1,113,111,0.2179502679668389,13,knot_research.db
7395,13a_984,1,113,111,0.24505943677808936,13,knot_research.db
7396,13a_985,1,107,105,0.36446712088556515,13,knot_research.db
7397,13a_986,1,109,107,0.40495150584014694,13,knot_research.db
7398,13a_987,1,111,109,0.23398905728779038,13,knot_research.db
7399,13a_988,1,111,109,0.2346899536054804,13,knot_research.db
7400,13a_989,1,113,111,0.2132099551588817,13,knot_research.db
7401,13a_990,1,113,111,0.2532358770007043,13,knot_research.db
7402,13a_991,1,117,115,0.1775946137128585,13,knot_research.db
7403,13a_992,1,113,111,0.3362733049910793,13,knot_research.db
7404,13a_993,1,113,111,0.28212551733480906,13,knot_research.db
7405,13a_994,1,113,111,0.16524517598680852,13,knot_research.db
7406,13a_995,1,123,121,0.23698480864452323,13,knot_research.db
7407,13a_996,1,123,121,0.1816023516054642,13,knot_research.db
7408,13a_997,1,117,115,0.17632322484629823,13,knot_research.db
7409,13a_998,1,111,109,0.2316799425411314,13,knot_research.db
7410,13a_999,1,113,111,0.284709594617751,13,knot_research.db
7411,13a_1000,1,109,107,0.28859969261574125,13,knot_research.db
7412,13a_1001,1,125,123,0.23919475487115271,13,knot_research.db
7413,13a_1002,1,109,107,0.17497639046533778,13,knot_research.db
7414,13a_1003,1,117,115,0.20285052273467805,13,knot_research.db
7415,13a_1004,1,123,121,0.22726450197075496,13,knot_research.db
7416,13a_1005,1,117,115,0.167686297436553,13,knot_research.db
7417,13a_1006,1,123,121,0.19340271493319008,13,knot_research.db
7418,13a_1007,1,115,113,0.23704819463850013,13,knot_research.db
7419,13a_1008,1,109,107,0.2761812731937557,13,knot_research.db
7420,13a_1009,1,109,107,0.3927127476543526,13,knot_research.db
7421,13a_1010,1,111,109,0.27873823177067236,13,knot_research.db
7422,13a_1011,1,123,121,0.18780610779369203,13,knot_research.db
7423,13a_1012,1,113,111,0.2773302323173821,13,knot_research.db
7424,13a_1013,1,113,111,0.1415357691673399,13,knot_research.db
7425,13a_1014,1,117,115,0.23562234628148576,13,knot_research.db
7426,13a_1015,1,115,113,0.28324807614816605,13,knot_research.db
7427,13a_1016,1,111,109,0.2787382318057444,13,knot_research.db
7428,13a_1017,1,113,111,0.33392427284775245,13,knot_research.db
7429,13a_1018,1,113,111,0.2823597175375085,13,knot_research.db
7430,13a_1019,1,113,111,0.3009425287861547,13,knot_research.db
7431,13a_1020,1,109,107,0.25922208636055916,13,knot_research.db
7432,13a_1021,1,115,113,0.22118132170508567,13,knot_research.db
7433,13a_1022,1,113,111,0.16529632093549326,13,knot_research.db
7434,13a_1023,1,117,115,0.22138299405558695,13,knot_research.db
7435,13a_1024,1,107,105,0.38484336581253,13,knot_research.db
7436,13a_1025,1,117,115,0.29795251234906805,13,knot_research.db
7437,13a_1026,1,115,113,0.21839264474337464,13,knot_research.db
7438,13a_1027,1,115,113,0.27696682209757556,13,knot_research.db
7439,13a_1028,1,109,107,0.2993310343931976,13,knot_research.db
7440,13a_1029,1,119,117,0.1606147443669284,13,knot_research.db
7441,13a_1030,1,115,113,0.11766597206547479,13,knot_research.db
7442,13a_1031,1,111,109,0.23870646367034706,13,knot_research.db
7443,13a_1032,1,123,121,0.1905543602056044,13,knot_research.db
7444,13a_1033,1,111,109,0.2736242167699416,13,knot_research.db
7445,13a_1034,1,109,107,0.3332303212354249,13,knot_research.db
7446,13a_1035,1,115,113,0.24042111534263316,13,knot_research.db
7447,13a_1036,1,113,111,0.2522337172107422,13,knot_research.db
7448,13a_1037,1,111,109,0.2661227304591847,13,knot_research.db
7449,13a_1038,1,123,121,0.19582902167953703,13,knot_research.db
7450,13a_1039,1,115,113,0.26824033795044716,13,knot_research.db
7451,13a_1040,1,109,107,0.34180540750994376,13,knot_research.db
7452,13a_1041,1,121,119,0.16497159288768326,13,knot_research.db
7453,13a_1042,1,121,119,0.18832134950860613,13,knot_research.db
7454,13a_1043,1,127,125,0.17244750598618963,13,knot_research.db
7455,13a_1044,1,121,119,0.21596308330513447,13,knot_research.db
7456,13a_1045,1,123,121,0.18086351743012416,13,knot_research.db
7457,13a_1046,1,121,119,0.11207084281117097,13,knot_research.db
7458,13a_1047,1,113,111,0.19467771373568107,13,knot_research.db
7459,13a_1048,1,123,121,0.21124246970895036,13,knot_research.db
7460,13a_1049,1,117,115,0.26735798997625376,13,knot_research.db
7461,13a_1050,1,119,117,0.1891262906414493,13,knot_research.db
7462,13a_1051,1,113,111,0.24699278035972455,13,knot_research.db
7463,13a_1052,1,109,107,0.21469422768407045,13,knot_research.db
7464,13a_1053,1,113,111,0.2823597175387893,13,knot_research.db
7465,13a_1054,1,109,107,0.43324000233703996,13,knot_research.db
7466,13a_1055,1,111,109,0.2735201141265881,13,knot_research.db
7467,13a_1056,1,109,107,0.393661632092154,13,knot_research.db
7468,13a_1057,1,117,115,0.22205771413341976,13,knot_research.db
7469,13a_1058,1,121,119,0.20950344556120679,13,knot_research.db
7470,13a_1059,1,111,109,0.345202902791848,13,knot_research.db
7471,13a_1060,1,109,107,0.2764120674896844,13,knot_research.db
7472,13a_1061,1,119,117,0.26358341550096775,13,knot_research.db
7473,13a_1062,1,115,113,0.18214116508126427,13,knot_research.db
7474,13a_1063,1,111,109,0.28118273966516727,13,knot_research.db
7475,13a_1064,1,117,115,0.21947935890467382,13,knot_research.db
7476,13a_1065,1,111,109,0.298134790789184,13,knot_research.db
7477,13a_1066,1,117,115,0.2769635996627678,13,knot_research.db
7478,13a_1067,1,111,109,0.212427165286455,13,knot_research.db
7479,13a_1068,1,107,105,0.3351722018198318,13,knot_research.db
7480,13a_1069,1,117,115,0.26215337238809333,13,knot_research.db
7481,13a_1070,1,117,115,0.1835814711081075,13,knot_research.db
7482,13a_1071,1,107,105,0.2995326484021163,13,knot_research.db
7483,13a_1072,1,105,103,0.26367685474106917,13,knot_research.db
7484,13a_1073,1,111,109,0.3044100708532538,13,knot_research.db
7485,13a_1074,1,117,115,0.2389217100756834,13,knot_research.db
7486,13a_1075,1,111,109,0.29760101359307267,13,knot_research.db
7487,13a_1076,1,111,109,0.2832470326222056,13,knot_research.db
7488,13a_1077,1,107,105,0.31168938575882416,13,knot_research.db
7489,13a_1078,1,113,111,0.2611063038167207,13,knot_research.db
7490,13a_1079,1,109,107,0.20607276169331246,13,knot_research.db
7491,13a_1080,1,115,113,0.31390775781896707,13,knot_research.db
7492,13a_1081,1,113,111,0.23470228943523586,13,knot_research.db
7493,13a_1082,1,117,115,0.1846850041612533,13,knot_research.db
7494,13a_1083,1,117,115,0.26766846760216734,13,knot_research.db
7495,13a_1084,1,113,111,0.27952551295211386,13,knot_research.db
7496,13a_1085,1,113,111,0.24545866576470665,13,knot_research.db
7497,13a_1086,1,107,105,0.39907075833598565,13,knot_research.db
7498,13a_1087,1,115,113,0.28747016538897974,13,knot_research.db
7499,13a_1088,1,105,103,0.315881290008074,13,knot_research.db
7500,13a_1089,1,113,111,0.15825707007689313,13,knot_research.db
7501,13a_1090,1,119,117,0.23683644748522034,13,knot_research.db
7502,13a_1091,1,115,113,0.25287220116453785,13,knot_research.db
7503,13a_1092,1,109,107,0.33222902286632805,13,knot_research.db
7504,13a_1093,1,109,107,0.3404783679275391,13,knot_research.db
7505,13a_1094,1,111,109,0.30356350633181134,13,knot_research.db
7506,13a_1095,1,117,115,0.27952051719471954,13,knot_research.db
7507,13a_1096,1,117,115,0.19824644584145282,13,knot_research.db
7508,13a_1097,1,117,115,0.23087056846217222,13,knot_research.db
7509,13a_1098,1,113,111,0.2821255174277478,13,knot_research.db
7510,13a_1099,1,105,103,0.2316370124867449,13,knot_research.db
7511,13a_1100,1,117,115,0.2802385149289483,13,knot_research.db
7512,13a_1101,1,109,107,0.16872003284615983,13,knot_research.db
7513,13a_1102,1,117,115,0.22741831296894802,13,knot_research.db
7514,13a_1103,1,117,115,0.23770983788577993,13,knot_research.db
7515,13a_1104,1,117,115,0.2030003520680269,13,knot_research.db
7516,13a_1105,1,113,111,0.3217466860869072,13,knot_research.db
7517,13a_1106,1,111,109,0.32120538261151727,13,knot_research.db
7518,13a_1107,1,115,113,0.2528722014986856,13,knot_research.db
7519,13a_1108,1,117,115,0.1742331638553133,13,knot_research.db
7520,13a_1109,1,117,115,0.2377702424933151,13,knot_research.db
7521,13a_1110,1,123,121,0.18805192238099877,13,knot_research.db
7522,13a_1111,1,119,117,0.2033461143242991,13,knot_research.db
7523,13a_1112,1,113,111,0.143722558382617,13,knot_research.db
7524,13a_1113,1,121,119,0.20620117314164654,13,knot_research.db
7525,13a_1114,1,111,109,0.3019384543563298,13,knot_research.db
7526,13a_1115,1,115,113,0.2817149123798709,13,knot_research.db
7527,13a_1116,1,115,113,0.23535239123904061,13,knot_research.db
7528,13a_1117,1,109,107,0.2675193946361734,13,knot_research.db
7529,13a_1118,1,107,105,0.30973637550407834,13,knot_research.db
7530,13a_1119,1,107,105,0.29831673547749243,13,knot_research.db
7531,13a_1120,1,113,111,0.27012048624651047,13,knot_research.db
7532,13a_1121,1,109,107,0.30582627328913725,13,knot_research.db
7533,13a_1122,1,107,105,0.18661172411768168,13,knot_research.db
7534,13a_1123,1,111,109,0.26922984225191154,13,knot_research.db
7535,13a_1124,1,117,115,0.21293698019503593,13,knot_research.db
7536,13a_1125,1,107,105,0.4255705982525814,13,knot_research.db
7537,13a_1126,1,117,115,0.2756152477342404,13,knot_research.db
7538,13a_1127,1,115,113,0.2032559277004995,13,knot_research.db
7539,13a_1128,1,113,111,0.25114362006306895,13,knot_research.db
7540,13a_1129,1,105,103,0.30398468771444626,13,knot_research.db
7541,13a_1130,1,111,109,0.30193845435155126,13,knot_research.db
7542,13a_1131,1,113,111,0.2919266936770615,13,knot_research.db
7543,13a_1132,1,109,107,0.37340878612681294,13,knot_research.db
7544,13a_1133,1,105,103,0.2636768547340066,13,knot_research.db
7545,13a_1134,1,113,111,0.2991789611607546,13,knot_research.db
7546,13a_1135,1,113,111,0.27733023244473853,13,knot_research.db
7547,13a_1136,1,111,109,0.2700854974979675,13,knot_research.db
7548,13a_1137,1,111,109,0.28683836626722947,13,knot_research.db
7549,13a_1138,1,111,109,0.2866431250920641,13,knot_research.db
7550,13a_1139,1,113,111,0.23618349944882544,13,knot_research.db
7551,13a_1140,1,111,109,0.2684999114373851,13,knot_research.db
7552,13a_1141,1,113,111,0.278955229859978,13,knot_research.db
7553,13a_1142,1,111,109,0.27034839424324103,13,knot_research.db
7554,13a_1143,1,111,109,0.3147528415640794,13,knot_research.db
7555,13a_1144,1,115,113,0.27215821002953644,13,knot_research.db
7556,13a_1145,1,113,111,0.27923786742423073,13,knot_research.db
7557,13a_1146,1,111,109,0.2728753637647759,13,knot_research.db
7558,13a_1147,1,111,109,0.2979323858328448,13,knot_research.db
7559,13a_1148,1,115,113,0.2745056296141758,13,knot_research.db
7560,13a_1149,1,117,115,0.16831821134470928,13,knot_research.db
7561,13a_1150,1,121,119,0.22620832285328288,13,knot_research.db
7562,13a_1151,1,111,109,0.27362421674867915,13,knot_research.db
7563,13a_1152,1,115,113,0.29466278329724316,13,knot_research.db
7564,13a_1153,1,115,113,0.2317867998172255,13,knot_research.db
7565,13a_1154,1,111,109,0.1614518377101366,13,knot_research.db
7566,13a_1155,1,117,115,0.24580914023223124,13,knot_research.db
7567,13a_1156,1,123,121,0.15952528814598108,13,knot_research.db
7568,13a_1157,1,119,117,0.11328475176198355,13,knot_research.db
7569,13a_1158,1,123,121,0.19392052394803405,13,knot_research.db
7570,13a_1159,1,117,115,0.21198055079182487,13,knot_research.db
7571,13a_1160,1,113,111,0.23039610270967334,13,knot_research.db
7572,13a_1161,1,117,115,0.24683571240108046,13,knot_research.db
7573,13a_1162,1,113,111,0.2270254460640237,13,knot_research.db
7574,13a_1163,1,117,115,0.26966804942352607,13,knot_research.db
7575,13a_1164,1,107,105,0.27618127318358165,13,knot_research.db
7576,13a_1165,1,115,113,0.26725282758938007,13,knot_research.db
7577,13a_1166,1,113,111,0.23870646367502354,13,knot_research.db
7578,13a_1167,1,121,119,0.23747728632466597,13,knot_research.db
7579,13a_1168,1,109,107,0.22743265553324438,13,knot_research.db
7580,13a_1169,1,113,111,0.25114362006303437,13,knot_research.db
7581,13a_1170,1,113,111,0.23659339348219455,13,knot_research.db
7582,13a_1171,1,109,107,0.2764569936356535,13,knot_research.db
7583,13a_1172,1,113,111,0.26922984225094954,13,knot_research.db
7584,13a_1173,1,117,115,0.1935451133792301,13,knot_research.db
7585,13a_1174,1,113,111,0.20383484872778418,13,knot_research.db
7586,13a_1175,1,115,113,0.22613065903113846,13,knot_research.db
7587,13a_1176,1,113,111,0.262320661287857,13,knot_research.db
7588,13a_1177,1,109,107,0.33054292518142525,13,knot_research.db
7589,13a_1178,1,111,109,0.29110535648383973,13,knot_research.db
7590,13a_1179,1,117,115,0.26392668918689466,13,knot_research.db
7591,13a_1180,1,117,115,0.20228126104727112,13,knot_research.db
7592,13a_1181,1,105,103,0.47331386018692095,13,knot_research.db
7593,13a_1182,1,125,123,0.15779616653859266,13,knot_research.db
7594,13a_1183,1,119,117,0.11291150577782823,13,knot_research.db
7595,13a_1184,1,119,117,0.29592592785152977,13,knot_research.db
7596,13a_1185,1,117,115,0.19706425651532986,13,knot_research.db
7597,13a_1186,1,113,111,0.23299764519554517,13,knot_research.db
7598,13a_1187,1,107,105,0.4434590697046478,13,knot_research.db
7599,13a_1188,1,117,115,0.3366511262250608,13,knot_research.db
7600,13a_1189,1,111,109,0.33491369655570175,13,knot_research.db
7601,13a_1190,1,117,115,0.303967661053141,13,knot_research.db
7602,13a_1191,1,115,113,0.23557955101384906,13,knot_research.db
7603,13a_1192,1,117,115,0.21974442235915256,13,knot_research.db
7604,13a_1193,1,107,105,0.347445409155673,13,knot_research.db
7605,13a_1194,1,111,109,0.3044100708049829,13,knot_research.db
7606,13a_1195,1,117,115,0.22325014989188705,13,knot_research.db
7607,13a_1196,1,107,105,0.36046494296865506,13,knot_research.db
7608,13a_1197,1,123,121,0.18515416897477166,13,knot_research.db
7609,13a_1198,1,113,111,0.1342696704437911,13,knot_research.db
7610,13a_1199,1,109,107,0.21303609937728074,13,knot_research.db
7611,13a_1200,1,109,107,0.34003158613123224,13,knot_research.db
7612,13a_1201,1,113,111,0.2351324152655143,13,knot_research.db
7613,13a_1202,1,117,115,0.26392668918485435,13,knot_research.db
7614,13a_1203,1,117,115,0.18526748629935452,13,knot_research.db
7615,13a_1204,1,111,109,0.18683475057377075,13,knot_research.db
7616,13a_1205,1,117,115,0.2909671712209917,13,knot_research.db
7617,13a_1206,1,117,115,0.13478774734779375,13,knot_research.db
7618,13a_1207,1,125,123,0.1601630846120959,13,knot_research.db
7619,13a_1208,1,123,121,0.19581400519964992,13,knot_research.db
7620,13a_1209,1,113,111,0.21839005032470218,13,knot_research.db
7621,13a_1210,1,121,119,0.14417756213477625,13,knot_research.db
7622,13a_1211,1,117,115,0.22670974651248202,13,knot_research.db
7623,13a_1212,1,113,111,0.18717051182983918,13,knot_research.db
7624,13a_1213,1,117,115,0.10907708547247957,13,knot_research.db
7625,13a_1214,1,125,123,0.16211944064700504,13,knot_research.db
7626,13a_1215,1,125,123,0.20676767452431952,13,knot_research.db
7627,13a_1216,1,115,113,0.30319881824276557,13,knot_research.db
7628,13a_1217,1,123,121,0.1737992292681114,13,knot_research.db
7629,13a_1218,1,115,113,0.22254136571034067,13,knot_research.db
7630,13a_1219,1,117,115,0.22068182489190322,13,knot_research.db
7631,13a_1220,1,127,125,0.16864934386312466,13,knot_research.db
7632,13a_1221,1,121,119,0.20140699294899764,13,knot_research.db
7633,13a_1222,1,113,111,0.19394344089757876,13,knot_research.db
7634,13a_1223,1,121,119,0.32472875232358783,13,knot_research.db
7635,13a_1224,1,119,117,0.12038096577639171,13,knot_research.db
7636,13a_1225,1,119,117,0.18574699768547098,13,knot_research.db
7637,13a_1226,1,123,121,0.14712016388059826,13,knot_research.db
7638,13a_1227,1,117,115,0.2033561708531366,13,knot_research.db
7639,13a_1228,1,113,111,0.2972320947937647,13,knot_research.db
7640,13a_1229,1,117,115,0.21914657560009734,13,knot_research.db
7641,13a_1230,1,109,107,0.27900068362100094,13,knot_research.db
7642,13a_1231,1,121,119,0.1579743843389058,13,knot_research.db
7643,13a_1232,1,119,117,0.23391931157662424,13,knot_research.db
7644,13a_1233,1,121,119,0.18554783649046638,13,knot_research.db
7645,13a_1234,1,109,107,0.3282884659647367,13,knot_research.db
7646,13a_1235,1,125,123,0.20566568946635966,13,knot_research.db
7647,13a_1236,1,111,109,0.22469420091759143,13,knot_research.db
7648,13a_1237,1,121,119,0.1581974710699046,13,knot_research.db
7649,13a_1238,1,119,117,0.24184219918884411,13,knot_research.db
7650,13a_1239,1,119,117,0.18848563549029568,13,knot_research.db
7651,13a_1240,1,117,115,0.29545249092401676,13,knot_research.db
7652,13a_1241,1,125,123,0.1958043474267956,13,knot_research.db
7653,13a_1242,1,117,115,0.186404792647967,13,knot_research.db
7654,13a_1243,1,121,119,0.15799498085875455,13,knot_research.db
7655,13a_1244,1,117,115,0.22250694071634003,13,knot_research.db
7656,13a_1245,1,117,115,0.248542219737184,13,knot_research.db
7657,13a_1246,1,123,121,0.18420945940713854,13,knot_research.db
7658,13a_1247,1,119,117,0.1410417690115502,13,knot_research.db
7659,13a_1248,1,117,115,0.21062110370873796,13,knot_research.db
7660,13a_1249,1,117,115,0.16709145157257502,13,knot_research.db
7661,13a_1250,1,111,109,0.19484038909997253,13,knot_research.db
7662,13a_1251,1,107,105,0.31069602649101796,13,knot_research.db
7663,13a_1252,1,125,123,0.16016308461173906,13,knot_research.db
7664,13a_1253,1,113,111,0.2183900503260421,13,knot_research.db
7665,13a_1254,1,117,115,0.17302656258265262,13,knot_research.db
7666,13a_1255,1,121,119,0.2375626417251416,13,knot_research.db
7667,13a_1256,1,111,109,0.25898806917065675,13,knot_research.db
7668,13a_1257,1,109,107,0.3128541670687773,13,knot_research.db
7669,13a_1258,1,113,111,0.26707863706289225,13,knot_research.db
7670,13a_1259,1,111,109,0.22408914244221861,13,knot_research.db
7671,13a_1260,1,111,109,0.1947608413636276,13,knot_research.db
7672,13a_1261,1,117,115,0.2553218891548983,13,knot_research.db
7673,13a_1262,1,113,111,0.2900527619090835,13,knot_research.db
7674,13a_1263,1,109,107,0.4072974286955447,13,knot_research.db
7675,13a_1264,1,113,111,0.27895522985555277,13,knot_research.db
7676,13a_1265,1,111,109,0.24591931824333857,13,knot_research.db
7677,13a_1266,1,113,111,0.27733023243708405,13,knot_research.db
7678,13a_1267,1,111,109,0.15719043410486666,13,knot_research.db
7679,13a_1268,1,117,115,0.239988884295623,13,knot_research.db
7680,13a_1269,1,115,113,0.2323083646614485,13,knot_research.db
7681,13a_1270,1,115,113,0.3930450947686197,13,knot_research.db
7682,13a_1271,1,107,105,0.3356265616140146,13,knot_research.db
7683,13a_1272,1,109,107,0.3366896190909945,13,knot_research.db
7684,13a_1273,1,113,111,0.31285416707184455,13,knot_research.db
7685,13a_1274,1,119,117,0.22742714545771542,13,knot_research.db
7686,13a_1275,1,121,119,0.18753315726262113,13,knot_research.db
7687,13a_1276,1,117,115,0.2877652459581318,13,knot_research.db
7688,13a_1277,1,117,115,0.28785555746419367,13,knot_research.db
7689,13a_1278,1,115,113,0.3322569995741641,13,knot_research.db
7690,13a_1279,1,113,111,0.2602228430687955,13,knot_research.db
7691,13a_1280,1,117,115,0.257735737023176,13,knot_research.db
7692,13a_1281,1,111,109,0.1814339786884409,13,knot_research.db
7693,13a_1282,1,113,111,0.332982406725135,13,knot_research.db
7694,13a_1283,1,117,115,0.20143702925292464,13,knot_research.db
7695,13a_1284,1,121,119,0.18041434931218578,13,knot_research.db
7696,13a_1285,1,123,121,0.1849804183270765,13,knot_research.db
7697,13a_1286,1,113,111,0.1395603261599828,13,knot_research.db
7698,13a_1287,1,115,113,0.22467723275437881,13,knot_research.db
7699,13a_1288,1,115,113,0.190014840170096,13,knot_research.db
7700,13a_1289,1,115,113,0.24873817284607477,13,knot_research.db
7701,13a_1290,1,119,117,0.16351309791038504,13,knot_research.db
7702,13a_1291,1,117,115,0.17000824538138182,13,knot_research.db
7703,13a_1292,1,117,115,0.268124520427526,13,knot_research.db
7704,13a_1293,1,117,115,0.22135250878027832,13,knot_research.db
7705,13a_1294,1,115,113,0.2624056579180249,13,knot_research.db
7706,13a_1295,1,117,115,0.25339291805107816,13,knot_research.db
7707,13a_1296,1,117,115,0.22857086956854653,13,knot_research.db
7708,13a_1297,1,113,111,0.3104023214229274,13,knot_research.db
7709,13a_1298,1,107,105,0.3438500391815271,13,knot_research.db
7710,13a_1299,1,109,107,0.3180300673403831,13,knot_research.db
7711,13a_1300,1,107,105,0.34165178748832636,13,knot_research.db
7712,13a_1301,1,125,123,0.21521202413761048,13,knot_research.db
7713,13a_1302,1,113,111,0.2575548891018701,13,knot_research.db
7714,13a_1303,1,107,105,0.30973637549836447,13,knot_research.db
7715,13a_1304,1,111,109,0.2807457798361404,13,knot_research.db
7716,13a_1305,1,109,107,0.2432922085455965,13,knot_research.db
7717,13a_1306,1,111,109,0.3109195009070195,13,knot_research.db
7718,13a_1307,1,111,109,0.2792220552475514,13,knot_research.db
7719,13a_1308,1,117,115,0.21505168043626288,13,knot_research.db
7720,13a_1309,1,117,115,0.17079797928756651,13,knot_research.db
7721,13a_1310,1,107,105,0.30776553821915525,13,knot_research.db
7722,13a_1311,1,117,115,0.229039951552968,13,knot_research.db
7723,13a_1312,1,111,109,0.29723209479324064,13,knot_research.db
7724,13a_1313,1,113,111,0.35494627300015236,13,knot_research.db
7725,13a_1314,1,115,113,0.24558373575124384,13,knot_research.db
7726,13a_1315,1,113,111,0.28995725800468464,13,knot_research.db
7727,13a_1316,1,117,115,0.26602149439125683,13,knot_research.db
7728,13a_1317,1,115,113,0.25532152207234865,13,knot_research.db
7729,13a_1318,1,115,113,0.2713536567463214,13,knot_research.db
7730,13a_1319,1,109,107,0.26612273045733564,13,knot_research.db
7731,13a_1320,1,107,105,0.2994889116908166,13,knot_research.db
7732,13a_1321,1,115,113,0.31414047525966016,13,knot_research.db
7733,13a_1322,1,105,103,0.16451016297368096,13,knot_research.db
7734,13a_1323,1,107,105,0.27074229817002127,13,knot_research.db
7735,13a_1324,1,111,109,0.31475284149670213,13,knot_research.db
7736,13a_1325,1,109,107,0.27106412194856283,13,knot_research.db
7737,13a_1326,1,115,113,0.2469218277464234,13,knot_research.db
7738,13a_1327,1,113,111,0.22268571336390522,13,knot_research.db
7739,13a_1328,1,111,109,0.29543321042216925,13,knot_research.db
7740,13a_1329,1,113,111,0.24699278033727398,13,knot_research.db
7741,13a_1330,1,113,111,0.22178935115892276,13,knot_research.db
7742,13a_1331,1,119,117,0.21946837491304508,13,knot_research.db
7743,13a_1332,1,113,111,0.1568690870339622,13,knot_research.db
7744,13a_1333,1,117,115,0.21896738362630433,13,knot_research.db
7745,13a_1334,1,121,119,0.23596064790221197,13,knot_research.db
7746,13a_1335,1,109,107,0.3086187005078138,13,knot_research.db
7747,13a_1336,1,111,109,0.18436120332313674,13,knot_research.db
7748,13a_1337,1,111,109,0.22620437388911738,13,knot_research.db
7749,13a_1338,1,113,111,0.26254676977638125,13,knot_research.db
7750,13a_1339,1,115,113,0.24989895683755492,13,knot_research.db
7751,13a_1340,1,111,109,0.33732162556724277,13,knot_research.db
7752,13a_1341,1,109,107,0.24218526456366082,13,knot_research.db
7753,13a_1342,1,115,113,0.31485462362263983,13,knot_research.db
7754,13a_1343,1,115,113,0.22514512932157862,13,knot_research.db
7755,13a_1344,1,113,111,0.19788191281526435,13,knot_research.db
7756,13a_1345,1,105,103,0.36145076811920135,13,knot_research.db
7757,13a_1346,1,107,105,0.2542915320013949,13,knot_research.db
7758,13a_1347,1,111,109,0.2736252958656116,13,knot_research.db
7759,13a_1348,1,111,109,0.29745254891798545,13,knot_research.db
7760,13a_1349,1,117,115,0.30417736696695413,13,knot_research.db
7761,13a_1350,1,115,113,0.2275500574303811,13,knot_research.db
7762,13a_1351,1,109,107,0.3572557986968606,13,knot_research.db
7763,13a_1352,1,107,105,0.40356561211304326,13,knot_research.db
7764,13a_1353,1,107,105,0.3477420329971924,13,knot_research.db
7765,13a_1354,1,113,111,0.3397164865568499,13,knot_research.db
7766,13a_1355,1,115,113,0.2674143163470308,13,knot_research.db
7767,13a_1356,1,113,111,0.29935675408480267,13,knot_research.db
7768,13a_1357,1,117,115,0.27175708277798555,13,knot_research.db
7769,13a_1358,1,113,111,0.26080059262790484,13,knot_research.db
7770,13a_1359,1,119,117,0.1410366727508834,13,knot_research.db
7771,13a_1360,1,113,111,0.19832805179251287,13,knot_research.db
7772,13a_1361,1,113,111,0.1898002845271739,13,knot_research.db
7773,13a_1362,1,115,113,0.2789552298515062,13,knot_research.db
7774,13a_1363,1,109,107,0.3076954992650795,13,knot_research.db
7775,13a_1364,1,117,115,0.24605730175391763,13,knot_research.db
7776,13a_1365,1,111,109,0.28740545282196367,13,knot_research.db
7777,13a_1366,1,115,113,0.18997942593159917,13,knot_research.db
7778,13a_1367,1,119,117,0.1946570740695525,13,knot_research.db
7779,13a_1368,1,113,111,0.2327160306992201,13,knot_research.db
7780,13a_1369,1,115,113,0.29615499148547264,13,knot_research.db
7781,13a_1370,1,111,109,0.218404192247486,13,knot_research.db
7782,13a_1371,1,115,113,0.21392175607616895,13,knot_research.db
7783,13a_1372,1,117,115,0.15136769942769798,13,knot_research.db
7784,13a_1373,1,117,115,0.20193434708208335,13,knot_research.db
7785,13a_1374,1,111,109,0.27020933201191627,13,knot_research.db
7786,13a_1375,1,109,107,0.2196035698095388,13,knot_research.db
7787,13a_1376,1,117,115,0.20254349946025813,13,knot_research.db
7788,13a_1377,1,125,123,0.18923749511760493,13,knot_research.db
7789,13a_1378,1,121,119,0.26483940316468324,13,knot_research.db
7790,13a_1379,1,113,111,0.20104422086722742,13,knot_research.db
7791,13a_1380,1,109,107,0.2669871453462346,13,knot_research.db
7792,13a_1381,1,109,107,0.40022044328384027,13,knot_research.db
7793,13a_1382,1,113,111,0.3166738840503722,13,knot_research.db
7794,13a_1383,1,121,119,0.1682835156224169,13,knot_research.db
7795,13a_1384,1,117,115,0.24215450506091873,13,knot_research.db
7796,13a_1385,1,111,109,0.242801803962058,13,knot_research.db
7797,13a_1386,1,111,109,0.22669529796763277,13,knot_research.db
7798,13a_1387,1,123,121,0.16218515869193437,13,knot_research.db
7799,13a_1388,1,115,113,0.10984112775224925,13,knot_research.db
7800,13a_1389,1,113,111,0.15886359132965705,13,knot_research.db
7801,13a_1390,1,125,123,0.17112864543505432,13,knot_research.db
7802,13a_1391,1,115,113,0.20363503502147393,13,knot_research.db
7803,13a_1392,1,117,115,0.15841997707557676,13,knot_research.db
7804,13a_1393,1,127,125,0.19542076642273648,13,knot_research.db
7805,13a_1394,1,111,109,0.26922984225548413,13,knot_research.db
7806,13a_1395,1,111,109,0.31236356523042785,13,knot_research.db
7807,13a_1396,1,115,113,0.2611137015446236,13,knot_research.db
7808,13a_1397,1,115,113,0.23750130733861113,13,knot_research.db
7809,13a_1398,1,121,119,0.2236605543394301,13,knot_research.db
7810,13a_1399,1,117,115,0.2821206343039926,13,knot_research.db
7811,13a_1400,1,113,111,0.2196243462861936,13,knot_research.db
7812,13a_1401,1,111,109,0.22762108681952847,13,knot_research.db
7813,13a_1402,1,113,111,0.20383484872778435,13,knot_research.db
7814,13a_1403,1,113,111,0.2668484070600227,13,knot_research.db
7815,13a_1404,1,111,109,0.3362733049916511,13,knot_research.db
7816,13a_1405,1,111,109,0.291105356441036,13,knot_research.db
7817,13a_1406,1,111,109,0.21863516899598165,13,knot_research.db
7818,13a_1407,1,115,113,0.22236715817215455,13,knot_research.db
7819,13a_1408,1,119,117,0.1546661371257359,13,knot_research.db
7820,13a_1409,1,115,113,0.22984736939779632,13,knot_research.db
7821,13a_1410,1,117,115,0.21069796651909634,13,knot_research.db
7822,13a_1411,1,111,109,0.34047836795202735,13,knot_research.db
7823,13a_1412,1,109,107,0.2885996922225138,13,knot_research.db
7824,13a_1413,1,125,123,0.17745846589484418,13,knot_research.db
7825,13a_1414,1,113,111,0.30264802431759186,13,knot_research.db
7826,13a_1415,1,117,115,0.23622986304399524,13,knot_research.db
7827,13a_1416,1,117,115,0.2772729256269938,13,knot_research.db
7828,13a_1417,1,109,107,0.27772795472455214,13,knot_research.db
7829,13a_1418,1,117,115,0.30248890115870375,13,knot_research.db
7830,13a_1419,1,113,111,0.23120229486107716,13,knot_research.db
7831,13a_1420,1,113,111,0.24445010154093527,13,knot_research.db
7832,13a_1421,1,113,111,0.2435493759525357,13,knot_research.db
7833,13a_1422,1,117,115,0.32847103027184604,13,knot_research.db
7834,13a_1423,1,111,109,0.23650617554481074,13,knot_research.db
7835,13a_1424,1,107,105,0.37340878643451275,13,knot_research.db
7836,13a_1425,1,117,115,0.26735798996181703,13,knot_research.db
7837,13a_1426,1,113,111,0.2100175728555147,13,knot_research.db
7838,13a_1427,1,121,119,0.20198264267001584,13,knot_research.db
7839,13a_1428,1,123,121,0.21832344427641953,13,knot_research.db
7840,13a_1429,1,117,115,0.2087214230338918,13,knot_research.db
7841,13a_1430,1,121,119,0.2172583805850883,13,knot_research.db
7842,13a_1431,1,115,113,0.12876487620331703,13,knot_research.db
7843,13a_1432,1,123,121,0.19687247929565796,13,knot_research.db
7844,13a_1433,1,113,111,0.20644346010561643,13,knot_research.db
7845,13a_1434,1,107,105,0.2535615114303564,13,knot_research.db
7846,13a_1435,1,123,121,0.19145090982427318,13,knot_research.db
7847,13a_1436,1,119,117,0.2157435752847346,13,knot_research.db
7848,13a_1437,1,129,127,0.19029764251045214,13,knot_research.db
7849,13a_1438,1,117,115,0.31199165271612467,13,knot_research.db
7850,13a_1439,1,109,107,0.23733363727174211,13,knot_research.db
7851,13a_1440,1,125,123,0.1867811666355737,13,knot_research.db
7852,13a_1441,1,119,117,0.1348205089523686,13,knot_research.db
7853,13a_1442,1,115,113,0.16166344832540408,13,knot_research.db
7854,13a_1443,1,111,109,0.36387294491511024,13,knot_research.db
7855,13a_1444,1,109,107,0.3686005578402597,13,knot_research.db
7856,13a_1445,1,117,115,0.2102428183055192,13,knot_research.db
7857,13a_1446,1,107,105,0.3811617194176563,13,knot_research.db
7858,13a_1447,1,117,115,0.22521276502163579,13,knot_research.db
7859,13a_1448,1,107,105,0.2754571716771225,13,knot_research.db
7860,13a_1449,1,109,107,0.3572557989491257,13,knot_research.db
7861,13a_1450,1,117,115,0.21958305914626106,13,knot_research.db
7862,13a_1451,1,113,111,0.24990996560459844,13,knot_research.db
7863,13a_1452,1,117,115,0.12490749233269874,13,knot_research.db
7864,13a_1453,1,121,119,0.1827511012987196,13,knot_research.db
7865,13a_1454,1,117,115,0.25569159234612343,13,knot_research.db
7866,13a_1455,1,115,113,0.25522539024032503,13,knot_research.db
7867,13a_1456,1,111,109,0.27972621548051213,13,knot_research.db
7868,13a_1457,1,127,125,0.16333378173643032,13,knot_research.db
7869,13a_1458,1,115,113,0.19356650034685713,13,knot_research.db
7870,13a_1459,1,123,121,0.19444846729530652,13,knot_research.db
7871,13a_1460,1,121,119,0.1754927496999747,13,knot_research.db
7872,13a_1461,1,115,113,0.11114421253689935,13,knot_research.db
7873,13a_1462,1,117,115,0.16359154785245436,13,knot_research.db
7874,13a_1463,1,121,119,0.2301657138625472,13,knot_research.db
7875,13a_1464,1,121,119,0.17024452819032967,13,knot_research.db
7876,13a_1465,1,121,119,0.21740031861351805,13,knot_research.db
7877,13a_1466,1,115,113,0.09850627318146503,13,knot_research.db
7878,13a_1467,1,125,123,0.12684394416710068,13,knot_research.db
7879,13a_1468,1,127,125,0.13169284552570787,13,knot_research.db
7880,13a_1469,1,121,119,0.18952358269941882,13,knot_research.db
7881,13a_1470,1,117,115,0.22576498968435166,13,knot_research.db
7882,13a_1471,1,121,119,0.13919414688829626,13,knot_research.db
7883,13a_1472,1,123,121,0.20939004798734595,13,knot_research.db
7884,13a_1473,1,113,111,0.29238486880231207,13,knot_research.db
7885,13a_1474,1,119,117,0.20841335341630943,13,knot_research.db
7886,13a_1475,1,131,129,0.14639574412638645,13,knot_research.db
7887,13a_1476,1,121,119,0.15072013722963215,13,knot_research.db
7888,13a_1477,1,111,109,0.2599830389889522,13,knot_research.db
7889,13a_1478,1,119,117,0.1781970288295965,13,knot_research.db
7890,13a_1479,1,119,117,0.24158079763953888,13,knot_research.db
7891,13a_1480,1,109,107,0.3278378764984121,13,knot_research.db
7892,13a_1481,1,125,123,0.17346488407896155,13,knot_research.db
7893,13a_1482,1,115,113,0.22205771413001468,13,knot_research.db
7894,13a_1483,1,109,107,0.25209584859127504,13,knot_research.db
7895,13a_1484,1,111,109,0.2970385837730278,13,knot_research.db
7896,13a_1485,1,105,103,0.35211670112786514,13,knot_research.db
7897,13a_1486,1,117,115,0.26384588364992206,13,knot_research.db
7898,13a_1487,1,117,115,0.2384465144998837,13,knot_research.db
7899,13a_1488,1,115,113,0.16103261988693532,13,knot_research.db
7900,13a_1489,1,115,113,0.16355101789458928,13,knot_research.db
7901,13a_1490,1,113,111,0.32140606810807654,13,knot_research.db
7902,13a_1491,1,119,117,0.21893797957894365,13,knot_research.db
7903,13a_1492,1,113,111,0.14541042262220485,13,knot_research.db
7904,13a_1493,1,113,111,0.24807051436798028,13,knot_research.db
7905,13a_1494,1,117,115,0.16753554693825007,13,knot_research.db
7906,13a_1495,1,121,119,0.22568908788725908,13,knot_research.db
7907,13a_1496,1,113,111,0.2636778828706247,13,knot_research.db
7908,13a_1497,1,115,113,0.240910870719124,13,knot_research.db
7909,13a_1498,1,113,111,0.2176234174620256,13,knot_research.db
7910,13a_1499,1,113,111,0.2329167615961964,13,knot_research.db
7911,13a_1500,1,113,111,0.23093328263021162,13,knot_research.db
7912,13a_1501,1,117,115,0.21318216348079894,13,knot_research.db
7913,13a_1502,1,111,109,0.33732162555357315,13,knot_research.db
7914,13a_1503,1,119,117,0.15457538568469192,13,knot_research.db
7915,13a_1504,1,123,121,0.2057416551519436,13,knot_research.db
7916,13a_1505,1,119,117,0.23380577172356212,13,knot_research.db
7917,13a_1506,1,111,109,0.2537026323922393,13,knot_research.db
7918,13a_1507,1,107,105,0.3815116207562049,13,knot_research.db
7919,13a_1508,1,109,107,0.21469422770487556,13,knot_research.db
7920,13a_1509,1,109,107,0.3882063944949964,13,knot_research.db
7921,13a_1510,1,115,113,0.24042111532001173,13,knot_research.db
7922,13a_1511,1,111,109,0.27653858616818006,13,knot_research.db
7923,13a_1512,1,109,107,0.3180300673404181,13,knot_research.db
7924,13a_1513,1,109,107,0.36563125016542375,13,knot_research.db
7925,13a_1514,1,111,109,0.31169922120425,13,knot_research.db
7926,13a_1515,1,119,117,0.23821147290260647,13,knot_research.db
7927,13a_1516,1,109,107,0.16177834242949207,13,knot_research.db
7928,13a_1517,1,113,111,0.2421414521773828,13,knot_research.db
7929,13a_1518,1,121,119,0.1707452488565063,13,knot_research.db
7930,13a_1519,1,117,115,0.22576498968149478,13,knot_research.db
7931,13a_1520,1,121,119,0.16787274189210175,13,knot_research.db
7932,13a_1521,1,117,115,0.23554596768717323,13,knot_research.db
7933,13a_1522,1,111,109,0.21446231571265215,13,knot_research.db
7934,13a_1523,1,111,109,0.33323032125070257,13,knot_research.db
7935,13a_1524,1,111,109,0.30512947103891896,13,knot_research.db
7936,13a_1525,1,113,111,0.2779948450058337,13,knot_research.db
7937,13a_1526,1,109,107,0.2375534730773378,13,knot_research.db
7938,13a_1527,1,107,105,0.3351722017683818,13,knot_research.db
7939,13a_1528,1,125,123,0.2302231434708676,13,knot_research.db
7940,13a_1529,1,115,113,0.15655812367956065,13,knot_research.db
7941,13a_1530,1,115,113,0.15545444820531926,13,knot_research.db
7942,13a_1531,1,119,117,0.21063147527899287,13,knot_research.db
7943,13a_1532,1,111,109,0.18959591257305122,13,knot_research.db
7944,13a_1533,1,115,113,0.23659796023538107,13,knot_research.db
7945,13a_1534,1,113,111,0.2321706588560929,13,knot_research.db
7946,13a_1535,1,109,107,0.2402510923894985,13,knot_research.db
7947,13a_1536,1,119,117,0.13546081503961377,13,knot_research.db
7948,13a_1537,1,121,119,0.1814481118365459,13,knot_research.db
7949,13a_1538,1,111,109,0.19345208399318634,13,knot_research.db
7950,13a_1539,1,123,121,0.18757830094613423,13,knot_research.db
7951,13a_1540,1,129,127,0.12671903172238405,13,knot_research.db
7952,13a_1541,1,117,115,0.22325014989387945,13,knot_research.db
7953,13a_1542,1,111,109,0.2865229077323973,13,knot_research.db
7954,13a_1543,1,111,109,0.2630549540665686,13,knot_research.db
7955,13a_1544,1,115,113,0.20597872283061242,13,knot_research.db
7956,13a_1545,1,121,119,0.24629260744849885,13,knot_research.db
7957,13a_1546,1,121,119,0.17906697045252762,13,knot_research.db
7958,13a_1547,1,127,125,0.14275161779925502,13,knot_research.db
7959,13a_1548,1,121,119,0.19415236953264,13,knot_research.db
7960,13a_1549,1,121,119,0.2530130653826256,13,knot_research.db
7961,13a_1550,1,119,117,0.14040268331159653,13,knot_research.db
7962,13a_1551,1,109,107,0.301305868018498,13,knot_research.db
7963,13a_1552,1,117,115,0.17409966531517315,13,knot_research.db
7964,13a_1553,1,119,117,0.2316466496376666,13,knot_research.db
7965,13a_1554,1,111,109,0.27387948052973493,13,knot_research.db
7966,13a_1555,1,111,109,0.25164921766768894,13,knot_research.db
7967,13a_1556,1,111,109,0.26437599442934195,13,knot_research.db
7968,13a_1557,1,121,119,0.17322505559514767,13,knot_research.db
7969,13a_1558,1,117,115,0.24036818518690156,13,knot_research.db
7970,13a_1559,1,111,109,0.15726590792422482,13,knot_research.db
7971,13a_1560,1,121,119,0.2275609571107698,13,knot_research.db
7972,13a_1561,1,107,105,0.2382428382859846,13,knot_research.db
7973,13a_1562,1,109,107,0.29933103439245606,13,knot_research.db
7974,13a_1563,1,113,111,0.25728541750234135,13,knot_research.db
7975,13a_1564,1,113,111,0.22932719574107754,13,knot_research.db
7976,13a_1565,1,115,113,0.28324703265496304,13,knot_research.db
7977,13a_1566,1,113,111,0.21408919281652974,13,knot_research.db
7978,13a_1567,1,115,113,0.2404211153225364,13,knot_research.db
7979,13a_1568,1,111,109,0.24305657337559722,13,knot_research.db
7980,13a_1569,1,109,107,0.29957147872915263,13,knot_research.db
7981,13a_1570,1,111,109,0.2461148716712306,13,knot_research.db
7982,13a_1571,1,111,109,0.2543720221245368,13,knot_research.db
7983,13a_1572,1,119,117,0.2582254039440971,13,knot_research.db
7984,13a_1573,1,119,117,0.15924854405317232,13,knot_research.db
7985,13a_1574,1,111,109,0.3347153317948516,13,knot_research.db
7986,13a_1575,1,107,105,0.24251199581130162,13,knot_research.db
7987,13a_1576,1,119,117,0.27504434561222896,13,knot_research.db
7988,13a_1577,1,115,113,0.19377623373739894,13,knot_research.db
7989,13a_1578,1,111,109,0.33222902287291867,13,knot_research.db
7990,13a_1579,1,107,105,0.31069602661025436,13,knot_research.db
7991,13a_1580,1,129,127,0.1778997390476099,13,knot_research.db
7992,13a_1581,1,115,113,0.11923730442488263,13,knot_research.db
7993,13a_1582,1,115,113,0.09692227015408322,13,knot_research.db
7994,13a_1583,1,125,123,0.12417547373244212,13,knot_research.db
7995,13a_1584,1,121,119,0.17635673718611228,13,knot_research.db
7996,13a_1585,1,131,129,0.1398535511226132,13,knot_research.db
7997,13a_1586,1,113,111,0.22981333072763413,13,knot_research.db
7998,13a_1587,1,117,115,0.2772729254772273,13,knot_research.db
7999,13a_1588,1,105,103,0.44642955109131893,13,knot_research.db
8000,13a_1589,1,123,121,0.23698480864362215,13,knot_research.db
8001,13a_1590,1,109,107,0.17497639046590988,13,knot_research.db
8002,13a_1591,1,105,103,0.26367685470799207,13,knot_research.db
8003,13a_1592,1,111,109,0.31402554409914446,13,knot_research.db
8004,13a_1593,1,117,115,0.25569159231595223,13,knot_research.db
8005,13a_1594,1,115,113,0.22250134014310455,13,knot_research.db
8006,13a_1595,1,111,109,0.3332303212426609,13,knot_research.db
8007,13a_1596,1,111,109,0.3044100708138207,13,knot_research.db
8008,13a_1597,1,117,115,0.238921710072822,13,knot_research.db
8009,13a_1598,1,109,107,0.3281760862864612,13,knot_research.db
8010,13a_1599,1,109,107,0.26826522436582534,13,knot_research.db
8011,13a_1600,1,119,117,0.15887291033736028,13,knot_research.db
8012,13a_1601,1,117,115,0.11789142168369576,13,knot_research.db
8013,13a_1602,1,117,115,0.23526150919422922,13,knot_research.db
8014,13a_1603,1,117,115,0.27108893339905604,13,knot_research.db
8015,13a_1604,1,113,111,0.1621804456777232,13,knot_research.db
8016,13a_1605,1,119,117,0.22828656822855087,13,knot_research.db
8017,13a_1606,1,113,111,0.2580673038557935,13,knot_research.db
8018,13a_1607,1,117,115,0.2804292839077199,13,knot_research.db
8019,13a_1608,1,121,119,0.17666891085859746,13,knot_research.db
8020,13a_1609,1,121,119,0.21151868140126862,13,knot_research.db
8021,13a_1610,1,119,117,0.17582049857552573,13,knot_research.db
8022,13a_1611,1,121,119,0.21526562426789667,13,knot_research.db
8023,13a_1612,1,119,117,0.17833626728917093,13,knot_research.db
8024,13a_1613,1,121,119,0.23166699975262944,13,knot_research.db
8025,13a_1614,1,111,109,0.1940440728423598,13,knot_research.db
8026,13a_1615,1,111,109,0.22190690705681923,13,knot_research.db
8027,13a_1616,1,115,113,0.2215288540375534,13,knot_research.db
8028,13a_1617,1,115,113,0.18585468507996747,13,knot_research.db
8029,13a_1618,1,119,117,0.1913195693541331,13,knot_research.db
8030,13a_1619,1,117,115,0.24475805056301264,13,knot_research.db
8031,13a_1620,1,107,105,0.3893425417055546,13,knot_research.db
8032,13a_1621,1,119,117,0.1848529944788826,13,knot_research.db
8033,13a_1622,1,119,117,0.22726450196564615,13,knot_research.db
8034,13a_1623,1,111,109,0.2972320947850913,13,knot_research.db
8035,13a_1624,1,113,111,0.3104023214633098,13,knot_research.db
8036,13a_1625,1,113,111,0.3401971193958436,13,knot_research.db
8037,13a_1626,1,111,109,0.3019384543478063,13,knot_research.db
8038,13a_1627,1,107,105,0.3550395604134108,13,knot_research.db
8039,13a_1628,1,117,115,0.295925927843745,13,knot_research.db
8040,13a_1629,1,115,113,0.22250134010926745,13,knot_research.db
8041,13a_1630,1,115,113,0.15655812367956157,13,knot_research.db
8042,13a_1631,1,119,117,0.22726450197245715,13,knot_research.db
8043,13a_1632,1,117,115,0.30248890118813687,13,knot_research.db
8044,13a_1633,1,113,111,0.23120229486664348,13,knot_research.db
8045,13a_1634,1,105,103,0.2794819971143352,13,knot_research.db
8046,13a_1635,1,107,105,0.3334931719397683,13,knot_research.db
8047,13a_1636,1,121,119,0.1195101842624304,13,knot_research.db
8048,13a_1637,1,125,123,0.18683331901263375,13,knot_research.db
8049,13a_1638,1,115,113,0.1361590305753258,13,knot_research.db
8050,13a_1639,1,127,125,0.18653360326910864,13,knot_research.db
8051,13a_1640,1,131,129,0.138760993683566,13,knot_research.db
8052,13a_1641,1,125,123,0.17761396303852972,13,knot_research.db
8053,13a_1642,1,115,113,0.20093968303654022,13,knot_research.db
8054,13a_1643,1,129,127,0.14978746658244568,13,knot_research.db
8055,13a_1644,1,115,113,0.15856918948303184,13,knot_research.db
8056,13a_1645,1,113,111,0.174463588155312,13,knot_research.db
8057,13a_1646,1,111,109,0.2847012673833578,13,knot_research.db
8058,13a_1647,1,123,121,0.22030903170525912,13,knot_research.db
8059,13a_1648,1,109,107,0.3195703872279071,13,knot_research.db
8060,13a_1649,1,121,119,0.22857466670444113,13,knot_research.db
8061,13a_1650,1,111,109,0.36762448468238734,13,knot_research.db
8062,13a_1651,1,111,109,0.2537026323937637,13,knot_research.db
8063,13a_1652,1,125,123,0.21521202414015478,13,knot_research.db
8064,13a_1653,1,115,113,0.24775372334148485,13,knot_research.db
8065,13a_1654,1,113,111,0.20976922392522457,13,knot_research.db
8066,13a_1655,1,119,117,0.33151969823864263,13,knot_research.db
8067,13a_1656,1,113,111,0.21380273258745114,13,knot_research.db
8068,13a_1657,1,113,111,0.32403643520748987,13,knot_research.db
8069,13a_1658,1,107,105,0.2969295427442172,13,knot_research.db
8070,13a_1659,1,111,109,0.27482329699042374,13,knot_research.db
8071,13a_1660,1,113,111,0.2122746543027404,13,knot_research.db
8072,13a_1661,1,109,107,0.30016025004286234,13,knot_research.db
8073,13a_1662,1,111,109,0.2621362508100488,13,knot_research.db
8074,13a_1663,1,111,109,0.27044235109434517,13,knot_research.db
8075,13a_1664,1,113,111,0.2988689196068214,13,knot_research.db
8076,13a_1665,1,111,109,0.3334794534507363,13,knot_research.db
8077,13a_1666,1,113,111,0.30559701540165396,13,knot_research.db
8078,13a_1667,1,113,111,0.3204970857104602,13,knot_research.db
8079,13a_1668,1,115,113,0.2469218277458328,13,knot_research.db
8080,13a_1669,1,115,113,0.3328064510056889,13,knot_research.db
8081,13a_1670,1,111,109,0.2692298422560582,13,knot_research.db
8082,13a_1671,1,117,115,0.27504434558285623,13,knot_research.db
8083,13a_1672,1,111,109,0.2692298422551006,13,knot_research.db
8084,13a_1673,1,107,105,0.37472229424119036,13,knot_research.db
8085,13a_1674,1,109,107,0.40022044329827566,13,knot_research.db
8086,13a_1675,1,113,111,0.1515715599636178,13,knot_research.db
8087,13a_1676,1,113,111,0.2024086059859144,13,knot_research.db
8088,13a_1677,1,117,115,0.2538027391687667,13,knot_research.db
8089,13a_1678,1,109,107,0.27242509596265974,13,knot_research.db
8090,13a_1679,1,113,111,0.2774553682303139,13,knot_research.db
8091,13a_1680,1,109,107,0.25666919547146827,13,knot_research.db
8092,13a_1681,1,113,111,0.2746392093983603,13,knot_research.db
8093,13a_1682,1,105,103,0.3798722584386018,13,knot_research.db
8094,13a_1683,1,115,113,0.2825153359379523,13,knot_research.db
8095,13a_1684,1,119,117,0.23742245272538856,13,knot_research.db
8096,13a_1685,1,113,111,0.23840762468843885,13,knot_research.db
8097,13a_1686,1,111,109,0.30582627331308476,13,knot_research.db
8098,13a_1687,1,111,109,0.27020863068704865,13,knot_research.db
8099,13a_1688,1,119,117,0.23414358657687476,13,knot_research.db
8100,13a_1689,1,117,115,0.27246117622788907,13,knot_research.db
8101,13a_1690,1,113,111,0.18679183423854134,13,knot_research.db
8102,13a_1691,1,111,109,0.27665589040227595,13,knot_research.db
8103,13a_1692,1,115,113,0.24558373575482778,13,knot_research.db
8104,13a_1693,1,113,111,0.2773091492724471,13,knot_research.db
8105,13a_1694,1,113,111,0.32250211166025894,13,knot_research.db
8106,13a_1695,1,117,115,0.22576498967687447,13,knot_research.db
8107,13a_1696,1,119,117,0.17619575692949346,13,knot_research.db
8108,13a_1697,1,111,109,0.2617748407839092,13,knot_research.db
8109,13a_1698,1,115,113,0.2209331195643073,13,knot_research.db
8110,13a_1699,1,113,111,0.29933103438788644,13,knot_research.db
8111,13a_1700,1,115,113,0.30222122291501313,13,knot_research.db
8112,13a_1701,1,107,105,0.17429368464710915,13,knot_research.db
8113,13a_1702,1,111,109,0.2570488369084591,13,knot_research.db
8114,13a_1703,1,115,113,0.19925075926854496,13,knot_research.db
8115,13a_1704,1,111,109,0.19184920261211214,13,knot_research.db
8116,13a_1705,1,109,107,0.30861870044962336,13,knot_research.db
8117,13a_1706,1,107,105,0.3770313175525988,13,knot_research.db
8118,13a_1707,1,107,105,0.2754571716485213,13,knot_research.db
8119,13a_1708,1,113,111,0.2775735061925968,13,knot_research.db
8120,13a_1709,1,113,111,0.234702289436302,13,knot_research.db
8121,13a_1710,1,117,115,0.21947935890633608,13,knot_research.db
8122,13a_1711,1,109,107,0.3656985356706305,13,knot_research.db
8123,13a_1712,1,107,105,0.2945795772181694,13,knot_research.db
8124,13a_1713,1,109,107,0.26760744588226093,13,knot_research.db
8125,13a_1714,1,117,115,0.23892171006180135,13,knot_research.db
8126,13a_1715,1,107,105,0.45447814197556485,13,knot_research.db
8127,13a_1716,1,111,109,0.2672548690281814,13,knot_research.db
8128,13a_1717,1,115,113,0.254662448696511,13,knot_research.db
8129,13a_1718,1,115,113,0.26377379561354586,13,knot_research.db
8130,13a_1719,1,117,115,0.2306135756062046,13,knot_research.db
8131,13a_1720,1,105,103,0.19699829558122114,13,knot_research.db
8132,13a_1721,1,115,113,0.22173508201120623,13,knot_research.db
8133,13a_1722,1,107,105,0.32560176532907376,13,knot_research.db
8134,13a_1723,1,111,109,0.3104023214584719,13,knot_research.db
8135,13a_1724,1,105,103,0.24234376698908805,13,knot_research.db
8136,13a_1725,1,111,109,0.2461148716685542,13,knot_research.db
8137,13a_1726,1,109,107,0.3089429717723588,13,knot_research.db
8138,13a_1727,1,111,109,0.34099538009071456,13,knot_research.db
8139,13a_1728,1,111,109,0.27653858616554194,13,knot_research.db
8140,13a_1729,1,117,115,0.285281159076985,13,knot_research.db
8141,13a_1730,1,117,115,0.23184829680017832,13,knot_research.db
8142,13a_1731,1,111,109,0.2554855619996838,13,knot_research.db
8143,13a_1732,1,113,111,0.2724250959788584,13,knot_research.db
8144,13a_1733,1,117,115,0.25569159236895245,13,knot_research.db
8145,13a_1734,1,111,109,0.29725244416881924,13,knot_research.db
8146,13a_1735,1,113,111,0.2136647617294066,13,knot_research.db
8147,13a_1736,1,117,115,0.23264580017660833,13,knot_research.db
8148,13a_1737,1,111,109,0.21704062961501996,13,knot_research.db
8149,13a_1738,1,107,105,0.4082541610090619,13,knot_research.db
8150,13a_1739,1,107,105,0.40825416102318046,13,knot_research.db
8151,13a_1740,1,113,111,0.17711338049323794,13,knot_research.db
8152,13a_1741,1,127,125,0.1638187060052379,13,knot_research.db
8153,13a_1742,1,117,115,0.26551476813287067,13,knot_research.db
8154,13a_1743,1,115,113,0.28251533594087747,13,knot_research.db
8155,13a_1744,1,121,119,0.26511600537287994,13,knot_research.db
8156,13a_1745,1,121,119,0.2027483850872345,13,knot_research.db
8157,13a_1746,1,113,111,0.3624713360497145,13,knot_research.db
8158,13a_1747,1,121,119,0.19624462028293627,13,knot_research.db
8159,13a_1748,1,109,107,0.31921396505443733,13,knot_research.db
8160,13a_1749,1,117,115,0.2553218891599651,13,knot_research.db
8161,13a_1750,1,113,111,0.3839739222962674,13,knot_research.db
8162,13a_1751,1,117,115,0.28251533594916645,13,knot_research.db
8163,13a_1752,1,121,119,0.22570796069378557,13,knot_research.db
8164,13a_1753,1,117,115,0.25532188911618736,13,knot_research.db
8165,13a_1754,1,121,119,0.22943258530824276,13,knot_research.db
8166,13a_1755,1,117,115,0.28777340524469164,13,knot_research.db
8167,13a_1756,1,121,119,0.17957980235515938,13,knot_research.db
8168,13a_1757,1,113,111,0.18481945589020862,13,knot_research.db
8169,13a_1758,1,121,119,0.21006885081527138,13,knot_research.db
8170,13a_1759,1,119,117,0.21113617624162076,13,knot_research.db
8171,13a_1760,1,109,107,0.19049245876003862,13,knot_research.db
8172,13a_1761,1,115,113,0.2465838294643641,13,knot_research.db
8173,13a_1762,1,117,115,0.21368186535436023,13,knot_research.db
8174,13a_1763,1,119,117,0.16407965545438039,13,knot_research.db
8175,13a_1764,1,123,121,0.23698480863636906,13,knot_research.db
8176,13a_1765,1,125,123,0.19083073357157032,13,knot_research.db
8177,13a_1766,1,119,117,0.18485299447924597,13,knot_research.db
8178,13a_1767,1,119,117,0.25394186043754124,13,knot_research.db
8179,13a_1768,1,115,113,0.184371372173293,13,knot_research.db
8180,13a_1769,1,115,113,0.28482541687190466,13,knot_research.db
8181,13a_1770,1,117,115,0.2699917163504182,13,knot_research.db
8182,13a_1771,1,117,115,0.23486860793904865,13,knot_research.db
8183,13a_1772,1,111,109,0.31957038716521363,13,knot_research.db
8184,13a_1773,1,109,107,0.2686812359132942,13,knot_research.db
8185,13a_1774,1,113,111,0.2848254168661361,13,knot_research.db
8186,13a_1775,1,117,115,0.3172825185152626,13,knot_research.db
8187,13a_1776,1,105,103,0.34278524624794515,13,knot_research.db
8188,13a_1777,1,115,113,0.24129634489920807,13,knot_research.db
8189,13a_1778,1,121,119,0.17852877945356077,13,knot_research.db
8190,13a_1779,1,115,113,0.23870646366901813,13,knot_research.db
8191,13a_1780,1,125,123,0.1721931037491132,13,knot_research.db
8192,13a_1781,1,117,115,0.3330541498041897,13,knot_research.db
8193,13a_1782,1,117,115,0.23211508732100414,13,knot_research.db
8194,13a_1783,1,119,117,0.23968802074389534,13,knot_research.db
8195,13a_1784,1,113,111,0.2499099655956936,13,knot_research.db
8196,13a_1785,1,119,117,0.27383982058457235,13,knot_research.db
8197,13a_1786,1,105,103,0.3918522591253508,13,knot_research.db
8198,13a_1787,1,115,113,0.2707818073827909,13,knot_research.db
8199,13a_1788,1,111,109,0.36131552404227757,13,knot_research.db
8200,13a_1789,1,115,113,0.18210793972790185,13,knot_research.db
8201,13a_1790,1,127,125,0.18820380337661807,13,knot_research.db
8202,13a_1791,1,117,115,0.12754345494727684,13,knot_research.db
8203,13a_1792,1,115,113,0.26208362893551745,13,knot_research.db
8204,13a_1793,1,121,119,0.1867496094749294,13,knot_research.db
8205,13a_1794,1,117,115,0.21113617623713676,13,knot_research.db
8206,13a_1795,1,111,109,0.23223628846653135,13,knot_research.db
8207,13a_1796,1,115,113,0.21571515483737333,13,knot_research.db
8208,13a_1797,1,115,113,0.2132277342759731,13,knot_research.db
8209,13a_1798,1,117,115,0.24854221973710405,13,knot_research.db
8210,13a_1799,1,125,123,0.1867811666355796,13,knot_research.db
8211,13a_1800,1,109,107,0.29110535637156454,13,knot_research.db
8212,13a_1801,1,123,121,0.2727669360195933,13,knot_research.db
8213,13a_1802,1,115,113,0.20104422086770624,13,knot_research.db
8214,13a_1803,1,113,111,0.22984106796670972,13,knot_research.db
8215,13a_1804,1,109,107,0.33323032102994526,13,knot_research.db
8216,13a_1805,1,115,113,0.26094890231547624,13,knot_research.db
8217,13a_1806,1,117,115,0.2807302748932683,13,knot_research.db
8218,13a_1807,1,113,111,0.21839264474497766,13,knot_research.db
8219,13a_1808,1,117,115,0.21778926778070626,13,knot_research.db
8220,13a_1809,1,117,115,0.1723106330213802,13,knot_research.db
8221,13a_1810,1,121,119,0.21959882274407513,13,knot_research.db
8222,13a_1811,1,111,109,0.1331397378054707,13,knot_research.db
8223,13a_1812,1,123,121,0.18554783649234396,13,knot_research.db
8224,13a_1813,1,115,113,0.29615499148096797,13,knot_research.db
8225,13a_1814,1,107,105,0.2720915784155698,13,knot_research.db
8226,13a_1815,1,117,115,0.2551004303395239,13,knot_research.db
8227,13a_1816,1,117,115,0.3261144662840439,13,knot_research.db
8228,13a_1817,1,117,115,0.2334988649428986,13,knot_research.db
8229,13a_1818,1,119,117,0.2790949808821515,13,knot_research.db
8230,13a_1819,1,117,115,0.2305169287293436,13,knot_research.db
8231,13a_1820,1,111,109,0.19049245875991583,13,knot_research.db
8232,13a_1821,1,113,111,0.18683475057785856,13,knot_research.db
8233,13a_1822,1,121,119,0.2371309246341316,13,knot_research.db
8234,13a_1823,1,107,105,0.27945519226880944,13,knot_research.db
8235,13a_1824,1,115,113,0.24481187075162283,13,knot_research.db
8236,13a_1825,1,109,107,0.32768418613082345,13,knot_research.db
8237,13a_1826,1,109,107,0.13533679104278035,13,knot_research.db
8238,13a_1827,1,113,111,0.2609479236885964,13,knot_research.db
8239,13a_1828,1,113,111,0.22156539467155523,13,knot_research.db
8240,13a_1829,1,115,113,0.22918237377704456,13,knot_research.db
8241,13a_1830,1,107,105,0.3170400195149426,13,knot_research.db
8242,13a_1831,1,115,113,0.3016926475458668,13,knot_research.db
8243,13a_1832,1,119,117,0.21872385185868898,13,knot_research.db
8244,13a_1833,1,107,105,0.361315524268497,13,knot_research.db
8245,13a_1834,1,115,113,0.21474544881987598,13,knot_research.db
8246,13a_1835,1,111,109,0.3613155238952936,13,knot_research.db
8247,13a_1836,1,115,113,0.3152939658481759,13,knot_research.db
8248,13a_1837,1,111,109,0.2678412815760052,13,knot_research.db
8249,13a_1838,1,109,107,0.3613155243223172,13,knot_research.db
8250,13a_1839,1,113,111,0.30128396682787517,13,knot_research.db
8251,13a_1840,1,109,107,0.2637215585841569,13,knot_research.db
8252,13a_1841,1,109,107,0.27988568393419316,13,knot_research.db
8253,13a_1842,1,113,111,0.30559701539563094,13,knot_research.db
8254,13a_1843,1,107,105,0.3823804428885591,13,knot_research.db
8255,13a_1844,1,117,115,0.20962185724709645,13,knot_research.db
8256,13a_1845,1,117,115,0.2702057274657784,13,knot_research.db
8257,13a_1846,1,107,105,0.3805755153503718,13,knot_research.db
8258,13a_1847,1,115,113,0.23704819460132565,13,knot_research.db
8259,13a_1848,1,109,107,0.2761812732213418,13,knot_research.db
8260,13a_1849,1,111,109,0.39271274764074504,13,knot_research.db
8261,13a_1850,1,119,117,0.20872142306007177,13,knot_research.db
8262,13a_1851,1,117,115,0.2966303298809758,13,knot_research.db
8263,13a_1852,1,115,113,0.31040232113347943,13,knot_research.db
8264,13a_1853,1,109,107,0.3110410407350357,13,knot_research.db
8265,13a_1854,1,113,111,0.19216257851241111,13,knot_research.db
8266,13a_1855,1,109,107,0.2684770160850603,13,knot_research.db
8267,13a_1856,1,115,113,0.31104104074341216,13,knot_research.db
8268,13a_1857,1,117,115,0.2588771612511393,13,knot_research.db
8269,13a_1858,1,115,113,0.1990743258687819,13,knot_research.db
8270,13a_1859,1,115,113,0.19309813273300655,13,knot_research.db
8271,13a_1860,1,113,111,0.31040232145365976,13,knot_research.db
8272,13a_1861,1,113,111,0.29725244435227954,13,knot_research.db
8273,13a_1862,1,111,109,0.3104023213932888,13,knot_research.db
8274,13a_1863,1,123,121,0.18155150287518584,13,knot_research.db
8275,13a_1864,1,115,113,0.15655812367989896,13,knot_research.db
8276,13a_1865,1,119,117,0.22726450197420064,13,knot_research.db
8277,13a_1866,1,119,117,0.18140185561790081,13,knot_research.db
8278,13a_1867,1,125,123,0.2081792259949107,13,knot_research.db
8279,13a_1868,1,119,117,0.25335318578741656,13,knot_research.db
8280,13a_1869,1,109,107,0.17009541300344994,13,knot_research.db
8281,13a_1870,1,119,117,0.26174989428124734,13,knot_research.db
8282,13a_1871,1,121,119,0.11980426194567545,13,knot_research.db
8283,13a_1872,1,121,119,0.19018769256925513,13,knot_research.db
8284,13a_1873,1,117,115,0.18763254489345185,13,knot_research.db
8285,13a_1874,1,127,125,0.1633337817394942,13,knot_research.db
8286,13a_1875,1,115,113,0.2129432301307897,13,knot_research.db
8287,13a_1876,1,121,119,0.22366055433946364,13,knot_research.db
8288,13a_1877,1,117,115,0.2493312224563382,13,knot_research.db
8289,13a_1878,1,117,115,0.2821206343531953,13,knot_research.db
8290,13a_1879,1,121,119,0.12915532651680703,13,knot_research.db
8291,13a_1880,1,123,121,0.2008720684616425,13,knot_research.db
8292,13a_1881,1,117,115,0.22288209488104255,13,knot_research.db
8293,13a_1882,1,115,113,0.2236651860713512,13,knot_research.db
8294,13a_1883,1,119,117,0.23486964574549432,13,knot_research.db
8295,13a_1884,1,117,115,0.2736761537620281,13,knot_research.db
13157,13a_1885,1,115,113,0.19309813273002088,13,knot_research.db
13158,13a_1886,1,123,121,0.16644298521941694,13,knot_research.db
13159,13a_1887,1,121,119,0.2319191379129766,13,knot_research.db
13160,13a_1888,1,125,123,0.15582680885972117,13,knot_research.db
13161,13a_1889,1,111,109,0.18403697590363516,13,knot_research.db
13162,13a_1890,1,109,107,0.3306382547841117,13,knot_research.db
13163,13a_1891,1,115,113,0.3189391153686647,13,knot_research.db
13164,13a_1892,1,115,113,0.2361692742370786,13,knot_research.db
13165,13a_1893,1,111,109,0.27414232823369666,13,knot_research.db
13166,13a_1894,1,111,109,0.17635778735827468,13,knot_research.db
13167,13a_1895,1,115,113,0.2180947091559322,13,knot_research.db
13168,13a_1896,1,115,113,0.31213324452945296,13,knot_research.db
13169,13a_1897,1,115,113,0.2698980567285292,13,knot_research.db
13170,13a_1898,1,111,109,0.34940731469239994,13,knot_research.db
13171,13a_1899,1,115,113,0.3334794534499582,13,knot_research.db
13172,13a_1900,1,107,105,0.2603485682979117,13,knot_research.db
13173,13a_1901,1,109,107,0.1995185991802311,13,knot_research.db
13174,13a_1902,1,117,115,0.25510043034703633,13,knot_research.db
13175,13a_1903,1,117,115,0.3087624952262881,13,knot_research.db
13176,13a_1904,1,121,119,0.1891827014793716,13,knot_research.db
13177,13a_1905,1,117,115,0.2521098734968387,13,knot_research.db
13178,13a_1906,1,111,109,0.2365624557715414,13,knot_research.db
13179,13a_1907,1,115,113,0.311041040737335,13,knot_research.db
13180,13a_1908,1,107,105,0.3081783360110084,13,knot_research.db
13181,13a_1909,1,115,113,0.16761671985752147,13,knot_research.db
13182,13a_1910,1,117,115,0.23023274114229775,13,knot_research.db
13183,13a_1911,1,113,111,0.32188498215008293,13,knot_research.db
13184,13a_1912,1,113,111,0.269738111280594,13,knot_research.db
13185,13a_1913,1,109,107,0.19355040234846796,13,knot_research.db
13186,13a_1914,1,113,111,0.22781763593077076,13,knot_research.db
13187,13a_1915,1,115,113,0.2365979602563209,13,knot_research.db
13188,13a_1916,1,115,113,0.2862400555558237,13,knot_research.db
13189,13a_1917,1,117,115,0.2092080212769495,13,knot_research.db
13190,13a_1918,1,111,109,0.2351470719307276,13,knot_research.db
13191,13a_1919,1,119,117,0.1801593549463472,13,knot_research.db
13192,13a_1920,1,117,115,0.22576874890861784,13,knot_research.db
13193,13a_1921,1,113,111,0.1541793500977206,13,knot_research.db
13194,13a_1922,1,121,119,0.20422805404067743,13,knot_research.db
13195,13a_1923,1,111,109,0.2724250959011947,13,knot_research.db
13196,13a_1924,1,117,115,0.239238812521299,13,knot_research.db
13197,13a_1925,1,115,113,0.2089990665507292,13,knot_research.db
13198,13a_1926,1,113,111,0.2130656667126514,13,knot_research.db
13199,13a_1927,1,121,119,0.15925322880755538,13,knot_research.db
13200,13a_1928,1,121,119,0.18848563549040523,13,knot_research.db
13201,13a_1929,1,117,115,0.1719239319413835,13,knot_research.db
13202,13a_1930,1,121,119,0.20891062595488788,13,knot_research.db
13203,13a_1931,1,115,113,0.24081250682255212,13,knot_research.db
13204,13a_1932,1,115,113,0.25287220147618833,13,knot_research.db
13205,13a_1933,1,119,117,0.12736449659128332,13,knot_research.db
13206,13a_1934,1,125,123,0.17266005125551318,13,knot_research.db
13207,13a_1935,1,107,105,0.3054002770310849,13,knot_research.db
13208,13a_1936,1,123,121,0.1941060693278871,13,knot_research.db
13209,13a_1937,1,117,115,0.20162622954966083,13,knot_research.db
13210,13a_1938,1,117,115,0.18423911111692245,13,knot_research.db
13211,13a_1939,1,115,113,0.2353086881029536,13,knot_research.db
13212,13a_1940,1,121,119,0.17024452818978203,13,knot_research.db
13213,13a_1941,1,121,119,0.24196094645370816,13,knot_research.db
13214,13a_1942,1,129,127,0.14978746658219913,13,knot_research.db
13215,13a_1943,1,117,115,0.1821411650811387,13,knot_research.db
13216,13a_1944,1,119,117,0.22180405483329316,13,knot_research.db
13217,13a_1945,1,121,119,0.14622945640214186,13,knot_research.db
13218,13a_1946,1,123,121,0.2027483850874186,13,knot_research.db
13219,13a_1947,1,115,113,0.31223030353379944,13,knot_research.db
13220,13a_1948,1,115,113,0.22118132170591534,13,knot_research.db
13221,13a_1949,1,109,107,0.3841169005971934,13,knot_research.db
13222,13a_1950,1,117,115,0.204409114673724,13,knot_research.db
13223,13a_1951,1,121,119,0.12680358187824076,13,knot_research.db
13224,13a_1952,1,113,111,0.13919414688829526,13,knot_research.db
13225,13a_1953,1,119,117,0.26215337238770126,13,knot_research.db
13226,13a_1954,1,119,117,0.18091161129630948,13,knot_research.db
13227,13a_1955,1,117,115,0.16709145157313404,13,knot_research.db
13228,13a_1956,1,117,115,0.22521276502078885,13,knot_research.db
13229,13a_1957,1,121,119,0.23413475543834672,13,knot_research.db
13230,13a_1958,1,115,113,0.14817400715728213,13,knot_research.db
13231,13a_1959,1,117,115,0.2185726156241005,13,knot_research.db
13232,13a_1960,1,119,117,0.2218040548337785,13,knot_research.db
13233,13a_1961,1,113,111,0.20256972096120607,13,knot_research.db
13234,13a_1962,1,115,113,0.23659796023007174,13,knot_research.db
13235,13a_1963,1,113,111,0.2773302324331651,13,knot_research.db
13236,13a_1964,1,119,117,0.2206818984408855,13,knot_research.db
13237,13a_1965,1,117,115,0.29478412090973555,13,knot_research.db
13238,13a_1966,1,109,107,0.1626649003202116,13,knot_research.db
13239,13a_1967,1,119,117,0.22135245171307233,13,knot_research.db
13240,13a_1968,1,113,111,0.24745730762474283,13,knot_research.db
13241,13a_1969,1,111,109,0.33323032124282226,13,knot_research.db
13242,13a_1970,1,113,111,0.1710370579931587,13,knot_research.db
13243,13a_1971,1,115,113,0.29913830042937056,13,knot_research.db
13244,13a_1972,1,123,121,0.19444846729446094,13,knot_research.db
13245,13a_1973,1,117,115,0.24293825195279614,13,knot_research.db
13246,13a_1974,1,117,115,0.14225012791520228,13,knot_research.db
13247,13a_1975,1,117,115,0.17860687113348803,13,knot_research.db
13248,13a_1976,1,115,113,0.11178789372714816,13,knot_research.db
13249,13a_1977,1,129,127,0.1694747507941668,13,knot_research.db
13250,13a_1978,1,111,109,0.3101961877726212,13,knot_research.db
13251,13a_1979,1,113,111,0.12900100255170288,13,knot_research.db
13252,13a_1980,1,115,113,0.19806547040347264,13,knot_research.db
13253,13a_1981,1,113,111,0.30559701538601713,13,knot_research.db
13254,13a_1982,1,115,113,0.22944619632256566,13,knot_research.db
13255,13a_1983,1,113,111,0.2773302324331332,13,knot_research.db
13256,13a_1984,1,111,109,0.2874405856825231,13,knot_research.db
13257,13a_1985,1,117,115,0.1691934462108532,13,knot_research.db
13258,13a_1986,1,117,115,0.22879146064369257,13,knot_research.db
13259,13a_1987,1,111,109,0.3223170659015815,13,knot_research.db
13260,13a_1988,1,109,107,0.38101794787408255,13,knot_research.db
13261,13a_1989,1,109,107,0.28269315515454935,13,knot_research.db
13262,13a_1990,1,109,107,0.3278153659824103,13,knot_research.db
13263,13a_1991,1,117,115,0.2988689195999483,13,knot_research.db
13264,13a_1992,1,111,109,0.3399264587338936,13,knot_research.db
13265,13a_1993,1,117,115,0.19439259357673208,13,knot_research.db
13266,13a_1994,1,117,115,0.21974442236093636,13,knot_research.db
13267,13a_1995,1,117,115,0.22720634686361155,13,knot_research.db
13268,13a_1996,1,113,111,0.29328404229169563,13,knot_research.db
13269,13a_1997,1,117,115,0.2959259277983271,13,knot_research.db
13270,13a_1998,1,117,115,0.23184829679987817,13,knot_research.db
13271,13a_1999,1,107,105,0.40002269105406496,13,knot_research.db
13272,13a_2000,1,109,107,0.32817608626753586,13,knot_research.db
13273,13a_2001,1,109,107,0.17497639046500396,13,knot_research.db
13274,13a_2002,1,121,119,0.22726450195630374,13,knot_research.db
13275,13a_2003,1,123,121,0.189737390216973,13,knot_research.db
13276,13a_2004,1,121,119,0.22011818981054276,13,knot_research.db
13277,13a_2005,1,113,111,0.13006358847772073,13,knot_research.db
13278,13a_2006,1,117,115,0.2272063468705879,13,knot_research.db
13279,13a_2007,1,115,113,0.23120229486557559,13,knot_research.db
13280,13a_2008,1,111,109,0.2585048058053171,13,knot_research.db
13281,13a_2009,1,123,121,0.1842094594067019,13,knot_research.db
13282,13a_2010,1,119,117,0.13482050895227618,13,knot_research.db
13283,13a_2011,1,113,111,0.23299764517303775,13,knot_research.db
13284,13a_2012,1,117,115,0.3366511262384617,13,knot_research.db
13285,13a_2013,1,111,109,0.30193845433391725,13,knot_research.db
13286,13a_2014,1,117,115,0.1869903505270541,13,knot_research.db
13287,13a_2015,1,123,121,0.1855478364921741,13,knot_research.db
13288,13a_2016,1,127,125,0.1882809708031947,13,knot_research.db
13289,13a_2017,1,115,113,0.26144334604060304,13,knot_research.db
13290,13a_2018,1,121,119,0.19936229083213874,13,knot_research.db
13291,13a_2019,1,115,113,0.2355619692368013,13,knot_research.db
13292,13a_2020,1,109,107,0.32467719068885786,13,knot_research.db
13293,13a_2021,1,117,115,0.29244518534824904,13,knot_research.db
13294,13a_2022,1,113,111,0.2932840422971345,13,knot_research.db
13295,13a_2023,1,117,115,0.21616515959846713,13,knot_research.db
13296,13a_2024,1,117,115,0.19439259357673236,13,knot_research.db
13297,13a_2025,1,117,115,0.23923881252387658,13,knot_research.db
13298,13a_2026,1,117,115,0.24799389098835878,13,knot_research.db
13299,13a_2027,1,113,111,0.20771452511578645,13,knot_research.db
13300,13a_2028,1,105,103,0.3860750567027967,13,knot_research.db
13301,13a_2029,1,113,111,0.30417736695481673,13,knot_research.db
13302,13a_2030,1,115,113,0.25740171731298495,13,knot_research.db
13303,13a_2031,1,123,121,0.1578880572788837,13,knot_research.db
13304,13a_2032,1,119,117,0.1487130895342347,13,knot_research.db
13305,13a_2033,1,117,115,0.21542061335675378,13,knot_research.db
13306,13a_2034,1,107,105,0.30973637547477206,13,knot_research.db
13307,13a_2035,1,117,115,0.255691592369212,13,knot_research.db
13308,13a_2036,1,123,121,0.17517523783482322,13,knot_research.db
13309,13a_2037,1,117,115,0.21231897093691973,13,knot_research.db
13310,13a_2038,1,117,115,0.2807302749103263,13,knot_research.db
13311,13a_2039,1,125,123,0.14843631722974113,13,knot_research.db
13312,13a_2040,1,119,117,0.23391931157667084,13,knot_research.db
13313,13a_2041,1,115,113,0.2531582625348818,13,knot_research.db
30806,13a_2054,1,123,121,0.16351106430924778,13,knot_research.db
30807,13a_2050,1,113,111,0.1984240306952737,13,knot_research.db
30808,13a_2048,1,123,121,0.2285746667033985,13,knot_research.db
30809,13a_2051,1,123,121,0.3072795591624843,13,knot_research.db
30810,13a_2045,1,125,123,0.1734648840783965,13,knot_research.db
30811,13a_2056,1,119,117,0.14553644964595855,13,knot_research.db
30812,13a_2044,1,123,121,0.16244677024221973,13,knot_research.db
30813,13a_2053,1,123,121,0.1659743851276794,13,knot_research.db
30814,13a_2047,1,127,125,0.18820380337662926,13,knot_research.db
30820,13a_2060,1,113,111,0.26532576514156114,13,knot_research.db
30823,13a_2042,1,117,115,0.12754345494727817,13,knot_research.db
30824,13a_2043,1,119,117,0.17819702882991748,13,knot_research.db
30826,13a_2072,1,121,119,0.1579949808595329,13,knot_research.db
30828,13a_2098,1,123,121,0.19392052394698336,13,knot_research.db
30829,13a_2079,1,115,113,0.1832395577398602,13,knot_research.db
30830,13a_2081,1,117,115,0.24913178346235618,13,knot_research.db
30831,13a_2066,1,113,111,0.20567660896605228,13,knot_research.db
30832,13a_2069,1,123,121,0.21790535036035213,13,knot_research.db
30833,13a_2077,1,109,107,0.28703934730563263,13,knot_research.db
30834,13a_2095,1,123,121,0.17234935193361256,13,knot_research.db
34513,13a_2052,1,113,111,0.28201799912586967,13,knot_research.db
34630,13a_2046,1,115,113,0.2220577141269626,13,knot_research.db
35366,13a_2055,1,117,115,0.20787271361974877,13,knot_research.db
35393,13a_2058,1,107,105,0.40002269105458105,13,knot_research.db
35487,13a_2061,1,113,111,0.2909671712309914,13,knot_research.db
35570,13a_2057,1,119,117,0.19995665941404847,13,knot_research.db
35647,13a_2059,1,107,105,0.2594954257398285,13,knot_research.db
35744,13a_2049,1,117,115,0.2230355664678342,13,knot_research.db
35846,13a_2065,1,121,119,0.2290250610849965,13,knot_research.db
35875,13a_2078,1,113,111,0.29935675408228996,13,knot_research.db
35878,13a_2074,1,117,115,0.22952482336106694,13,knot_research.db
35880,13a_2073,1,117,115,0.15747081939023888,13,knot_research.db
35882,13a_2071,1,117,115,0.2533300958572067,13,knot_research.db
35883,13a_2075,1,115,113,0.22205771413016928,13,knot_research.db
35885,13a_2063,1,117,115,0.18401371789174542,13,knot_research.db
35887,13a_2080,1,107,105,0.3282884659759047,13,knot_research.db
35888,13a_2068,1,117,115,0.28345128496060473,13,knot_research.db
35889,13a_2064,1,113,111,0.23156186557193598,13,knot_research.db
35890,13a_2062,1,115,113,0.24183266466711778,13,knot_research.db
35891,13a_2097,1,113,111,0.15363750511604274,13,knot_research.db
35892,13a_2070,1,123,121,0.17974391953380522,13,knot_research.db
35893,13a_2086,1,115,113,0.28242089907730217,13,knot_research.db
35894,13a_2067,1,117,115,0.18169133549567631,13,knot_research.db
35895,13a_2091,1,111,109,0.29933103439230024,13,knot_research.db
35896,13a_2085,1,111,109,0.22761645375897294,13,knot_research.db
35897,13a_2076,1,119,117,0.2678714110394064,13,knot_research.db
35898,13a_2099,1,123,121,0.17165823904454847,13,knot_research.db
35899,13a_2092,1,117,115,0.2708470047552656,13,knot_research.db
35900,13a_2094,1,115,113,0.30854763761487974,13,knot_research.db
35902,13a_2101,1,105,103,0.43581087962638193,13,knot_research.db
35903,13a_2100,1,117,115,0.21198055078859823,13,knot_research.db
35904,13a_2118,1,121,119,0.1875331572623556,13,knot_research.db
35905,13a_2088,1,117,115,0.21112081746261996,13,knot_research.db
35906,13a_2083,1,115,113,0.14892239298104523,13,knot_research.db
35907,13a_2089,1,121,119,0.17656396409036154,13,knot_research.db
35908,13a_2093,1,119,117,0.2530078686550815,13,knot_research.db
35909,13a_2084,1,119,117,0.22619470429478017,13,knot_research.db
35910,13a_2082,1,117,115,0.33654842282895725,13,knot_research.db
35911,13a_2111,1,115,113,0.11401409801803586,13,knot_research.db
35912,13a_2087,1,113,111,0.2576793454123609,13,knot_research.db
35913,13a_2096,1,113,111,0.20452915161532845,13,knot_research.db
35914,13a_2121,1,121,119,0.22493881256745432,13,knot_research.db
35915,13a_2119,1,117,115,0.3122303033963008,13,knot_research.db
35916,13a_2114,1,111,109,0.18469950836173107,13,knot_research.db
35917,13a_2112,1,107,105,0.2500482506829623,13,knot_research.db
35918,13a_2106,1,113,111,0.32683041104468225,13,knot_research.db
35919,13a_2108,1,115,113,0.20660438413226,13,knot_research.db
35920,13a_2138,1,117,115,0.2959259278652101,13,knot_research.db
35921,13a_2090,1,119,117,0.20334611432446165,13,knot_research.db
35922,13a_2117,1,113,111,0.24445010154018668,13,knot_research.db
35923,13a_2109,1,115,113,0.17852546919715118,13,knot_research.db
35924,13a_2105,1,111,109,0.3514782173403243,13,knot_research.db
35925,13a_2115,1,127,125,0.17133950501703293,13,knot_research.db
35926,13a_2102,1,113,111,0.28646596645044525,13,knot_research.db
35927,13a_2113,1,105,103,0.2994889117021207,13,knot_research.db
35928,13a_2120,1,119,117,0.1635361547611436,13,knot_research.db
35929,13a_2104,1,113,111,0.27721211208832985,13,knot_research.db
35930,13a_2116,1,111,109,0.12061475842818288,13,knot_research.db
35931,13a_2139,1,115,113,0.2393304128562565,13,knot_research.db
35932,13a_2132,1,111,109,0.3725091761508398,13,knot_research.db
35933,13a_2128,1,119,117,0.26787141103951423,13,knot_research.db
35934,13a_2158,1,119,117,0.2945023150574354,13,knot_research.db
35935,13a_2107,1,109,107,0.3734087864240382,13,knot_research.db
35936,13a_2137,1,119,117,0.12101823015746616,13,knot_research.db
35937,13a_2141,1,117,115,0.20920802127808014,13,knot_research.db
35938,13a_2129,1,111,109,0.20480127486462743,13,knot_research.db
35939,13a_2103,1,113,111,0.23890010324471947,13,knot_research.db
35940,13a_2131,1,109,107,0.38607501579795245,13,knot_research.db
35941,13a_2122,1,123,121,0.1875783009449775,13,knot_research.db
35942,13a_2133,1,111,109,0.29323769059836213,13,knot_research.db
35943,13a_2134,1,117,115,0.162599657743626,13,knot_research.db
35944,13a_2110,1,123,121,0.17795726887721824,13,knot_research.db
35945,13a_2159,1,117,115,0.24231078314886564,13,knot_research.db
35946,13a_2140,1,115,113,0.23470228943574953,13,knot_research.db
35947,13a_2126,1,115,113,0.19278186872769562,13,knot_research.db
35948,13a_2124,1,119,117,0.13226511567190066,13,knot_research.db
35949,13a_2152,1,121,119,0.2387183787081413,13,knot_research.db
35950,13a_2127,1,117,115,0.263991522954978,13,knot_research.db
35951,13a_2136,1,125,123,0.16694186679557882,13,knot_research.db
35952,13a_2125,1,121,119,0.20337483643051793,13,knot_research.db
35953,13a_2135,1,113,111,0.27311680377313685,13,knot_research.db
35954,13a_2148,1,115,113,0.24824100079377961,13,knot_research.db
35955,13a_2151,1,111,109,0.3299621648402995,13,knot_research.db
35956,13a_2178,1,113,111,0.26427199083597674,13,knot_research.db
35957,13a_2161,1,107,105,0.3927127475860991,13,knot_research.db
35958,13a_2123,1,113,111,0.14113855681013496,13,knot_research.db
35959,13a_2153,1,113,111,0.17944073798887075,13,knot_research.db
35960,13a_2142,1,117,115,0.17001936150208152,13,knot_research.db
35961,13a_2179,1,115,113,0.312230303509385,13,knot_research.db
35962,13a_2160,1,111,109,0.24620081658747986,13,knot_research.db
35963,13a_2130,1,109,107,0.30582627327058115,13,knot_research.db
35964,13a_2168,1,117,115,0.2306229200764824,13,knot_research.db
35965,13a_2154,1,113,111,0.23165832352853133,13,knot_research.db
35966,13a_2149,1,117,115,0.29055216493411995,13,knot_research.db
35967,13a_2171,1,109,107,0.3332303212234258,13,knot_research.db
35968,13a_2198,1,117,115,0.25803631583082653,13,knot_research.db
35969,13a_2155,1,115,113,0.2824208991689372,13,knot_research.db
35970,13a_2147,1,123,121,0.19730326831848988,13,knot_research.db
35971,13a_2157,1,119,117,0.1767988620099092,13,knot_research.db
35972,13a_2172,1,117,115,0.2824208991708244,13,knot_research.db
35973,13a_2181,1,119,117,0.19534607232455992,13,knot_research.db
35974,13a_2156,1,113,111,0.23470228943679683,13,knot_research.db
35975,13a_2144,1,125,123,0.15026952506475486,13,knot_research.db
35976,13a_2146,1,121,119,0.20198264267260171,13,knot_research.db
35977,13a_2199,1,113,111,0.268000939556282,13,knot_research.db
35978,13a_2145,1,127,125,0.17359762399037165,13,knot_research.db
35979,13a_2162,1,109,107,0.22671478442437412,13,knot_research.db
35980,13a_2191,1,119,117,0.1655682892799056,13,knot_research.db
35981,13a_2188,1,115,113,0.13474451793513886,13,knot_research.db
35982,13a_2173,1,109,107,0.271064121936417,13,knot_research.db
35983,13a_2150,1,115,113,0.23649051108062943,13,knot_research.db
35984,13a_2169,1,109,107,0.4010767948991138,13,knot_research.db
35985,13a_2218,1,115,113,0.2469218277580376,13,knot_research.db
35986,13a_2180,1,109,107,0.24280180396137038,13,knot_research.db
35987,13a_2175,1,113,111,0.20256326605848055,13,knot_research.db
35988,13a_2174,1,115,113,0.2787382317770751,13,knot_research.db
35989,13a_2176,1,123,121,0.2046425876693509,13,knot_research.db
35990,13a_2192,1,123,121,0.1748920418321001,13,knot_research.db
35991,13a_2219,1,109,107,0.33219216451438677,13,knot_research.db
35992,13a_2201,1,121,119,0.15597313272373825,13,knot_research.db
35993,13a_2167,1,111,109,0.16944344470592337,13,knot_research.db
35994,13a_2182,1,123,121,0.2727669360194738,13,knot_research.db
35995,13a_2189,1,115,113,0.24481187074256056,13,knot_research.db
35996,13a_2143,1,111,109,0.21631699413891778,13,knot_research.db
35997,13a_2211,1,117,115,0.22521276502071555,13,knot_research.db
35998,13a_2177,1,109,107,0.3322290228610329,13,knot_research.db
35999,13a_2170,1,113,111,0.2368328023464501,13,knot_research.db
36000,13a_2238,1,111,109,0.1267381942112872,13,knot_research.db
36001,13a_2193,1,121,119,0.23137230549474866,13,knot_research.db
36002,13a_2200,1,107,105,0.1959828650630577,13,knot_research.db
36003,13a_2164,1,113,111,0.3580659012040439,13,knot_research.db
36004,13a_2166,1,109,107,0.30769549929231177,13,knot_research.db
36005,13a_2239,1,111,109,0.28054150159467794,13,knot_research.db
36006,13a_2194,1,111,109,0.24506690475169132,13,knot_research.db
36007,13a_2196,1,111,109,0.27873823178984003,13,knot_research.db
36008,13a_2209,1,113,111,0.31040232151374275,13,knot_research.db
36009,13a_2202,1,117,115,0.2196173170252379,13,knot_research.db
36010,13a_2197,1,109,107,0.29578505416704237,13,knot_research.db
36011,13a_2208,1,117,115,0.212071690640187,13,knot_research.db
36012,13a_2231,1,109,107,0.2988413934142736,13,knot_research.db
36013,13a_2187,1,117,115,0.21757073582380693,13,knot_research.db
36014,13a_2212,1,113,111,0.31040232146286784,13,knot_research.db
36015,13a_2220,1,115,113,0.27133862288468885,13,knot_research.db
36016,13a_2190,1,121,119,0.21725838058307304,13,knot_research.db
36017,13a_2163,1,115,113,0.23659796023498264,13,knot_research.db
36018,13a_2259,1,115,113,0.2940114087537573,13,knot_research.db
36019,13a_2213,1,111,109,0.31040232146656155,13,knot_research.db
36020,13a_2216,1,115,113,0.2931392093106075,13,knot_research.db
36021,13a_2195,1,111,109,0.2993771716677848,13,knot_research.db
36022,13a_2165,1,117,115,0.2779149984185735,13,knot_research.db
36023,13a_2221,1,121,119,0.1891827014772826,13,knot_research.db
36024,13a_2184,1,113,111,0.3397164865619844,13,knot_research.db
36025,13a_2217,1,115,113,0.2829234318143359,13,knot_research.db
36026,13a_2229,1,121,119,0.10817293467116516,13,knot_research.db
36027,13a_2251,1,113,111,0.24990996560650192,13,knot_research.db
36028,13a_2222,1,113,111,0.38206613530865907,13,knot_research.db
36029,13a_2186,1,115,113,0.2469218277336364,13,knot_research.db
36030,13a_2214,1,117,115,0.23998888429558907,13,knot_research.db
36031,13a_2258,1,117,115,0.2477729177902484,13,knot_research.db
36032,13a_2228,1,127,125,0.16027289824176388,13,knot_research.db
36033,13a_2279,1,119,117,0.2248094683699849,13,knot_research.db
36034,13a_2240,1,111,109,0.2156364042211503,13,knot_research.db
36035,13a_2232,1,111,109,0.3690148420715599,13,knot_research.db
36036,13a_2233,1,111,109,0.23004625381618787,13,knot_research.db
36037,13a_2183,1,115,113,0.2010442208676302,13,knot_research.db
36038,13a_2237,1,117,115,0.21958305916248794,13,knot_research.db
36039,13a_2271,1,117,115,0.22221337072876446,13,knot_research.db
36040,13a_2242,1,109,107,0.3189226816186794,13,knot_research.db
36041,13a_2207,1,113,111,0.27895522985813787,13,knot_research.db
36042,13a_2236,1,111,109,0.2715169324073702,13,knot_research.db
36043,13a_2215,1,115,113,0.1853286438538774,13,knot_research.db
36044,13a_2204,1,107,105,0.29831673545157733,13,knot_research.db
36045,13a_2210,1,117,115,0.16709145157322922,13,knot_research.db
36046,13a_2278,1,125,123,0.1516163830643476,13,knot_research.db
36047,13a_2241,1,111,109,0.17999814515664186,13,knot_research.db
36048,13a_2234,1,119,117,0.2415807976461986,13,knot_research.db
36049,13a_2299,1,117,115,0.15432164087705866,13,knot_research.db
36050,13a_2252,1,109,107,0.40825416104891804,13,knot_research.db
36051,13a_2185,1,113,111,0.21042682202228216,13,knot_research.db
36052,13a_2262,1,113,111,0.21408919280224384,13,knot_research.db
36053,13a_2257,1,113,111,0.2312022948670895,13,knot_research.db
36054,13a_2291,1,123,121,0.22831705869611807,13,knot_research.db
36055,13a_2260,1,111,109,0.372509175957332,13,knot_research.db
36056,13a_2206,1,119,117,0.2690650043788447,13,knot_research.db
36057,13a_2203,1,113,111,0.21350142820345555,13,knot_research.db
36058,13a_2224,1,117,115,0.18997942593180972,13,knot_research.db
36059,13a_2248,1,117,115,0.27146415991154604,13,knot_research.db
36060,13a_2256,1,117,115,0.2530964964402308,13,knot_research.db
36061,13a_2227,1,107,105,0.40825416102986756,13,knot_research.db
36062,13a_2253,1,123,121,0.1846590917767187,13,knot_research.db
36063,13a_2249,1,115,113,0.19907432587155713,13,knot_research.db
36064,13a_2235,1,115,113,0.3148546236279936,13,knot_research.db
36065,13a_2261,1,111,109,0.22536526571532567,13,knot_research.db
36066,13a_2277,1,109,107,0.326324189094689,13,knot_research.db
36067,13a_2282,1,113,111,0.29050070110806975,13,knot_research.db
36068,13a_2298,1,117,115,0.15327601902223284,13,knot_research.db
36069,13a_2254,1,117,115,0.19200303872162,13,knot_research.db
36070,13a_2272,1,111,109,0.2985853939658801,13,knot_research.db
36071,13a_2230,1,107,105,0.31069602658422035,13,knot_research.db
36072,13a_2319,1,121,119,0.15072013722979127,13,knot_research.db
36073,13a_2311,1,113,111,0.2899572580091724,13,knot_research.db
36074,13a_2280,1,113,111,0.1155679092910182,13,knot_research.db
36075,13a_2268,1,117,115,0.23473056568578649,13,knot_research.db
36076,13a_2247,1,117,115,0.1371708270126749,13,knot_research.db
36077,13a_2276,1,113,111,0.24354937594667,13,knot_research.db
36078,13a_2244,1,121,119,0.24677770296336418,13,knot_research.db
36079,13a_2223,1,113,111,0.2686445908798736,13,knot_research.db
36080,13a_2269,1,123,121,0.18369776171961966,13,knot_research.db
36081,13a_2297,1,113,111,0.3365354111256313,13,knot_research.db
36082,13a_2302,1,121,119,0.22780731597913725,13,knot_research.db
36083,13a_2273,1,111,109,0.2788284271851186,13,knot_research.db
36084,13a_2255,1,109,107,0.30592540796804996,13,knot_research.db
36085,13a_2226,1,103,101,0.41323450133818906,13,knot_research.db
36086,13a_2331,1,111,109,0.26305495407060736,13,knot_research.db
36087,13a_2281,1,123,121,0.16257078411375572,13,knot_research.db
36088,13a_2250,1,117,115,0.21062110370873743,13,knot_research.db
36089,13a_2288,1,117,115,0.23902191996469774,13,knot_research.db
36090,13a_2318,1,119,117,0.2016599315984292,13,knot_research.db
36091,13a_2292,1,123,121,0.14712016388061794,13,knot_research.db
36092,13a_2274,1,113,111,0.3020626445415917,13,knot_research.db
36093,13a_2296,1,117,115,0.21896738362415952,13,knot_research.db
36094,13a_2339,1,115,113,0.288990797496604,13,knot_research.db
36095,13a_2317,1,129,127,0.14000216772782856,13,knot_research.db
36096,13a_2243,1,121,119,0.23747728630969644,13,knot_research.db
36097,13a_2264,1,121,119,0.18545078643242258,13,knot_research.db
36098,13a_2289,1,129,127,0.12061475842818103,13,knot_research.db
36099,13a_2293,1,117,115,0.20335617086658123,13,knot_research.db
36100,13a_2351,1,111,109,0.30900648126069424,13,knot_research.db
36101,13a_2275,1,119,117,0.16061474436722992,13,knot_research.db
36102,13a_2322,1,117,115,0.14875482982585353,13,knot_research.db
36103,13a_2205,1,107,105,0.3097363755003793,13,knot_research.db
36104,13a_2308,1,113,111,0.21847252070621126,13,knot_research.db
36105,13a_2338,1,109,107,0.31168938577992755,13,knot_research.db
36106,13a_2246,1,123,121,0.1778068993191038,13,knot_research.db
36107,13a_2300,1,123,121,0.20574165515228737,13,knot_research.db
36108,13a_2316,1,121,119,0.2173408760263691,13,knot_research.db
36109,13a_2359,1,117,115,0.22952482335716212,13,knot_research.db
36110,13a_2270,1,121,119,0.15831700403366317,13,knot_research.db
36111,13a_2294,1,113,111,0.16362025969271213,13,knot_research.db
36112,13a_2371,1,107,105,0.39658536823917145,13,knot_research.db
36113,13a_2342,1,113,111,0.31091950094234955,13,knot_research.db
36114,13a_2301,1,113,111,0.15753721433885032,13,knot_research.db
36115,13a_2313,1,113,111,0.26400194865449916,13,knot_research.db
36116,13a_2267,1,115,113,0.26509749006939154,13,knot_research.db
36117,13a_2358,1,119,117,0.1792688107805269,13,knot_research.db
36118,13a_2263,1,115,113,0.13421160751853534,13,knot_research.db
36119,13a_2284,1,115,113,0.1723783485590616,13,knot_research.db
36120,13a_2328,1,117,115,0.26166141008974586,13,knot_research.db
36121,13a_2337,1,111,109,0.2832470325940753,13,knot_research.db
36122,13a_2312,1,129,127,0.16161276375863087,13,knot_research.db
36123,13a_2295,1,119,117,0.22624758103737713,13,knot_research.db
36124,13a_2379,1,115,113,0.2448118707370244,13,knot_research.db
36125,13a_2391,1,119,117,0.2051478911163498,13,knot_research.db
36126,13a_2336,1,119,117,0.25825646641210465,13,knot_research.db
36127,13a_2320,1,107,105,0.3509536874832927,13,knot_research.db
36128,13a_2225,1,115,113,0.22190328663087405,13,knot_research.db
36129,13a_2314,1,115,113,0.32859064451436576,13,knot_research.db
36130,13a_2362,1,115,113,0.1427259327340096,13,knot_research.db
36131,13a_2309,1,119,117,0.19460120092146768,13,knot_research.db
36132,13a_2357,1,123,121,0.20817914061868967,13,knot_research.db
36133,13a_2287,1,117,115,0.16674001175450417,13,knot_research.db
36134,13a_2333,1,117,115,0.18168188305014313,13,knot_research.db
36135,13a_2348,1,115,113,0.24438101659457742,13,knot_research.db
36136,13a_2290,1,123,121,0.20939004798777336,13,knot_research.db
36137,13a_2266,1,111,109,0.2387064636732492,13,knot_research.db
36138,13a_2378,1,117,115,0.1793876939937448,13,knot_research.db
36139,13a_2356,1,111,109,0.20322839773563536,13,knot_research.db
36140,13a_2411,1,121,119,0.22196530589622598,13,knot_research.db
36141,13a_2399,1,111,109,0.2713544077819118,13,knot_research.db
36142,13a_2340,1,109,107,0.24280180395895984,13,knot_research.db
36143,13a_2315,1,105,103,0.37173236254726666,13,knot_research.db
36144,13a_2334,1,115,113,0.14637895601860917,13,knot_research.db
36145,13a_2329,1,111,109,0.21548408297812502,13,knot_research.db
36146,13a_2368,1,117,115,0.3077174584256916,13,knot_research.db
36147,13a_2321,1,105,103,0.37249827864700585,13,knot_research.db
36148,13a_2377,1,117,115,0.2872712538913148,13,knot_research.db
36149,13a_2332,1,111,109,0.23124621865964087,13,knot_research.db
36150,13a_2304,1,109,107,0.24459885623259625,13,knot_research.db
36151,13a_2419,1,111,109,0.2976010135838838,13,knot_research.db
36152,13a_2398,1,107,105,0.27202570665602727,13,knot_research.db
36153,13a_2283,1,123,121,0.1621851586918022,13,knot_research.db
36154,13a_2353,1,113,111,0.29413220616352875,13,knot_research.db
36155,13a_2245,1,115,113,0.21423846028791244,13,knot_research.db
36156,13a_2335,1,117,115,0.2602570699713597,13,knot_research.db
36157,13a_2360,1,113,111,0.23291676158261268,13,knot_research.db
36158,13a_2382,1,119,117,0.17020311560130222,13,knot_research.db
36159,13a_2431,1,117,115,0.19211843856692734,13,knot_research.db
36160,13a_2307,1,115,113,0.21932586524368416,13,knot_research.db
36161,13a_2310,1,117,115,0.21803738188526472,13,knot_research.db
36162,13a_2349,1,113,111,0.15386508255014897,13,knot_research.db
36163,13a_2286,1,123,121,0.13493273542476242,13,knot_research.db
36164,13a_2388,1,111,109,0.30193845435637456,13,knot_research.db
36165,13a_2397,1,115,113,0.3095716448987221,13,knot_research.db
36166,13a_2418,1,115,113,0.27696682209771334,13,knot_research.db
36167,13a_2376,1,117,115,0.2061141950222174,13,knot_research.db
36168,13a_2439,1,121,119,0.20488627129569567,13,knot_research.db
36169,13a_2341,1,107,105,0.3106960265897821,13,knot_research.db
36170,13a_2324,1,117,115,0.24105633597141543,13,knot_research.db
36171,13a_2352,1,109,107,0.19413002614653294,13,knot_research.db
36172,13a_2380,1,115,113,0.21392175608048888,13,knot_research.db
36173,13a_2373,1,119,117,0.253628631965332,13,knot_research.db
36174,13a_2451,1,125,123,0.20728193802464792,13,knot_research.db
36175,13a_2355,1,111,109,0.16098851317080445,13,knot_research.db
36176,13a_2408,1,117,115,0.17852720689742144,13,knot_research.db
36177,13a_2417,1,107,105,0.16036340952223188,13,knot_research.db
36178,13a_2303,1,109,107,0.32918239218862533,13,knot_research.db
36179,13a_2369,1,117,115,0.20985787345312248,13,knot_research.db
36180,13a_2327,1,117,115,0.1975018200898833,13,knot_research.db
36181,13a_2402,1,105,103,0.3604649429665884,13,knot_research.db
36182,13a_2354,1,107,105,0.3116893857868496,13,knot_research.db
36183,13a_2438,1,111,109,0.23247348344965138,13,knot_research.db
36184,13a_2330,1,117,115,0.2635082308694959,13,knot_research.db
36185,13a_2396,1,117,115,0.2320711649703112,13,knot_research.db
36186,13a_2361,1,109,107,0.33323032123997626,13,knot_research.db
36187,13a_2459,1,121,119,0.17226721633093148,13,knot_research.db
36188,13a_2422,1,117,115,0.2079481720129413,13,knot_research.db
36189,13a_2344,1,113,111,0.24658382945857432,13,knot_research.db
36190,13a_2437,1,117,115,0.2453280171202781,13,knot_research.db
36191,13a_2265,1,113,111,0.2789552298649365,13,knot_research.db
36192,13a_2372,1,115,113,0.205978722825717,13,knot_research.db
36193,13a_2428,1,117,115,0.19335226653708043,13,knot_research.db
36194,13a_2375,1,113,111,0.27899487815484064,13,knot_research.db
36195,13a_2393,1,119,117,0.2749781876111178,13,knot_research.db
36196,13a_2400,1,111,109,0.18318388684000042,13,knot_research.db
36197,13a_2471,1,111,109,0.23247348344998853,13,knot_research.db
36198,13a_2389,1,109,107,0.3001602500672471,13,knot_research.db
36199,13a_2323,1,117,115,0.24116776156624808,13,knot_research.db
36200,13a_2374,1,109,107,0.2993310343933537,13,knot_research.db
36201,13a_2347,1,113,111,0.203255927699928,13,knot_research.db
36202,13a_2416,1,113,111,0.2615311027177976,13,knot_research.db
36203,13a_2458,1,115,113,0.17387269089831434,13,knot_research.db
36204,13a_2350,1,117,115,0.20801982620409945,13,knot_research.db
36205,13a_2381,1,111,109,0.23361540147966978,13,knot_research.db
36206,13a_2442,1,111,109,0.2537026323927154,13,knot_research.db
36207,13a_2457,1,115,113,0.16024453193599825,13,knot_research.db
36208,13a_2479,1,117,115,0.18199114376218078,13,knot_research.db
36209,13a_2409,1,117,115,0.16632802875958425,13,knot_research.db
36210,13a_2395,1,117,115,0.17214042084976464,13,knot_research.db
36211,13a_2392,1,109,107,0.38607501576210895,13,knot_research.db
36212,13a_2491,1,117,115,0.2676684676092047,13,knot_research.db
36213,13a_2436,1,117,115,0.1528358742175547,13,knot_research.db
36214,13a_2364,1,121,119,0.20165993159879786,13,knot_research.db
36215,13a_2448,1,119,117,0.24501522103250684,13,knot_research.db
36216,13a_2478,1,121,119,0.1337477567709423,13,knot_research.db
36217,13a_2367,1,119,117,0.10915749645126745,13,knot_research.db
36218,13a_2306,1,115,113,0.27331816608349346,13,knot_research.db
36219,13a_2394,1,113,111,0.18097462327328093,13,knot_research.db
36220,13a_2413,1,115,113,0.25917134047904317,13,knot_research.db
36221,13a_2420,1,109,107,0.27547848029525573,13,knot_research.db
36222,13a_2343,1,115,113,0.2211813217043608,13,knot_research.db
36223,13a_2285,1,117,115,0.0877708215156038,13,knot_research.db
36224,13a_2477,1,119,117,0.1740398133102244,13,knot_research.db
36225,13a_2462,1,113,111,0.09998980503282924,13,knot_research.db
36226,13a_2370,1,115,113,0.2542637580987923,13,knot_research.db
36227,13a_2401,1,115,113,0.24726882159657432,13,knot_research.db
36228,13a_2499,1,111,109,0.2440357609326478,13,knot_research.db
36229,13a_2412,1,121,119,0.20337483642675605,13,knot_research.db
36230,13a_2511,1,111,109,0.2972524443338692,13,knot_research.db
36231,13a_2429,1,109,107,0.3263241891147504,13,knot_research.db
36232,13a_2414,1,111,109,0.3691610130205798,13,knot_research.db
36233,13a_2468,1,123,121,0.2369848086288512,13,knot_research.db
36234,13a_2440,1,115,113,0.31485462360965255,13,knot_research.db
36235,13a_2433,1,115,113,0.2096323852239648,13,knot_research.db
36236,13a_2456,1,119,117,0.228213691117141,13,knot_research.db
36237,13a_2363,1,115,113,0.22118132170493623,13,knot_research.db
36238,13a_2384,1,107,105,0.28616307581205735,13,knot_research.db
36239,13a_2415,1,109,107,0.30927299532005614,13,knot_research.db
36240,13a_2498,1,117,115,0.240642258564294,13,knot_research.db
36241,13a_2519,1,123,121,0.18197893310172542,13,knot_research.db
36242,13a_2421,1,115,113,0.15451316202910562,13,knot_research.db
36243,13a_2497,1,113,111,0.18275006425536144,13,knot_research.db
36244,13a_2531,1,117,115,0.18988342940960853,13,knot_research.db
36245,13a_2449,1,125,123,0.14147006194478315,13,knot_research.db
36246,13a_2326,1,123,121,0.12904012320156136,13,knot_research.db
36247,13a_2390,1,109,107,0.16379940437879473,13,knot_research.db
36248,13a_2432,1,113,111,0.12548368523383552,13,knot_research.db
36249,13a_2434,1,123,121,0.2093900479875919,13,knot_research.db
36250,13a_2488,1,113,111,0.23470228943713325,13,knot_research.db
36251,13a_2387,1,113,111,0.2746967361683277,13,knot_research.db
36252,13a_2404,1,115,113,0.29545249091457554,13,knot_research.db
36253,13a_2518,1,117,115,0.14143996409365975,13,knot_research.db
36254,13a_2435,1,115,113,0.25917134050212076,13,knot_research.db
36255,13a_2460,1,117,115,0.27512697103693307,13,knot_research.db
36256,13a_2476,1,111,109,0.3110930198271842,13,knot_research.db
36257,13a_2539,1,121,119,0.20969493911059542,13,knot_research.db
36258,13a_2383,1,123,121,0.19397043531953506,13,knot_research.db
36259,13a_2551,1,117,115,0.1723106330207534,13,knot_research.db
36260,13a_2453,1,121,119,0.13919414688829573,13,knot_research.db
36261,13a_2517,1,117,115,0.21923005797902528,13,knot_research.db
36262,13a_2441,1,121,119,0.22857466670384896,13,knot_research.db
36263,13a_2508,1,123,121,0.18731580315774107,13,knot_research.db
36264,13a_2410,1,117,115,0.2263394252143421,13,knot_research.db
36265,13a_2496,1,123,121,0.22310965275692948,13,knot_research.db
36266,13a_2407,1,117,115,0.29592592786184946,13,knot_research.db
36267,13a_2480,1,117,115,0.17632322484750457,13,knot_research.db
36268,13a_2424,1,117,115,0.2684974153262967,13,knot_research.db
36269,13a_2454,1,117,115,0.19750182009009756,13,knot_research.db
36270,13a_2455,1,117,115,0.15639379761343702,13,knot_research.db
36271,13a_2469,1,115,113,0.21654033141809984,13,knot_research.db
36272,13a_2537,1,113,111,0.2577196672743772,13,knot_research.db
36273,13a_2538,1,109,107,0.29555903990842863,13,knot_research.db
36274,13a_2559,1,123,121,0.16874127584098386,13,knot_research.db
36275,13a_2482,1,113,111,0.25569159235859074,13,knot_research.db
36276,13a_2571,1,117,115,0.24696141728541365,13,knot_research.db
36277,13a_2403,1,109,107,0.3263241891089439,13,knot_research.db
36278,13a_2461,1,119,117,0.15275835887664976,13,knot_research.db
36279,13a_2452,1,111,109,0.16047088930689984,13,knot_research.db
36280,13a_2528,1,117,115,0.31728251851344186,13,knot_research.db
36281,13a_2516,1,115,113,0.17658904416205282,13,knot_research.db
36282,13a_2430,1,115,113,0.265097490070974,13,knot_research.db
36283,13a_2346,1,117,115,0.2795205170707892,13,knot_research.db
36284,13a_2473,1,123,121,0.1944484672961381,13,knot_research.db
36285,13a_2502,1,119,117,0.16365553869122995,13,knot_research.db
36286,13a_2427,1,123,121,0.11448944600351992,13,knot_research.db
36287,13a_2557,1,117,115,0.19211843856667057,13,knot_research.db
36288,13a_2489,1,117,115,0.19317125354883133,13,knot_research.db
36289,13a_2558,1,111,109,0.38101794788072774,13,knot_research.db
36290,13a_2474,1,111,109,0.11471344046366111,13,knot_research.db
36291,13a_2444,1,123,121,0.18757830094653197,13,knot_research.db
36292,13a_2591,1,111,109,0.3753090859555344,13,knot_research.db
36293,13a_2500,1,113,111,0.29795251236115583,13,knot_research.db
36294,13a_2423,1,115,113,0.31390775778915364,13,knot_research.db
36295,13a_2536,1,113,111,0.2773302324353883,13,knot_research.db
36296,13a_2548,1,115,113,0.2592275935166536,13,knot_research.db
36297,13a_2578,1,123,121,0.1602704439757633,13,knot_research.db
36298,13a_2450,1,123,121,0.20574165515196324,13,knot_research.db
36299,13a_2579,1,117,115,0.2988689196046788,13,knot_research.db
36300,13a_2577,1,123,121,0.1842214127993138,13,knot_research.db
36301,13a_2522,1,117,115,0.2226725305082994,13,knot_research.db
36302,13a_2472,1,121,119,0.1751007651327785,13,knot_research.db
36303,13a_2611,1,117,115,0.20006538243092253,13,knot_research.db
36304,13a_2509,1,121,119,0.17926204596037612,13,knot_research.db
36305,13a_2305,1,117,115,0.2570918809544004,13,knot_research.db
36306,13a_2475,1,123,121,0.17684604974087428,13,knot_research.db
36307,13a_2493,1,117,115,0.14509984249928734,13,knot_research.db
36308,13a_2366,1,117,115,0.18640479264885992,13,knot_research.db
36309,13a_2520,1,111,109,0.22106448040859342,13,knot_research.db
36310,13a_2464,1,125,123,0.12231839065010483,13,knot_research.db
36311,13a_2556,1,109,107,0.314049838556344,13,knot_research.db
36312,13a_2443,1,109,107,0.2788657264283444,13,knot_research.db
36313,13a_2599,1,117,115,0.18267389980151438,13,knot_research.db
36314,13a_2481,1,115,113,0.2954524909242211,13,knot_research.db
36315,13a_2542,1,117,115,0.19750246918294578,13,knot_research.db
36316,13a_2597,1,109,107,0.2957850541738438,13,knot_research.db
36317,13a_2631,1,113,111,0.16925734134653753,13,knot_research.db
36318,13a_2494,1,117,115,0.20038609532948964,13,knot_research.db
36319,13a_2598,1,111,109,0.30113473748135594,13,knot_research.db
36320,13a_2470,1,111,109,0.30476456953468933,13,knot_research.db
36321,13a_2576,1,117,115,0.2502406963176168,13,knot_research.db
36322,13a_2568,1,117,115,0.1091106324323797,13,knot_research.db
36323,13a_2492,1,117,115,0.2772729256294348,13,knot_research.db
36324,13a_2529,1,115,113,0.22118132167353755,13,knot_research.db
36325,13a_2619,1,113,111,0.26202007412183526,13,knot_research.db
36326,13a_2540,1,113,111,0.3104023214615642,13,knot_research.db
36327,13a_2513,1,113,111,0.17707053839430517,13,knot_research.db
36328,13a_2447,1,117,115,0.22325014989203099,13,knot_research.db
36329,13a_2463,1,125,123,0.13097582496548094,13,knot_research.db
36330,13a_2325,1,113,111,0.24658382945299476,13,knot_research.db
36331,13a_2617,1,121,119,0.2633410282158589,13,knot_research.db
36332,13a_2495,1,117,115,0.2959259278635358,13,knot_research.db
36333,13a_2562,1,111,109,0.3616415589331803,13,knot_research.db
36334,13a_2618,1,121,119,0.2609895655906108,13,knot_research.db
36335,13a_2501,1,113,111,0.2183926447443299,13,knot_research.db
36336,13a_2514,1,107,105,0.25398844489480527,13,knot_research.db
36337,13a_2596,1,119,117,0.2449217003545651,13,knot_research.db
36338,13a_2386,1,117,115,0.18666600540144057,13,knot_research.db
36339,13a_2639,1,111,109,0.2446082226789506,13,knot_research.db
36340,13a_2549,1,123,121,0.19814162640734986,13,knot_research.db
36341,13a_2490,1,111,109,0.338488883514626,13,knot_research.db
36342,13a_2512,1,119,117,0.23311992273165272,13,knot_research.db
36343,13a_2582,1,107,105,0.3852239983933564,13,knot_research.db
36344,13a_2560,1,117,115,0.17805153371222443,13,knot_research.db
36345,13a_2651,1,113,111,0.33044057334132165,13,knot_research.db
36346,13a_2637,1,115,113,0.255096065993118,13,knot_research.db
36347,13a_2484,1,107,105,0.2761812732179703,13,knot_research.db
36348,13a_2467,1,115,113,0.22192746978547523,13,knot_research.db
36349,13a_2515,1,115,113,0.26374827279669427,13,knot_research.db
36350,13a_2533,1,115,113,0.25740171730872297,13,knot_research.db
36351,13a_2521,1,119,117,0.1996717666835185,13,knot_research.db
36352,13a_2638,1,111,109,0.24937595312582478,13,knot_research.db
36353,13a_2659,1,109,107,0.32343905557792946,13,knot_research.db
36354,13a_2616,1,119,117,0.1756513862643215,13,knot_research.db
36355,13a_2602,1,105,103,0.3663530124794406,13,knot_research.db
36356,13a_2510,1,115,113,0.24989895681120927,13,knot_research.db
36357,13a_2345,1,117,115,0.21368186535430594,13,knot_research.db
36358,13a_2534,1,113,111,0.2984696217004092,13,knot_research.db
36359,13a_2569,1,113,111,0.20738622644292193,13,knot_research.db
36360,13a_2671,1,109,107,0.3142114386421608,13,knot_research.db
36361,13a_2657,1,115,113,0.33225699958749594,13,knot_research.db
36362,13a_2532,1,109,107,0.2806944710941668,13,knot_research.db
36363,13a_2504,1,117,115,0.2530130653790298,13,knot_research.db
36364,13a_2679,1,125,123,0.17346488407755103,13,knot_research.db
36365,13a_2483,1,113,111,0.2144392143588843,13,knot_research.db
36366,13a_2658,1,107,105,0.4000226909338852,13,knot_research.db
36367,13a_2553,1,111,109,0.2865599291173877,13,knot_research.db
36368,13a_2535,1,117,115,0.2447580505625662,13,knot_research.db
36369,13a_2622,1,111,109,0.2993310343916753,13,knot_research.db
36370,13a_2406,1,113,111,0.30128396688528003,13,knot_research.db
36371,13a_2487,1,109,107,0.31015669305077403,13,knot_research.db
36372,13a_2580,1,109,107,0.17497639046259011,13,knot_research.db
36373,13a_2691,1,123,121,0.2081147248471694,13,knot_research.db
36374,13a_2541,1,117,115,0.2681245204282533,13,knot_research.db
36375,13a_2677,1,123,121,0.1534809062727786,13,knot_research.db
36376,13a_2530,1,115,113,0.25077405376810813,13,knot_research.db
36377,13a_2589,1,115,113,0.1959046463517242,13,knot_research.db
36378,13a_2552,1,111,109,0.32908498881455633,13,knot_research.db
36379,13a_2554,1,103,101,0.25559210285806855,13,knot_research.db
36380,13a_2678,1,125,123,0.16304133608090438,13,knot_research.db
36381,13a_2588,1,121,119,0.2272645019717989,13,knot_research.db
36382,13a_2524,1,119,117,0.2106314752791018,13,knot_research.db
36383,13a_2642,1,107,105,0.37205195935331403,13,knot_research.db
36384,13a_2573,1,115,113,0.1271012380345828,13,knot_research.db
36385,13a_2636,1,117,115,0.29592592786333377,13,knot_research.db
36386,13a_2699,1,129,127,0.15093812768675702,13,knot_research.db
36387,13a_2503,1,111,109,0.28740545282205954,13,knot_research.db
36388,13a_2555,1,107,105,0.3916512620751938,13,knot_research.db
36389,13a_2507,1,115,113,0.11913789907068016,13,knot_research.db
36390,13a_2365,1,123,121,0.20198264267254132,13,knot_research.db
36391,13a_2600,1,115,113,0.23941940656907423,13,knot_research.db
36392,13a_2561,1,113,111,0.2512539113477323,13,knot_research.db
36393,13a_2574,1,129,127,0.17200348935410678,13,knot_research.db
36394,13a_2662,1,113,111,0.30128110305373146,13,knot_research.db
36395,13a_2426,1,111,109,0.2805415017342526,13,knot_research.db
36396,13a_2608,1,111,109,0.2811162182991713,13,knot_research.db
36397,13a_2609,1,117,115,0.22576498967415454,13,knot_research.db
36398,13a_2711,1,113,111,0.25755488910632734,13,knot_research.db
36399,13a_2572,1,117,115,0.29592592786344624,13,knot_research.db
36400,13a_2550,1,129,127,0.19689051863984552,13,knot_research.db
36401,13a_2656,1,117,115,0.2959259278617408,13,knot_research.db
36402,13a_2697,1,125,123,0.18575214225153028,13,knot_research.db
36403,13a_2544,1,107,105,0.31168938575645355,13,knot_research.db
36404,13a_2698,1,117,115,0.17977933296909876,13,knot_research.db
36405,13a_2575,1,111,109,0.3525651217596419,13,knot_research.db
36406,13a_2523,1,119,117,0.15673655827937763,13,knot_research.db
36407,13a_2731,1,115,113,0.21571515483111958,13,knot_research.db
36408,13a_2628,1,109,107,0.2432922085752785,13,knot_research.db
36409,13a_2629,1,109,107,0.29933103438613545,13,knot_research.db
36410,13a_2620,1,115,113,0.20871215252207956,13,knot_research.db
36411,13a_2719,1,123,121,0.19730326831787484,13,knot_research.db
36412,13a_2676,1,123,121,0.12447950114733063,13,knot_research.db
36413,13a_2682,1,117,115,0.20851070868055224,13,knot_research.db
36414,13a_2592,1,109,107,0.34810365866039367,13,knot_research.db
36415,13a_2581,1,107,105,0.36563125017270787,13,knot_research.db
36416,13a_2564,1,111,109,0.14478917929773616,13,knot_research.db
36417,13a_2718,1,121,119,0.21320782541458372,13,knot_research.db
36418,13a_2446,1,109,107,0.2911053564642975,13,knot_research.db
36419,13a_2595,1,113,111,0.28201799912792724,13,knot_research.db
36420,13a_2717,1,119,117,0.11315921343760868,13,knot_research.db
36421,13a_2593,1,119,117,0.20872142306095043,13,knot_research.db
36422,13a_2648,1,107,105,0.3656312501005343,13,knot_research.db
36423,13a_2751,1,121,119,0.14923026161274908,13,knot_research.db
36424,13a_2385,1,111,109,0.2994132239573175,13,knot_research.db
36425,13a_2649,1,107,105,0.35256512179257626,13,knot_research.db
36426,13a_2527,1,107,105,0.38996593423189746,13,knot_research.db
36427,13a_2702,1,127,125,0.13335657622553893,13,knot_research.db
36428,13a_2612,1,117,115,0.2569488777198606,13,knot_research.db
36429,13a_2570,1,123,121,0.19392052394743733,13,knot_research.db
36430,13a_2594,1,113,111,0.1953298913102079,13,knot_research.db
36431,13a_2543,1,109,107,0.30973637550111943,13,knot_research.db
36432,13a_2601,1,107,105,0.3916221949894288,13,knot_research.db
36433,13a_2668,1,111,109,0.3147528415635784,13,knot_research.db
36434,13a_2738,1,119,117,0.2830293510484907,13,knot_research.db
36435,13a_2640,1,109,107,0.3049173966335,13,knot_research.db
36436,13a_2739,1,119,117,0.23968802074467657,13,knot_research.db
36437,13a_2669,1,111,109,0.3336003858646842,13,knot_research.db
36438,13a_2615,1,115,113,0.16167026572249685,13,knot_research.db
36439,13a_2613,1,121,119,0.2416266398621656,13,knot_research.db
36440,13a_2771,1,113,111,0.30856542706832657,13,knot_research.db
36441,13a_2547,1,119,117,0.19057920559603167,13,knot_research.db
36442,13a_2466,1,107,105,0.29692954273059247,13,knot_research.db
36443,13a_2632,1,119,117,0.2577438276258297,13,knot_research.db
36444,13a_2688,1,117,115,0.26999171639279046,13,knot_research.db
36445,13a_2621,1,109,107,0.35551936521754485,13,knot_research.db
36446,13a_2696,1,125,123,0.11027990727388556,13,knot_research.db
36447,13a_2563,1,109,107,0.32467719068525863,13,knot_research.db
36448,13a_2405,1,111,109,0.173417935695265,13,knot_research.db
36449,13a_2758,1,127,125,0.1462181029701419,13,knot_research.db
36450,13a_2737,1,117,115,0.310538217116587,13,knot_research.db
36451,13a_2689,1,117,115,0.12392411168969106,13,knot_research.db
36452,13a_2614,1,125,123,0.23141606431648934,13,knot_research.db
36453,13a_2759,1,121,119,0.21448850168516348,13,knot_research.db
36454,13a_2584,1,133,131,0.16996437491013744,13,knot_research.db
36455,13a_2660,1,111,109,0.2993310343923718,13,knot_research.db
36456,13a_2590,1,111,109,0.3521088752939035,13,knot_research.db
36457,13a_2791,1,119,117,0.10614690592584622,13,knot_research.db
36458,13a_2722,1,119,117,0.21813618744097407,13,knot_research.db
36459,13a_2633,1,109,107,0.20284029294081382,13,knot_research.db
36460,13a_2635,1,113,111,0.2455461341338942,13,knot_research.db
36461,13a_2708,1,113,111,0.20498693171237858,13,knot_research.db
36462,13a_2486,1,117,115,0.27504434560982566,13,knot_research.db
36463,13a_2583,1,123,121,0.1138906142316376,13,knot_research.db
36464,13a_2641,1,111,109,0.31769541169996146,13,knot_research.db
36465,13a_2757,1,121,119,0.2086390904027376,13,knot_research.db
36466,13a_2567,1,111,109,0.29871789562918216,13,knot_research.db
36467,13a_2652,1,105,103,0.35391076909586155,13,knot_research.db
36468,13a_2779,1,125,123,0.20987994281208178,13,knot_research.db
36469,13a_2680,1,117,115,0.2220577141322439,13,knot_research.db
36470,13a_2610,1,117,115,0.17833622845083535,13,knot_research.db
36471,13a_2742,1,111,109,0.29367413424203787,13,knot_research.db
36472,13a_2728,1,109,107,0.3195703872352247,13,knot_research.db
36473,13a_2634,1,115,113,0.28171491238729357,13,knot_research.db
36474,13a_2778,1,123,121,0.2079586753029614,13,knot_research.db
36475,13a_2653,1,105,103,0.2636768547420854,13,knot_research.db
36476,13a_2425,1,111,109,0.2057327923828521,13,knot_research.db
36477,13a_2655,1,109,107,0.3960945314722498,13,knot_research.db
36478,13a_2777,1,119,117,0.15948741692722707,13,knot_research.db
36479,13a_2661,1,117,115,0.27504434561009633,13,knot_research.db
36480,13a_2709,1,113,111,0.1184206484681008,13,knot_research.db
36481,13a_2716,1,117,115,0.20022932073965455,13,knot_research.db
36482,13a_2672,1,107,105,0.38798589438812386,13,knot_research.db
36483,13a_2811,1,129,127,0.16947475079423505,13,knot_research.db
36484,13a_2587,1,123,121,0.19730326831918826,13,knot_research.db
36485,13a_2748,1,111,109,0.2537026323926372,13,knot_research.db
36486,13a_2799,1,121,119,0.18101215080917726,13,knot_research.db
36487,13a_2506,1,115,113,0.24438101659468353,13,knot_research.db
36488,13a_2762,1,115,113,0.1851797885316083,13,knot_research.db
36489,13a_2630,1,115,113,0.24481187071779512,13,knot_research.db
36490,13a_2654,1,109,107,0.3083883010272171,13,knot_research.db
36491,13a_2700,1,113,111,0.18481945588900756,13,knot_research.db
36492,13a_2798,1,119,117,0.11770217354645789,13,knot_research.db
36493,13a_2673,1,109,107,0.39867860738441,13,knot_research.db
36494,13a_2675,1,117,115,0.270853123199133,13,knot_research.db
36495,13a_2681,1,123,121,0.19453845445099735,13,knot_research.db
36496,13a_2604,1,121,119,0.20969493910930148,13,knot_research.db
36497,13a_2736,1,117,115,0.234143586561429,13,knot_research.db
36498,13a_2692,1,129,127,0.15017993152959572,13,knot_research.db
36499,13a_2445,1,125,123,0.15026952506477415,13,knot_research.db
36500,13a_2782,1,109,107,0.17850313445229504,13,knot_research.db
36501,13a_2603,1,117,115,0.2208681289434379,13,knot_research.db
36502,13a_2768,1,113,111,0.296464032862001,13,knot_research.db
36503,13a_2819,1,125,123,0.1776139630386101,13,knot_research.db
36504,13a_2797,1,121,119,0.316044870185433,13,knot_research.db
36505,13a_2729,1,113,111,0.2848254168771564,13,knot_research.db
36506,13a_2674,1,107,105,0.392712747657836,13,knot_research.db
36507,13a_2693,1,117,115,0.21294323012991437,13,knot_research.db
36508,13a_2650,1,109,107,0.3377213755189386,13,knot_research.db
36509,13a_2831,1,117,115,0.1559685681052139,13,knot_research.db
36510,13a_2695,1,113,111,0.2011731442618478,13,knot_research.db
36511,13a_2756,1,123,121,0.1482780455561904,13,knot_research.db
36512,13a_2526,1,113,111,0.2534960070520122,13,knot_research.db
36513,13a_2720,1,119,117,0.32308846186051515,13,knot_research.db
36514,13a_2607,1,121,119,0.18360181562260813,13,knot_research.db
36515,13a_2802,1,117,115,0.22881803811755233,13,knot_research.db
36516,13a_2788,1,119,117,0.23841979479507697,13,knot_research.db
36517,13a_2701,1,119,117,0.21006885081255766,13,knot_research.db
36518,13a_2624,1,117,115,0.29592592787258104,13,knot_research.db
36519,13a_2817,1,121,119,0.18554783649199197,13,knot_research.db
36520,13a_2694,1,121,119,0.20748157491740837,13,knot_research.db
36521,13a_2749,1,111,109,0.30907907151903274,13,knot_research.db
36522,13a_2818,1,123,121,0.1463267010853533,13,knot_research.db
36523,13a_2839,1,115,113,0.23470228939887236,13,knot_research.db
36524,13a_2623,1,115,113,0.28171491225825623,13,knot_research.db
36525,13a_2713,1,117,115,0.2553218891448334,13,knot_research.db
36526,13a_2670,1,111,109,0.23149185959795318,13,knot_research.db
36527,13a_2715,1,119,117,0.3315196982464673,13,knot_research.db
36528,13a_2712,1,115,113,0.2825153359572139,13,knot_research.db
36529,13a_2822,1,117,115,0.20366204812248034,13,knot_research.db
36530,13a_2851,1,115,113,0.2664247570903046,13,knot_research.db
36531,13a_2769,1,109,107,0.39160000155122077,13,knot_research.db
36532,13a_2740,1,109,107,0.32467719068526973,13,knot_research.db
36533,13a_2859,1,115,113,0.13954422110071743,13,knot_research.db
36534,13a_2837,1,109,107,0.31625122529016564,13,knot_research.db
36535,13a_2808,1,117,115,0.22881803812396267,13,knot_research.db
36536,13a_2721,1,123,121,0.19933677547368264,13,knot_research.db
36537,13a_2776,1,123,121,0.10765559029528164,13,knot_research.db
36538,13a_2644,1,109,107,0.30973637548158034,13,knot_research.db
36539,13a_2627,1,117,115,0.24532542501678242,13,knot_research.db
36540,13a_2643,1,107,105,0.3614507680854137,13,knot_research.db
36541,13a_2465,1,127,125,0.15529039851476417,13,knot_research.db
36542,13a_2838,1,109,107,0.3051251305658632,13,knot_research.db
36543,13a_2546,1,107,105,0.33040966714233505,13,knot_research.db
36544,13a_2714,1,121,119,0.19480471895459608,13,knot_research.db
36545,13a_2733,1,123,121,0.18084711918972135,13,knot_research.db
36546,13a_2842,1,125,123,0.1502695250646012,13,knot_research.db
36547,13a_2789,1,117,115,0.2924451853482753,13,knot_research.db
36548,13a_2871,1,111,109,0.36476780901783207,13,knot_research.db
36549,13a_2690,1,127,125,0.15464600684912563,13,knot_research.db
36550,13a_2732,1,125,123,0.19523809673302187,13,knot_research.db
36551,13a_2735,1,125,123,0.1976574549399671,13,knot_research.db
36552,13a_2857,1,123,121,0.1866175170104512,13,knot_research.db
36553,13a_2760,1,119,117,0.2653811534593714,13,knot_research.db
36554,13a_2828,1,121,119,0.18144811183317772,13,knot_research.db
36555,13a_2858,1,129,127,0.1780425048595904,13,knot_research.db
36556,13a_2663,1,113,111,0.1857317064949131,13,knot_research.db
36557,13a_2664,1,115,113,0.3095767745150523,13,knot_research.db
36558,13a_2647,1,111,109,0.17833622845083702,13,knot_research.db
36559,13a_2891,1,121,119,0.13254023629040812,13,knot_research.db
36560,13a_2809,1,113,111,0.13183484940002357,13,knot_research.db
36561,13a_2741,1,109,107,0.36131552427604186,13,knot_research.db
36562,13a_2879,1,113,111,0.2510976391494995,13,knot_research.db
36563,13a_2566,1,117,115,0.25301306537663365,13,knot_research.db
36564,13a_2877,1,113,111,0.29323742838429967,13,knot_research.db
36565,13a_2753,1,115,113,0.13688836430572476,13,knot_research.db
36566,13a_2734,1,115,113,0.11178789372713269,13,knot_research.db
36567,13a_2848,1,115,113,0.23088397491327403,13,knot_research.db
36568,13a_2796,1,113,111,0.20070110329442167,13,knot_research.db
36569,13a_2862,1,117,115,0.295925927850605,13,knot_research.db
36570,13a_2780,1,117,115,0.18030984758766466,13,knot_research.db
36571,13a_2752,1,117,115,0.2237614544887357,13,knot_research.db
36572,13a_2684,1,123,121,0.15816000816614373,13,knot_research.db
36573,13a_2761,1,127,125,0.16879684126237615,13,knot_research.db
36574,13a_2683,1,111,109,0.25717239655703994,13,knot_research.db
36575,13a_2899,1,111,109,0.18716333291821444,13,knot_research.db
36576,13a_2710,1,123,121,0.18408350051725877,13,knot_research.db
36577,13a_2897,1,117,115,0.22226437023110857,13,knot_research.db
36578,13a_2667,1,111,109,0.1783362284508367,13,knot_research.db
36579,13a_2755,1,123,121,0.13997250413306728,13,knot_research.db
36580,13a_2878,1,109,107,0.19531444299947656,13,knot_research.db
36581,13a_2485,1,109,107,0.24979749901911566,13,knot_research.db
36582,13a_2882,1,125,123,0.16016308461234316,13,knot_research.db
36583,13a_2868,1,111,109,0.31091950092405357,13,knot_research.db
36584,13a_2816,1,121,119,0.19841972029190716,13,knot_research.db
36585,13a_2829,1,121,119,0.081014052771006,13,knot_research.db
36586,13a_2586,1,121,119,0.2185782452742505,13,knot_research.db
36587,13a_2773,1,111,109,0.3089136120234886,13,knot_research.db
36588,13a_2772,1,119,117,0.18140185561794558,13,knot_research.db
36589,13a_2917,1,121,119,0.15072013722928146,13,knot_research.db
36590,13a_2898,1,111,109,0.299377171665874,13,knot_research.db
36591,13a_2703,1,121,119,0.2111361762408184,13,knot_research.db
36592,13a_2800,1,115,113,0.2903505305242771,13,knot_research.db
36593,13a_2919,1,113,111,0.2877734052154601,13,knot_research.db
36594,13a_2911,1,123,121,0.209390047987068,13,knot_research.db
36595,13a_2888,1,119,117,0.22969247924273764,13,knot_research.db
36596,13a_2704,1,117,115,0.21113617623600534,13,knot_research.db
36597,13a_2687,1,117,115,0.21980870541661598,13,knot_research.db
36598,13a_2775,1,113,111,0.20573279238416367,13,knot_research.db
36599,13a_2505,1,111,109,0.3347153318301116,13,knot_research.db
36600,13a_2902,1,111,109,0.22629658626089902,13,knot_research.db
36601,13a_2836,1,121,119,0.2144927866677832,13,knot_research.db
36602,13a_2754,1,121,119,0.1891921545060136,13,knot_research.db
36603,13a_2730,1,125,123,0.17219310374724975,13,knot_research.db
36604,13a_2918,1,115,113,0.2540692262466277,13,knot_research.db
36605,13a_2781,1,125,123,0.17242443213213068,13,knot_research.db
36606,13a_2939,1,119,117,0.2362260822760082,13,knot_research.db
36607,13a_2793,1,107,105,0.27534401941370207,13,knot_research.db
36608,13a_2931,1,117,115,0.15704673738681196,13,knot_research.db
36609,13a_2820,1,115,113,0.2009396830367701,13,knot_research.db
36610,13a_2792,1,109,107,0.30973637550207606,13,knot_research.db
36611,13a_2937,1,129,127,0.12309485675592662,13,knot_research.db
36612,13a_2723,1,115,113,0.1879421420301575,13,knot_research.db
36613,13a_2908,1,109,107,0.3512267742768871,13,knot_research.db
36614,13a_2606,1,109,107,0.20871215252207928,13,knot_research.db
36615,13a_2922,1,111,109,0.33059903757135256,13,knot_research.db
36616,13a_2795,1,113,111,0.22913623194269206,13,knot_research.db
36617,13a_2724,1,121,119,0.17024452819020416,13,knot_research.db
36618,13a_2856,1,121,119,0.20622035238919073,13,knot_research.db
36619,13a_2707,1,117,115,0.2557487195443966,13,knot_research.db
36620,13a_2959,1,109,107,0.3491052896062973,13,knot_research.db
36621,13a_2938,1,123,121,0.20574165515207568,13,knot_research.db
36622,13a_2774,1,117,115,0.2553218891419996,13,knot_research.db
36623,13a_2928,1,117,115,0.20794817201324933,13,knot_research.db
36624,13a_2942,1,117,115,0.18317144082391504,13,knot_research.db
36625,13a_2812,1,113,111,0.22632970581643946,13,knot_research.db
36626,13a_2951,1,109,107,0.2704423511310913,13,knot_research.db
36627,13a_2813,1,115,113,0.1825983770664144,13,knot_research.db
36628,13a_2525,1,109,107,0.3244940562318057,13,knot_research.db
36629,13a_2750,1,115,113,0.23704819465159527,13,knot_research.db
36630,13a_2801,1,115,113,0.27843521708109764,13,knot_research.db
36631,13a_2840,1,111,109,0.3030786752196092,13,knot_research.db
36632,13a_2979,1,117,115,0.2424950156842298,13,knot_research.db
36633,13a_2743,1,109,107,0.37340878643434894,13,knot_research.db
36634,13a_2876,1,103,101,0.45447814212336685,13,knot_research.db
36635,13a_2626,1,107,105,0.27001682339417515,13,knot_research.db
36636,13a_2815,1,121,119,0.15690394857221596,13,knot_research.db
36637,13a_2948,1,117,115,0.08164057184961016,13,knot_research.db
36638,13a_2727,1,119,117,0.32942156892246494,13,knot_research.db
36639,13a_2958,1,111,109,0.2692298422552141,13,knot_research.db
36640,13a_2849,1,117,115,0.2905521649310532,13,knot_research.db
36641,13a_2744,1,113,111,0.3860750157796928,13,knot_research.db
36642,13a_2971,1,117,115,0.2673579899499962,13,knot_research.db
36643,13a_2794,1,121,119,0.2387183787099205,13,knot_research.db
36644,13a_2962,1,117,115,0.17664896887115522,13,knot_research.db
36645,13a_2957,1,109,107,0.3512267742958915,13,knot_research.db
36646,13a_2896,1,119,117,0.15801611425138645,13,knot_research.db
36647,13a_2770,1,113,111,0.25263403068648393,13,knot_research.db
36648,13a_2821,1,123,121,0.16536297952173654,13,knot_research.db
36649,13a_2832,1,121,119,0.1660323086835745,13,knot_research.db
36650,13a_2860,1,119,117,0.2554806902687195,13,knot_research.db
36651,13a_2999,1,117,115,0.18729063611080815,13,knot_research.db
36652,13a_2763,1,117,115,0.13163871953641973,13,knot_research.db
36653,13a_2833,1,123,121,0.1557411508596357,13,knot_research.db
36654,13a_2978,1,117,115,0.21062110370874867,13,knot_research.db
36655,13a_2977,1,115,113,0.2998611026274995,13,knot_research.db
36656,13a_2991,1,117,115,0.27050126696692356,13,knot_research.db
36657,13a_2545,1,119,117,0.18649597493525405,13,knot_research.db
36658,13a_2869,1,117,115,0.18997942593189796,13,knot_research.db
36659,13a_2835,1,121,119,0.15961945153579518,13,knot_research.db
36660,13a_2764,1,113,111,0.25497739529924407,13,knot_research.db
36661,13a_2747,1,107,105,0.3081783361731799,13,knot_research.db
36662,13a_2982,1,107,105,0.2955590399097154,13,knot_research.db
36663,13a_2814,1,109,107,0.3162512253923055,13,knot_research.db
36664,13a_2646,1,107,105,0.2524009734715097,13,knot_research.db
36665,13a_2916,1,127,125,0.17359762399040968,13,knot_research.db
36666,13a_2997,1,117,115,0.27984603643145367,13,knot_research.db
36667,13a_2783,1,121,119,0.14048301836643623,13,knot_research.db
36668,13a_2790,1,117,115,0.26978603842895954,13,knot_research.db
36669,13a_3011,1,117,115,0.13945604303053646,13,knot_research.db
36670,13a_2998,1,109,107,0.3234390555311734,13,knot_research.db
36671,13a_3019,1,123,121,0.18817923801997039,13,knot_research.db
36672,13a_2852,1,109,107,0.39984377093579787,13,knot_research.db
36673,13a_2889,1,115,113,0.2030003520689796,13,knot_research.db
36674,13a_2880,1,109,107,0.287039347311709,13,knot_research.db
36675,13a_2841,1,121,119,0.23935889809481434,13,knot_research.db
36676,13a_3002,1,111,109,0.16047088930772585,13,knot_research.db
36677,13a_2767,1,115,113,0.1812205700781607,13,knot_research.db
36678,13a_2784,1,123,121,0.2121816766716705,13,knot_research.db
36679,13a_2834,1,117,115,0.1935151055384651,13,knot_research.db
36680,13a_2565,1,113,111,0.2780225688189007,13,knot_research.db
36681,13a_3018,1,123,121,0.16189187064643643,13,knot_research.db
36682,13a_3017,1,123,121,0.18197893310169,13,knot_research.db
36683,13a_2853,1,111,109,0.27287536378294475,13,knot_research.db
36684,13a_2909,1,113,111,0.24658382946424706,13,knot_research.db
36685,13a_2872,1,113,111,0.2126028797037629,13,knot_research.db
36686,13a_2900,1,119,117,0.20514789111347814,13,knot_research.db
36687,13a_3031,1,121,119,0.11258588141499962,13,knot_research.db
36688,13a_2855,1,125,123,0.20669728220531042,13,knot_research.db
36689,13a_3039,1,123,121,0.24564328072710334,13,knot_research.db
36690,13a_3022,1,129,127,0.107947266529859,13,knot_research.db
36691,13a_2936,1,121,119,0.22465671046965976,13,knot_research.db
36692,13a_2666,1,111,109,0.26794919243112203,13,knot_research.db
36693,13a_2810,1,115,113,0.1878634456192051,13,knot_research.db
36694,13a_2968,1,131,129,0.12980757481502456,13,knot_research.db
36695,13a_2861,1,111,109,0.23240603319040762,13,knot_research.db
36696,13a_2854,1,115,113,0.10722232591717437,13,knot_research.db
36697,13a_2804,1,127,125,0.18334173961182107,13,knot_research.db
36698,13a_2929,1,115,113,0.2954524908162921,13,knot_research.db
36699,13a_2873,1,117,115,0.20872142305938335,13,knot_research.db
36700,13a_3037,1,117,115,0.2640523721858925,13,knot_research.db
36701,13a_3038,1,111,109,0.1934520839931881,13,knot_research.db
36702,13a_2920,1,111,109,0.29941322394711484,13,knot_research.db
36703,13a_3059,1,111,109,0.28118273967610674,13,knot_research.db
36704,13a_2956,1,117,115,0.22576498965639238,13,knot_research.db
36705,13a_2803,1,109,107,0.2957850541490121,13,knot_research.db
36706,13a_2585,1,117,115,0.2119805507910732,13,knot_research.db
36707,13a_2881,1,113,111,0.23156696448682845,13,knot_research.db
36708,13a_2787,1,117,115,0.24933122244001252,13,knot_research.db
36709,13a_2830,1,127,125,0.1267189700569993,13,knot_research.db
36710,13a_2949,1,125,123,0.1309758249656041,13,knot_research.db
36711,13a_3057,1,111,109,0.2898232424969063,13,knot_research.db
36712,13a_2686,1,119,117,0.22726450197313838,13,knot_research.db
36713,13a_2875,1,125,123,0.1163535167245062,13,knot_research.db
36714,13a_3079,1,115,113,0.23704819464510188,13,knot_research.db
36715,13a_2892,1,125,123,0.10033271447184532,13,knot_research.db
36716,13a_2893,1,105,103,0.26527137372176807,13,knot_research.db
36717,13a_3051,1,105,103,0.45572886538845164,13,knot_research.db
36718,13a_2940,1,121,119,0.1993622908299513,13,knot_research.db
36719,13a_2976,1,115,113,0.3106651829137767,13,knot_research.db
36720,13a_3042,1,111,109,0.2617748407847456,13,knot_research.db
36721,13a_2823,1,117,115,0.09488090571226358,13,knot_research.db
36722,13a_2988,1,121,119,0.2262616833016871,13,knot_research.db
36723,13a_3077,1,115,113,0.12933199358297084,13,knot_research.db
36724,13a_2807,1,123,121,0.18236675387252532,13,knot_research.db
36725,13a_2901,1,109,107,0.26475159317805796,13,knot_research.db
36726,13a_3071,1,123,121,0.1944484672698216,13,knot_research.db
36727,13a_3058,1,113,111,0.16218044567772408,13,knot_research.db
36728,13a_2824,1,123,121,0.14495013923562453,13,knot_research.db
36729,13a_2913,1,109,107,0.2876849425794002,13,knot_research.db
36730,13a_3099,1,131,129,0.15376376350613466,13,knot_research.db
36731,13a_2996,1,119,117,0.24614406685613507,13,knot_research.db
36732,13a_2874,1,129,127,0.12671903172239585,13,knot_research.db
36733,13a_3008,1,125,123,0.1892374951123345,13,knot_research.db
36734,13a_2706,1,117,115,0.24190651108961184,13,knot_research.db
36735,13a_2960,1,119,117,0.19465707406953894,13,knot_research.db
36736,13a_2605,1,111,109,0.25316235547908206,13,knot_research.db
36737,13a_2969,1,131,129,0.1283299807994885,13,knot_research.db
36738,13a_2921,1,115,113,0.29937717167275857,13,knot_research.db
36739,13a_3078,1,113,111,0.2959259278451075,13,knot_research.db
36740,13a_3091,1,107,105,0.38522399824406,13,knot_research.db
36741,13a_2933,1,107,105,0.32828846597334305,13,knot_research.db
36742,13a_3016,1,125,123,0.13018519130460535,13,knot_research.db
36743,13a_2850,1,119,117,0.10802055249283246,13,knot_research.db
36744,13a_3062,1,111,109,0.3409953801198731,13,knot_research.db
36745,13a_2827,1,119,117,0.13546081504007118,13,knot_research.db
36746,13a_2895,1,113,111,0.18097462327312183,13,knot_research.db
36747,13a_3097,1,117,115,0.19806226419516124,13,knot_research.db
36748,13a_2844,1,113,111,0.28675422124438005,13,knot_research.db
36749,13a_2843,1,129,127,0.14000216772765708,13,knot_research.db
36750,13a_3028,1,107,105,0.3550745070880566,13,knot_research.db
36751,13a_3111,1,123,121,0.1775666680606628,13,knot_research.db
36752,13a_3098,1,121,119,0.23188361728466633,13,knot_research.db
36753,13a_2980,1,115,113,0.18893396216058445,13,knot_research.db
36754,13a_3119,1,109,107,0.34810365866800197,13,knot_research.db
36755,13a_2953,1,111,109,0.2993902217072987,13,knot_research.db
36756,13a_3082,1,117,115,0.31885782501121657,13,knot_research.db
36757,13a_2912,1,111,109,0.24403576093225238,13,knot_research.db
36758,13a_2941,1,109,107,0.2720257066538291,13,knot_research.db
36759,13a_2726,1,121,119,0.14622945641869164,13,knot_research.db
36760,13a_2915,1,121,119,0.2019826426716021,13,knot_research.db
36761,13a_2625,1,113,111,0.2787382317784162,13,knot_research.db
36762,13a_3048,1,117,115,0.26602149439039924,13,knot_research.db
36763,13a_2894,1,113,111,0.2746967361691117,13,knot_research.db
36764,13a_2989,1,113,111,0.19278940919155507,13,knot_research.db
36765,13a_3117,1,117,115,0.26794919243112353,13,knot_research.db
36766,13a_3139,1,117,115,0.2532084853757028,13,knot_research.db
36767,13a_2864,1,115,113,0.22830042272958762,13,knot_research.db
36768,13a_3102,1,125,123,0.19043381514007715,13,knot_research.db
36769,13a_3036,1,113,111,0.16181988911549774,13,knot_research.db
36770,13a_3118,1,109,107,0.39421335921862893,13,knot_research.db
36771,13a_3000,1,109,107,0.34940834182970726,13,knot_research.db
36772,13a_2932,1,109,107,0.3001602500673816,13,knot_research.db
36773,13a_2973,1,111,109,0.29342808725469505,13,knot_research.db
36774,13a_3131,1,113,111,0.2946159605956944,13,knot_research.db
36775,13a_2961,1,111,109,0.16127140263235518,13,knot_research.db
36776,13a_3068,1,117,115,0.24838524335193135,13,knot_research.db
36777,13a_3137,1,135,133,0.11737185430601936,13,knot_research.db
36778,13a_2870,1,107,105,0.3256017653237777,13,knot_research.db
36779,13a_2914,1,117,115,0.18660401256820053,13,knot_research.db
36780,13a_2847,1,117,115,0.25333009585669597,13,knot_research.db
36781,13a_2935,1,121,119,0.2201912662187342,13,knot_research.db
36782,13a_3009,1,113,111,0.2049869317189304,13,knot_research.db
36783,13a_2863,1,123,121,0.16860943445793947,13,knot_research.db
36784,13a_3159,1,119,117,0.25619126076501275,13,knot_research.db
36785,13a_3138,1,123,121,0.11797704304518034,13,knot_research.db
36786,13a_3151,1,115,113,0.17897173246050568,13,knot_research.db
36787,13a_3020,1,127,125,0.1634240423498406,13,knot_research.db
36788,13a_3056,1,107,105,0.3195703872295737,13,knot_research.db
36789,13a_2952,1,113,111,0.3128093023484211,13,knot_research.db
36790,13a_2645,1,107,105,0.19441662210176622,13,knot_research.db
36791,13a_2981,1,117,115,0.21923005798229767,13,knot_research.db
36792,13a_2884,1,115,113,0.1865136867473571,13,knot_research.db
36793,13a_2993,1,117,115,0.18603299732967266,13,knot_research.db
36794,13a_3122,1,111,109,0.3448006270501754,13,knot_research.db
36795,13a_2746,1,115,113,0.3110410407378596,13,knot_research.db
36796,13a_3088,1,111,109,0.3147528415454048,13,knot_research.db
36797,13a_3029,1,113,111,0.25472137958795443,13,knot_research.db
36798,13a_3179,1,123,121,0.2609895655870287,13,knot_research.db
36799,13a_2890,1,117,115,0.25309649644120885,13,knot_research.db
36800,13a_3076,1,115,113,0.25287220148877465,13,knot_research.db
36801,13a_2867,1,111,109,0.3089136120248033,13,knot_research.db
36802,13a_2934,1,127,125,0.14749531503672925,13,knot_research.db
36803,13a_2955,1,117,115,0.2993567540778765,13,knot_research.db
36804,13a_3171,1,117,115,0.28359076327378546,13,knot_research.db
36805,13a_3142,1,129,127,0.09864429258479247,13,knot_research.db
36806,13a_2883,1,117,115,0.2477729177951015,13,knot_research.db
36807,13a_2972,1,117,115,0.2681245204345903,13,knot_research.db
36808,13a_2904,1,105,103,0.27202570664370224,13,knot_research.db
36809,13a_3108,1,113,111,0.27504434560204033,13,knot_research.db
36810,13a_3049,1,111,109,0.35105774460289646,13,knot_research.db
36811,13a_3001,1,117,115,0.2959259278532652,13,knot_research.db
36812,13a_3096,1,123,121,0.12061475842818206,13,knot_research.db
36813,13a_3013,1,119,117,0.18919938067422434,13,knot_research.db
36814,13a_3199,1,117,115,0.29434022403680354,13,knot_research.db
36815,13a_2887,1,109,107,0.2788657264332298,13,knot_research.db
36816,13a_2766,1,113,111,0.2130656667122424,13,knot_research.db
36817,13a_3191,1,117,115,0.2621533723885506,13,knot_research.db
36818,13a_2910,1,113,111,0.13612402125079462,13,knot_research.db
36819,13a_3040,1,117,115,0.24854221973760812,13,knot_research.db
36820,13a_3157,1,111,109,0.24280514912158513,13,knot_research.db
36821,13a_3158,1,113,111,0.25755488908604196,13,knot_research.db
36822,13a_3128,1,113,111,0.28120828994045866,13,knot_research.db
36823,13a_2975,1,107,105,0.18288877336727166,13,knot_research.db
36824,13a_3069,1,111,109,0.32677434618046125,13,knot_research.db
36825,13a_2924,1,115,113,0.27469673617105206,13,knot_research.db
36826,13a_2665,1,113,111,0.31239714411120806,13,knot_research.db
36827,13a_2992,1,117,115,0.21803738188492308,13,knot_research.db
36828,13a_2903,1,119,117,0.2374772863025744,13,knot_research.db
36829,13a_3021,1,117,115,0.08331815756493845,13,knot_research.db
36830,13a_3219,1,113,111,0.2643379688282954,13,knot_research.db
36831,13a_2954,1,119,117,0.19502633385938478,13,knot_research.db
36832,13a_3211,1,125,123,0.23919475487217298,13,knot_research.db
36833,13a_3116,1,117,115,0.17675228984710084,13,knot_research.db
36834,13a_2907,1,131,129,0.15924312788228262,13,knot_research.db
36835,13a_3177,1,125,123,0.264593253449569,13,knot_research.db
36836,13a_3033,1,127,125,0.1073168246493073,13,knot_research.db
36837,13a_3089,1,111,109,0.3091849855368428,13,knot_research.db
36838,13a_2995,1,111,109,0.30483023084934574,13,knot_research.db
36839,13a_3148,1,107,105,0.46740886285619576,13,knot_research.db
36840,13a_3178,1,113,111,0.25083063204337724,13,knot_research.db
36841,13a_3060,1,109,107,0.40986698258025317,13,knot_research.db
36842,13a_2944,1,121,119,0.16227936242597332,13,knot_research.db
36843,13a_3239,1,117,115,0.2685794048109031,13,knot_research.db
36844,13a_3012,1,121,119,0.13385471753627545,13,knot_research.db
36845,13a_2923,1,113,111,0.1772572780298631,13,knot_research.db
36846,13a_2786,1,125,123,0.14502014000384011,13,knot_research.db
36847,13a_3136,1,123,121,0.15438460302068932,13,knot_research.db
36848,13a_3168,1,117,115,0.27050126696456706,13,knot_research.db
36849,13a_3109,1,109,107,0.24979749903520956,13,knot_research.db
36850,13a_2685,1,119,117,0.13740150472230714,13,knot_research.db
36851,13a_3198,1,123,121,0.197626954707777,13,knot_research.db
36852,13a_3197,1,117,115,0.2626607288819546,13,knot_research.db
36853,13a_2974,1,113,111,0.3089429717725394,13,knot_research.db
36854,13a_3231,1,117,115,0.2508306321734168,13,knot_research.db
36855,13a_3080,1,113,111,0.26891164771835163,13,knot_research.db
36856,13a_3015,1,115,113,0.17888227157531825,13,knot_research.db
36857,13a_3162,1,125,123,0.23123152883981232,13,knot_research.db
36858,13a_3259,1,109,107,0.2576246428724964,13,knot_research.db
36859,13a_2930,1,111,109,0.3027804627896517,13,knot_research.db
36860,13a_3129,1,117,115,0.2453280171381247,13,knot_research.db
36861,13a_3188,1,113,111,0.25762464285870085,13,knot_research.db
36862,13a_2964,1,117,115,0.21692918303533,13,knot_research.db
36863,13a_3217,1,107,105,0.1804555162123936,13,knot_research.db
36864,13a_3156,1,117,115,0.19933677547370615,13,knot_research.db
36865,13a_2943,1,113,111,0.1124556284291266,13,knot_research.db
36866,13a_3251,1,123,121,0.18832719806107318,13,knot_research.db
36867,13a_3279,1,119,117,0.27092234402616194,13,knot_research.db
36868,13a_3218,1,123,121,0.19264370478937407,13,knot_research.db
36869,13a_2994,1,109,107,0.3244940562318329,13,knot_research.db
36870,13a_2927,1,119,117,0.14096199538243961,13,knot_research.db
36871,13a_3032,1,123,121,0.1072673886552758,13,knot_research.db
36872,13a_3035,1,113,111,0.17717837510788717,13,knot_research.db
36873,13a_3208,1,121,119,0.25512278818789025,13,knot_research.db
36874,13a_3149,1,107,105,0.40113560911785423,13,knot_research.db
36875,13a_3182,1,113,111,0.2316583235299758,13,knot_research.db
36876,13a_3100,1,119,117,0.1881653016380972,13,knot_research.db
36877,13a_2950,1,121,119,0.14724550788308766,13,knot_research.db
36878,13a_2984,1,119,117,0.18526748630096387,13,knot_research.db
36879,13a_3299,1,121,119,0.18554783649259365,13,knot_research.db
36880,13a_3271,1,121,119,0.26558386620111823,13,knot_research.db
36881,13a_3176,1,121,119,0.18889034830007606,13,knot_research.db
36882,13a_3014,1,129,127,0.16161276375866426,13,knot_research.db
36883,13a_2806,1,115,113,0.2692372661259974,13,knot_research.db
36884,13a_3169,1,113,111,0.2684742121791358,13,knot_research.db
36885,13a_2705,1,123,121,0.1755437659191531,13,knot_research.db
36886,13a_3237,1,117,115,0.2685794048102666,13,knot_research.db
36887,13a_3238,1,113,111,0.2810371520207392,13,knot_research.db
36888,13a_3228,1,121,119,0.264839403170983,13,knot_research.db
36889,13a_3053,1,113,111,0.27757350618864685,13,knot_research.db
36890,13a_3202,1,119,117,0.21438835263389758,13,knot_research.db
36891,13a_2947,1,119,117,0.13547609385567025,13,knot_research.db
36892,13a_3041,1,113,111,0.25412594660037835,13,knot_research.db
36893,13a_3189,1,117,115,0.2705012669672598,13,knot_research.db
36894,13a_3291,1,109,107,0.30054540773445204,13,knot_research.db
36895,13a_3319,1,119,117,0.22657525580814125,13,knot_research.db
36896,13a_2963,1,117,115,0.22952482335461769,13,knot_research.db
36897,13a_3257,1,123,121,0.2609895655909396,13,knot_research.db
36898,13a_3258,1,119,117,0.27092234402624105,13,knot_research.db
36899,13a_3196,1,117,115,0.25362173830002926,13,knot_research.db
36900,13a_3222,1,107,105,0.16440650409013144,13,knot_research.db
36901,13a_3248,1,115,113,0.1927446201106362,13,knot_research.db
36902,13a_2970,1,113,111,0.20644961166256703,13,knot_research.db
36903,13a_3073,1,117,115,0.18401371788503865,13,knot_research.db
36904,13a_3055,1,113,111,0.27497868253996,13,knot_research.db
36905,13a_3004,1,127,125,0.15529039851468052,13,knot_research.db
36906,13a_3120,1,123,121,0.1901563434501143,13,knot_research.db
36907,13a_3311,1,123,121,0.2209445131176214,13,knot_research.db
36908,13a_3209,1,119,117,0.2384359506134022,13,knot_research.db
36909,13a_2826,1,123,121,0.17974391953298557,13,knot_research.db
36910,13a_3052,1,111,109,0.2636762524173795,13,knot_research.db
36911,13a_3278,1,115,113,0.2787946555140673,13,knot_research.db
36912,13a_3061,1,109,107,0.3579424017292945,13,knot_research.db
36913,13a_3339,1,113,111,0.293461914788451,13,knot_research.db
36914,13a_3277,1,107,105,0.2617748407808662,13,knot_research.db
36915,13a_3034,1,111,109,0.2621362508086827,13,knot_research.db
36916,13a_2983,1,119,117,0.23747728632700016,13,knot_research.db
36917,13a_3242,1,117,115,0.2769635996536661,13,knot_research.db
36918,13a_3216,1,111,109,0.24604869894941608,13,knot_research.db
36919,13a_3268,1,115,113,0.24001784317774066,13,knot_research.db
36920,13a_2725,1,123,121,0.24196094645311758,13,knot_research.db
36921,13a_2990,1,111,109,0.28257785170254424,13,knot_research.db
36922,13a_3075,1,113,111,0.31236356516414737,13,knot_research.db
36923,13a_3229,1,119,117,0.22834805677991002,13,knot_research.db
36924,13a_3093,1,129,127,0.12894485308224138,13,knot_research.db
36925,13a_3359,1,115,113,0.23836841766975142,13,knot_research.db
36926,13a_3298,1,113,111,0.438155512851447,13,knot_research.db
36927,13a_2967,1,117,115,0.14040268331179906,13,knot_research.db
36928,13a_3297,1,111,109,0.16178772748862458,13,knot_research.db
36929,13a_3262,1,107,105,0.2484862735683268,13,knot_research.db
36930,13a_3140,1,117,115,0.20871215252207986,13,knot_research.db
36931,13a_3081,1,117,115,0.25569159236987293,13,knot_research.db
36932,13a_3288,1,109,107,0.22897531129761858,13,knot_research.db
36933,13a_3072,1,115,113,0.13615903057518297,13,knot_research.db
36934,13a_3331,1,117,115,0.21597125204209483,13,knot_research.db
36935,13a_3236,1,115,113,0.25083063217585894,13,knot_research.db
36936,13a_3054,1,111,109,0.16018683539397052,13,knot_research.db
36937,13a_3024,1,117,115,0.29592592785664584,13,knot_research.db
36938,13a_3003,1,119,117,0.17926204596020429,13,knot_research.db
36939,13a_3318,1,127,125,0.17133950501688694,13,knot_research.db
36940,13a_3010,1,131,129,0.18150464337747835,13,knot_research.db
36941,13a_3249,1,121,119,0.22870749539093022,13,knot_research.db
36942,13a_3379,1,113,111,0.20871215252207964,13,knot_research.db
36943,13a_3095,1,123,121,0.212240960962706,13,knot_research.db
36944,13a_3282,1,107,105,0.2422637530285254,13,knot_research.db
36945,13a_2846,1,117,115,0.27695006870393446,13,knot_research.db
36946,13a_3351,1,105,103,0.3819660112501046,13,knot_research.db
36947,13a_3256,1,107,105,0.16446545182102967,13,knot_research.db
36948,13a_3308,1,117,115,0.2230355664676967,13,knot_research.db
36949,13a_3101,1,117,115,0.13919414688829687,13,knot_research.db
36950,13a_3160,1,119,117,0.14548492766150498,13,knot_research.db
36951,13a_2987,1,117,115,0.20241397512126436,13,knot_research.db
36952,13a_3044,1,117,115,0.26215337238732217,13,knot_research.db
36953,13a_3317,1,115,113,0.28251533594877126,13,knot_research.db
36954,13a_2745,1,119,117,0.253353185718652,13,knot_research.db
36955,13a_3399,1,113,111,0.3768429574415498,13,knot_research.db
36956,13a_3276,1,117,115,0.2772729256449769,13,knot_research.db
36957,13a_3269,1,127,125,0.18653360326909094,13,knot_research.db
36958,13a_3302,1,115,113,0.2588057677769701,13,knot_research.db
36959,13a_3113,1,133,131,0.11385390350051516,13,knot_research.db
36960,13a_3371,1,115,113,0.2482410008331724,13,knot_research.db
36961,13a_3338,1,115,113,0.22706718475309506,13,knot_research.db
36962,13a_3328,1,113,111,0.29234216167769866,13,knot_research.db
36963,13a_3023,1,117,115,0.23644687661025404,13,knot_research.db
36964,13a_3337,1,121,119,0.19231226805079318,13,knot_research.db
36965,13a_3121,1,115,113,0.146977153264084,13,knot_research.db
36966,13a_3115,1,125,123,0.18582021196946819,13,knot_research.db
36967,13a_3092,1,123,121,0.0810140527710041,13,knot_research.db
36968,13a_3419,1,117,115,0.26024613463680607,13,knot_research.db
36969,13a_3074,1,109,107,0.36487496538385056,13,knot_research.db
36970,13a_3296,1,119,117,0.2655838662171751,13,knot_research.db
36971,13a_3064,1,107,105,0.2104665514855575,13,knot_research.db
36972,13a_2866,1,117,115,0.27526380915767823,13,knot_research.db
36973,13a_3007,1,117,115,0.19633117906841552,13,knot_research.db
36974,13a_3322,1,113,111,0.1356914780458093,13,knot_research.db
36975,13a_3030,1,125,123,0.1791530017391243,13,knot_research.db
36976,13a_3391,1,119,117,0.2025973165559472,13,knot_research.db
36977,13a_3180,1,121,119,0.2754734596303395,13,knot_research.db
36978,13a_3358,1,115,113,0.14571403693164728,13,knot_research.db
36979,13a_3348,1,105,103,0.35518800630972946,13,knot_research.db
36980,13a_3289,1,115,113,0.19822702672591283,13,knot_research.db
36981,13a_3043,1,117,115,0.27110150013739653,13,knot_research.db
36982,13a_3357,1,117,115,0.27696359965802214,13,knot_research.db
36983,13a_3439,1,107,105,0.40825416103051526,13,knot_research.db
36984,13a_3094,1,121,119,0.13162708769703646,13,knot_research.db
36985,13a_3316,1,107,105,0.18045551621152775,13,knot_research.db
36986,13a_3411,1,105,103,0.35468157131885114,13,knot_research.db
36987,13a_3084,1,111,109,0.18069068436199978,13,knot_research.db
36988,13a_2765,1,111,109,0.26784128155835285,13,knot_research.db
36989,13a_3368,1,105,103,0.3667564770299077,13,knot_research.db
36990,13a_3200,1,113,111,0.2400178431773706,13,knot_research.db
36991,13a_3135,1,127,125,0.1722549354562314,13,knot_research.db
36992,13a_3342,1,131,129,0.1308926299177351,13,knot_research.db
36993,13a_3459,1,111,109,0.3365085754870013,13,knot_research.db
36994,13a_2886,1,119,117,0.2319085615993778,13,knot_research.db
36995,13a_3377,1,109,107,0.15136255729258302,13,knot_research.db
36996,13a_3063,1,113,111,0.21762341746066197,13,knot_research.db
36997,13a_3378,1,119,117,0.20871215252207964,13,knot_research.db
36998,13a_3141,1,129,127,0.1429144991970607,13,knot_research.db
36999,13a_3050,1,109,107,0.3189226816136981,13,knot_research.db
37000,13a_3309,1,113,111,0.19842403069536702,13,knot_research.db
37001,13a_3431,1,121,119,0.24575654028442073,13,knot_research.db
37002,13a_3027,1,105,103,0.36635301244173885,13,knot_research.db
37003,13a_3336,1,105,103,0.13919414688829648,13,knot_research.db
37004,13a_3479,1,111,109,0.2801727201298799,13,knot_research.db
37005,13a_3388,1,109,107,0.38838461809443586,13,knot_research.db
37006,13a_3114,1,129,127,0.1644847637517703,13,knot_research.db
37007,13a_3133,1,125,123,0.16473859154117534,13,knot_research.db
37008,13a_3104,1,125,123,0.12682187859219296,13,knot_research.db
37009,13a_2785,1,119,117,0.23081952418628418,13,knot_research.db
37010,13a_3220,1,119,117,0.25692065014135046,13,knot_research.db
37011,13a_3083,1,109,107,0.35889131679123043,13,knot_research.db
37012,13a_3112,1,115,113,0.17290908471479804,13,knot_research.db
37013,13a_3398,1,119,117,0.20644913842694484,13,knot_research.db
37014,13a_3329,1,113,111,0.21221427521220007,13,knot_research.db
37015,13a_3499,1,117,115,0.25774382762721415,13,knot_research.db
37016,13a_3070,1,113,111,0.26214527718783365,13,knot_research.db
37017,13a_3397,1,109,107,0.22411795542677448,13,knot_research.db
37018,13a_3408,1,121,119,0.1855478364924236,13,knot_research.db
37019,13a_3155,1,119,117,0.28742014405362015,13,knot_research.db
37020,13a_3047,1,119,117,0.24456746763756138,13,knot_research.db
37021,13a_3451,1,127,125,0.1621011356680508,13,knot_research.db
37022,13a_3362,1,121,119,0.18918270147895286,13,knot_research.db
37023,13a_3356,1,111,109,0.3204667512783889,13,knot_research.db
37024,13a_3417,1,115,113,0.397060858903633,13,knot_research.db
37025,13a_3349,1,119,117,0.2655838662113403,13,knot_research.db
37026,13a_2906,1,105,103,0.36046494294781956,13,knot_research.db
37027,13a_3103,1,111,109,0.25336189765638883,13,knot_research.db
37028,13a_3240,1,109,107,0.25882760099969526,13,knot_research.db
37029,13a_3418,1,111,109,0.32448450347907803,13,knot_research.db
37030,13a_3132,1,113,111,0.13919414688829615,13,knot_research.db
37031,13a_3153,1,111,109,0.3133685986490727,13,knot_research.db
37032,13a_3519,1,107,105,0.23779731131706833,13,knot_research.db
37033,13a_3161,1,123,121,0.23544777332236605,13,knot_research.db
37034,13a_3428,1,103,101,0.37098796253869465,13,knot_research.db
37035,13a_3175,1,123,121,0.22852407439030922,13,knot_research.db
37036,13a_3376,1,109,107,0.2576246428584789,13,knot_research.db
37037,13a_3090,1,113,111,0.26442176694688174,13,knot_research.db
37038,13a_3134,1,119,117,0.22480946836890353,13,knot_research.db
37039,13a_3382,1,119,117,0.27438430845308026,13,knot_research.db
37040,13a_2805,1,113,111,0.21656535270045787,13,knot_research.db
37041,13a_3067,1,111,109,0.3051148185590712,13,knot_research.db
37042,13a_3437,1,107,105,0.3318811689885998,13,knot_research.db
37043,13a_3448,1,107,105,0.3318811690212828,13,knot_research.db
37044,13a_3438,1,103,101,0.42070661450876223,13,knot_research.db
37045,13a_3369,1,117,115,0.20006299698457605,13,knot_research.db
37046,13a_3260,1,121,119,0.22050111339985778,13,knot_research.db
37047,13a_3539,1,115,113,0.23145856147124916,13,knot_research.db
37048,13a_3471,1,107,105,0.3318811688898405,13,knot_research.db
37049,13a_3173,1,115,113,0.25762464286118136,13,knot_research.db
37050,13a_3123,1,127,125,0.15954841659726499,13,knot_research.db
37051,13a_2926,1,117,115,0.27696682209762136,13,knot_research.db
37052,13a_3396,1,111,109,0.33213823055296493,13,knot_research.db
37053,13a_3181,1,107,105,0.2331259768003604,13,knot_research.db
37054,13a_3457,1,113,111,0.1788411171141885,13,knot_research.db
37055,13a_3124,1,121,119,0.1269860711472189,13,knot_research.db
37056,13a_3458,1,119,117,0.2446752456729827,13,knot_research.db
37057,13a_3468,1,113,111,0.18353278230357448,13,knot_research.db
37058,13a_3402,1,107,105,0.466748062859835,13,knot_research.db
37059,13a_3087,1,109,107,0.3322290228530969,13,knot_research.db
37060,13a_3491,1,117,115,0.31236253330604236,13,knot_research.db
37061,13a_3389,1,119,117,0.24326142011979882,13,knot_research.db
37062,13a_3195,1,107,105,0.24226375302998132,13,knot_research.db
37063,13a_3559,1,117,115,0.25532188915609094,13,knot_research.db
37064,13a_3110,1,117,115,0.11339035484993903,13,knot_research.db
37065,13a_3154,1,113,111,0.21236565934740845,13,knot_research.db
37066,13a_3152,1,115,113,0.24866007650837194,13,knot_research.db
37067,13a_3416,1,113,111,0.1835327823030758,13,knot_research.db
37068,13a_3193,1,119,117,0.27030876621228644,13,knot_research.db
37069,13a_3280,1,115,113,0.2810431270525129,13,knot_research.db
37070,13a_3422,1,117,115,0.264441906956929,13,knot_research.db
37071,13a_3478,1,99,97,0.6064598028006017,13,knot_research.db
37072,13a_3201,1,125,123,0.2025099324139007,13,knot_research.db
37073,13a_3488,1,111,109,0.28054150174300674,13,knot_research.db
37074,13a_3511,1,117,115,0.24475805056302435,13,knot_research.db
37075,13a_3107,1,111,109,0.23039829861150687,13,knot_research.db
37076,13a_2946,1,121,119,0.21021642618008365,13,knot_research.db
37077,13a_3409,1,107,105,0.42722507221110645,13,knot_research.db
37078,13a_3579,1,111,109,0.1941903087110273,13,knot_research.db
37079,13a_3215,1,125,123,0.19411973576752656,13,knot_research.db
37080,13a_3477,1,101,99,0.44981686084744205,13,knot_research.db
37081,13a_3498,1,113,111,0.3819660112501047,13,knot_research.db
37082,13a_3143,1,117,115,0.07294393520639024,13,knot_research.db
37083,13a_3172,1,121,119,0.209503445561339,13,knot_research.db
37084,13a_3174,1,125,123,0.16587471813474045,13,knot_research.db
37085,13a_3213,1,119,117,0.26710215349799765,13,knot_research.db
37086,13a_3300,1,125,123,0.22722223417114826,13,knot_research.db
37087,13a_3442,1,107,105,0.38549152027660577,13,knot_research.db
37088,13a_3508,1,115,113,0.2550960659919258,13,knot_research.db
37089,13a_3497,1,109,107,0.2745945970518524,13,knot_research.db
37090,13a_3436,1,113,111,0.2988689195990599,13,knot_research.db
37091,13a_3599,1,109,107,0.24748679548970023,13,knot_research.db
37092,13a_3531,1,117,115,0.25532188915529896,13,knot_research.db
37093,13a_3429,1,109,107,0.26556939761801623,13,knot_research.db
37094,13a_3518,1,121,119,0.2703087662149214,13,knot_research.db
37095,13a_2825,1,113,111,0.14507860022627564,13,knot_research.db
37096,13a_3221,1,121,119,0.25097060232185825,13,knot_research.db
37097,13a_3462,1,117,115,0.23348269666111338,13,knot_research.db
37098,13a_3144,1,113,111,0.24969963389854843,13,knot_research.db
37099,13a_3528,1,111,109,0.23870646367349385,13,knot_research.db
37100,13a_3130,1,109,107,0.32669028674413264,13,knot_research.db
37101,13a_3517,1,105,103,0.30430809328041686,13,knot_research.db
37102,13a_3233,1,119,117,0.22592258685051694,13,knot_research.db
37103,13a_3192,1,113,111,0.24049648164572468,13,knot_research.db
37104,13a_3456,1,123,121,0.19813019469887652,13,knot_research.db
37105,13a_3551,1,109,107,0.31447709033445964,13,knot_research.db
37106,13a_3619,1,123,121,0.16695165069502207,13,knot_research.db
37107,13a_3449,1,107,105,0.32477999024505033,13,knot_research.db
37108,13a_3235,1,123,121,0.2648394031760733,13,knot_research.db
37109,13a_3194,1,121,119,0.28566887934336493,13,knot_research.db
37110,13a_2966,1,121,119,0.1823389478495531,13,knot_research.db
37111,13a_3538,1,111,109,0.36381447399165523,13,knot_research.db
37112,13a_3127,1,119,117,0.22969247924067415,13,knot_research.db
37113,13a_3320,1,115,113,0.2825153359386932,13,knot_research.db
37114,13a_3537,1,117,115,0.1871415770190072,13,knot_research.db
37115,13a_3241,1,123,121,0.1904104259626927,13,knot_research.db
37116,13a_3482,1,113,111,0.27014222187241343,13,knot_research.db
37117,13a_3571,1,109,107,0.26577023981599474,13,knot_research.db
37118,13a_3548,1,121,119,0.15936880631559117,13,knot_research.db
37119,13a_3150,1,111,109,0.28054150171679715,13,knot_research.db
37120,13a_3469,1,105,103,0.30178927709968567,13,knot_research.db
37121,13a_3164,1,109,107,0.1987663124395049,13,knot_research.db
37122,13a_2845,1,117,115,0.1851165831532426,13,knot_research.db
37123,13a_3558,1,115,113,0.26377379561455105,13,knot_research.db
37124,13a_3212,1,107,105,0.2617748407847828,13,knot_research.db
37125,13a_3476,1,125,123,0.24154518169041106,13,knot_research.db
37126,13a_3639,1,109,107,0.288599692615938,13,knot_research.db
37127,13a_3253,1,109,107,0.24748679528173098,13,knot_research.db
37128,13a_3557,1,115,113,0.28470959462227213,13,knot_research.db
37129,13a_3214,1,119,117,0.2536945853276139,13,knot_research.db
37130,13a_3489,1,111,109,0.20170900311216208,13,knot_research.db
37131,13a_3255,1,119,117,0.26677168326987155,13,knot_research.db
37132,13a_3340,1,113,111,0.21221427521219932,13,knot_research.db
37133,13a_3502,1,115,113,0.2801048712354255,13,knot_research.db
37134,13a_3591,1,109,107,0.3960945309999711,13,knot_research.db
37135,13a_3147,1,107,105,0.4011356092105758,13,knot_research.db
37136,13a_3568,1,125,123,0.18263752181449913,13,knot_research.db
37137,13a_3170,1,117,115,0.262153372382531,13,knot_research.db
37138,13a_3578,1,115,113,0.2550960659906421,13,knot_research.db
37139,13a_3261,1,115,113,0.19274462011063562,13,knot_research.db
37140,13a_3659,1,111,109,0.2727760390359373,13,knot_research.db
37141,13a_3273,1,117,115,0.24001784310874907,13,knot_research.db
37142,13a_3509,1,113,111,0.2342182799961735,13,knot_research.db
37143,13a_2986,1,119,117,0.20165993159675427,13,knot_research.db
37144,13a_3577,1,109,107,0.30512513026502847,13,knot_research.db
37145,13a_3496,1,113,111,0.22647532689732935,13,knot_research.db
37146,13a_3232,1,109,107,0.257624642855893,13,knot_research.db
37147,13a_3611,1,117,115,0.2726074138946822,13,knot_research.db
37148,13a_3522,1,113,111,0.28235971753494404,13,knot_research.db
37149,13a_3167,1,113,111,0.2576246428298607,13,knot_research.db
37150,13a_3360,1,115,113,0.24866007651403368,13,knot_research.db
37151,13a_3184,1,125,123,0.2554806902597764,13,knot_research.db
37152,13a_2865,1,125,123,0.18074112231367925,13,knot_research.db
37153,13a_3598,1,123,121,0.15863286284308767,13,knot_research.db
37154,13a_3234,1,107,105,0.24848627356503927,13,knot_research.db
37155,13a_3275,1,111,109,0.2692298422527328,13,knot_research.db
37156,13a_3679,1,111,109,0.2433064331310987,13,knot_research.db
37157,13a_3281,1,121,119,0.22920329374506965,13,knot_research.db
37158,13a_3597,1,119,117,0.2012263906375736,13,knot_research.db
37159,13a_3190,1,113,111,0.26847421218450707,13,knot_research.db
37160,13a_3529,1,119,117,0.20345283149748955,13,knot_research.db
37161,13a_3588,1,123,121,0.1923341012654628,13,knot_research.db
37162,13a_3516,1,109,107,0.3051251303967788,13,knot_research.db
37163,13a_3293,1,107,105,0.45119938563123557,13,knot_research.db
37164,13a_3252,1,117,115,0.27952051718273796,13,knot_research.db
37165,13a_3631,1,117,115,0.2493312224538711,13,knot_research.db
37166,13a_3542,1,117,115,0.2769635996715587,13,knot_research.db
37167,13a_3187,1,121,119,0.2138809662458983,13,knot_research.db
37168,13a_3699,1,111,109,0.18353278230298217,13,knot_research.db
37169,13a_3295,1,107,105,0.47258956065997204,13,knot_research.db
37170,13a_3617,1,109,107,0.21848003607463243,13,knot_research.db
37171,13a_3536,1,117,115,0.13468818270468286,13,knot_research.db
37172,13a_3254,1,113,111,0.281548335297176,13,knot_research.db
37173,13a_3380,1,109,107,0.15136255729258313,13,knot_research.db
37174,13a_3006,1,117,115,0.195206620129423,13,knot_research.db
37175,13a_3549,1,121,119,0.18554783649166814,13,knot_research.db
37176,13a_3301,1,107,105,0.3891385478860755,13,knot_research.db
37177,13a_3210,1,111,109,0.2361366806938403,13,knot_research.db
37178,13a_3204,1,113,111,0.2537895399509528,13,knot_research.db
37179,13a_3618,1,107,105,0.3151312353672108,13,knot_research.db
37180,13a_3651,1,109,107,0.3632986119562313,13,knot_research.db
37181,13a_3313,1,117,115,0.25083063217283447,13,knot_research.db
37182,13a_3562,1,119,117,0.23615162511967247,13,knot_research.db
37183,13a_3272,1,109,107,0.2331259767958605,13,knot_research.db
37184,13a_3608,1,113,111,0.10860521454292613,13,knot_research.db
37185,13a_3637,1,123,121,0.1962446202828201,13,knot_research.db
37186,13a_3315,1,111,109,0.2331259767987675,13,knot_research.db
37187,13a_3207,1,117,115,0.27633476425599707,13,knot_research.db
37188,13a_3671,1,117,115,0.33887246733100346,13,knot_research.db
37189,13a_3638,1,111,109,0.3516612834645922,13,knot_research.db
37190,13a_3556,1,119,117,0.2599795021628323,13,knot_research.db
37191,13a_3274,1,113,111,0.26215337238811,13,knot_research.db
37192,13a_3569,1,117,115,0.2750443456009133,13,knot_research.db
37193,13a_2885,1,117,115,0.24532801711044352,13,knot_research.db
37194,13a_3719,1,123,121,0.17209045160446823,13,knot_research.db
37195,13a_3224,1,113,111,0.29592592786822886,13,knot_research.db
37196,13a_3582,1,105,103,0.30398468772332293,13,knot_research.db
37197,13a_3321,1,125,123,0.19411973576559124,13,knot_research.db
37198,13a_3230,1,113,111,0.23156186557277725,13,knot_research.db
37199,13a_3333,1,125,123,0.21224096096270317,13,knot_research.db
37200,13a_3292,1,107,105,0.38913854788607505,13,knot_research.db
37201,13a_3657,1,117,115,0.29795251235029924,13,knot_research.db
37202,13a_3658,1,111,109,0.22532161336597803,13,knot_research.db
37203,13a_3400,1,109,107,0.39609453146956103,13,knot_research.db
37204,13a_3026,1,121,119,0.18360181562285732,13,knot_research.db
37205,13a_3691,1,113,111,0.18786344561975105,13,knot_research.db
37206,13a_3576,1,113,111,0.26440210300596684,13,knot_research.db
37207,13a_3628,1,107,105,0.45994965378427854,13,knot_research.db
37208,13a_3589,1,117,115,0.22268418568469997,13,knot_research.db
37209,13a_3294,1,113,111,0.41828627127690127,13,knot_research.db
37210,13a_3227,1,115,113,0.2620200741217376,13,knot_research.db
37211,13a_3335,1,117,115,0.21597125204198286,13,knot_research.db
37212,13a_3244,1,109,107,0.13939270380826213,13,knot_research.db
37213,13a_3602,1,111,109,0.14019521203443297,13,knot_research.db
37214,13a_3739,1,111,109,0.31446489238557873,13,knot_research.db
37215,13a_3250,1,107,105,0.2331259768040335,13,knot_research.db
37216,13a_3163,1,107,105,0.16124858165326825,13,knot_research.db
37217,13a_3678,1,107,105,0.37987225864809504,13,knot_research.db
37218,13a_3677,1,117,115,0.2222643702317986,13,knot_research.db
37219,13a_3312,1,129,127,0.16748674799874727,13,knot_research.db
37220,13a_3648,1,109,107,0.24748679547359792,13,knot_research.db
37221,13a_3596,1,117,115,0.13919414688829457,13,knot_research.db
37222,13a_3420,1,117,115,0.2553117545856344,13,knot_research.db
37223,13a_3609,1,109,107,0.19876631244066686,13,knot_research.db
37224,13a_3353,1,125,123,0.2081792259903173,13,knot_research.db
37225,13a_2905,1,107,105,0.28616307581177536,13,knot_research.db
37226,13a_3314,1,127,125,0.18259705200398227,13,knot_research.db
37227,13a_3341,1,117,115,0.2839246727231211,13,knot_research.db
37228,13a_3247,1,121,119,0.26483940316889254,13,knot_research.db
37229,13a_3759,1,109,107,0.31625122542242046,13,knot_research.db
37230,13a_3355,1,107,105,0.2377141386733417,13,knot_research.db
37231,13a_3698,1,119,117,0.2257564226384228,13,knot_research.db
37232,13a_3711,1,115,113,0.18997942592958064,13,knot_research.db
37233,13a_3697,1,119,117,0.15737302929951816,13,knot_research.db
37234,13a_3668,1,113,111,0.30791134274087734,13,knot_research.db
37235,13a_3183,1,119,117,0.26558386621967256,13,knot_research.db
37236,13a_3270,1,127,125,0.151443934012167,13,knot_research.db
37237,13a_3046,1,115,113,0.16919361670368435,13,knot_research.db
37238,13a_3616,1,107,105,0.25611442860542066,13,knot_research.db
37239,13a_3440,1,113,111,0.26766846760569896,13,knot_research.db
37240,13a_3779,1,109,107,0.23553919177951937,13,knot_research.db
37241,13a_3264,1,117,115,0.2772729256427447,13,knot_research.db
37242,13a_3718,1,117,115,0.2000629969820563,13,knot_research.db
37243,13a_3361,1,117,115,0.2807302748963965,13,knot_research.db
37244,13a_3629,1,101,99,0.40384532399136497,13,knot_research.db
37245,13a_3717,1,115,113,0.24824100083457845,13,knot_research.db
37246,13a_3688,1,113,111,0.08777082151560285,13,knot_research.db
37247,13a_3267,1,123,121,0.2648394031432415,13,knot_research.db
37248,13a_3375,1,117,115,0.2621533723472701,13,knot_research.db
37249,13a_3731,1,109,107,0.2479198706507184,13,knot_research.db
37250,13a_2925,1,119,117,0.17934647799170667,13,knot_research.db
37251,13a_3373,1,119,117,0.24532542501762808,13,knot_research.db
37252,13a_3636,1,119,117,0.18245367345621755,13,knot_research.db
37253,13a_3332,1,117,115,0.2871616297249904,13,knot_research.db
37254,13a_3203,1,113,111,0.19962208621744526,13,knot_research.db
37255,13a_3799,1,109,107,0.3513652060296538,13,knot_research.db
37256,13a_3622,1,119,117,0.1873175141682429,13,knot_research.db
37257,13a_3334,1,107,105,0.23312597680255667,13,knot_research.db
37258,13a_3460,1,111,109,0.1362713686370453,13,knot_research.db
37259,13a_3284,1,119,117,0.27030876621466793,13,knot_research.db
37260,13a_3738,1,111,109,0.3019477428891229,13,knot_research.db
37261,13a_3649,1,121,119,0.19624462028161224,13,knot_research.db
37262,13a_3737,1,109,107,0.3303937688406452,13,knot_research.db
37263,13a_3751,1,117,115,0.2988689195808462,13,knot_research.db
37264,13a_3381,1,119,117,0.21307579869822063,13,knot_research.db
37265,13a_3819,1,117,115,0.22697502715042464,13,knot_research.db
37266,13a_3395,1,111,109,0.33213823055131225,13,knot_research.db
37267,13a_3656,1,113,111,0.18631140002074612,13,knot_research.db
37268,13a_3352,1,113,111,0.18353278230369294,13,knot_research.db
37269,13a_3642,1,109,107,0.30668360151115026,13,knot_research.db
37270,13a_3287,1,119,117,0.2591382223832608,13,knot_research.db
37271,13a_3393,1,113,111,0.3844144480973285,13,knot_research.db
37272,13a_3758,1,113,111,0.21988990573734454,13,knot_research.db
37273,13a_3223,1,117,115,0.2763347642552434,13,knot_research.db
37274,13a_3757,1,101,99,0.252135584003076,13,knot_research.db
37275,13a_3354,1,115,113,0.4009893678796019,13,knot_research.db
37276,13a_3290,1,115,113,0.29615499148224994,13,knot_research.db
37277,13a_2945,1,125,123,0.15055330149486348,13,knot_research.db
37278,13a_3771,1,113,111,0.19334863036476965,13,knot_research.db
37279,13a_3304,1,123,121,0.18245367345667174,13,knot_research.db
37280,13a_3669,1,105,103,0.3039846876053507,13,knot_research.db
37281,13a_3839,1,109,107,0.25545946406792086,13,knot_research.db
37282,13a_3662,1,117,115,0.2392388125229725,13,knot_research.db
37283,13a_3415,1,107,105,0.23771413867334168,13,knot_research.db
37284,13a_3777,1,111,109,0.15689296262770788,13,knot_research.db
37285,13a_3066,1,109,107,0.25666919547588185,13,knot_research.db
37286,13a_3778,1,115,113,0.2709636993830902,13,knot_research.db
37287,13a_3401,1,109,107,0.3960945314719722,13,knot_research.db
37288,13a_3413,1,115,113,0.39706085929524626,13,knot_research.db
37289,13a_3307,1,115,113,0.17220166249856728,13,knot_research.db
37290,13a_3243,1,119,117,0.20063195512241636,13,knot_research.db
37291,13a_3676,1,121,119,0.15462817933809356,13,knot_research.db
37292,13a_3791,1,119,117,0.21388096624691869,13,knot_research.db
37293,13a_3708,1,117,115,0.26849741539356325,13,knot_research.db
37294,13a_3374,1,117,115,0.262153372387511,13,knot_research.db
37295,13a_3859,1,107,105,0.25842486208657295,13,knot_research.db
37296,13a_3689,1,119,117,0.1344371067202678,13,knot_research.db
37297,13a_3682,1,113,111,0.23618349947567324,13,knot_research.db
37298,13a_3372,1,117,115,0.25535354071421595,13,knot_research.db
37299,13a_3310,1,123,121,0.19814162641207908,13,knot_research.db
37300,13a_3798,1,107,105,0.20367148991667583,13,knot_research.db
37301,13a_3879,1,111,109,0.1604708893075491,13,knot_research.db
37302,13a_3421,1,123,121,0.19762695470983857,13,knot_research.db
37303,13a_3433,1,127,125,0.18648472812188804,13,knot_research.db
37304,13a_3435,1,113,111,0.24990996560824366,13,knot_research.db
37305,13a_3728,1,117,115,0.2283004227311895,13,knot_research.db
37306,13a_3324,1,123,121,0.18406301389977917,13,knot_research.db
37307,13a_3086,1,113,111,0.3101591079747719,13,knot_research.db
37308,13a_3811,1,107,105,0.29351703596387474,13,knot_research.db
37309,13a_3797,1,115,113,0.2701467628560133,13,knot_research.db
37310,13a_3480,1,115,113,0.3347431518185471,13,knot_research.db
37311,13a_3394,1,105,103,0.3284274922036185,13,knot_research.db
37312,13a_3702,1,111,109,0.12509609375335443,13,knot_research.db
37313,13a_3696,1,109,107,0.13529803308645644,13,knot_research.db
37314,13a_3327,1,121,119,0.1889654297294717,13,knot_research.db
37315,13a_3263,1,121,119,0.23680638482653077,13,knot_research.db
37316,13a_2965,1,113,111,0.23291676159826824,13,knot_research.db
37317,13a_3709,1,105,103,0.24778487255036238,13,knot_research.db
37318,13a_3392,1,119,117,0.1427621361103668,13,knot_research.db
37319,13a_3831,1,121,119,0.21467393487602757,13,knot_research.db
37320,13a_3748,1,123,121,0.1981416264186311,13,knot_research.db
37321,13a_3330,1,109,107,0.21357622232700327,13,knot_research.db
37322,13a_3817,1,115,113,0.24615788895781276,13,knot_research.db
37323,13a_3818,1,107,105,0.1592970640929986,13,knot_research.db
37324,13a_3455,1,107,105,0.15686433558962398,13,knot_research.db
37325,13a_3500,1,111,109,0.24330643313111122,13,knot_research.db
37326,13a_3441,1,109,107,0.2655693975537454,13,knot_research.db
37327,13a_3899,1,109,107,0.09917373273459806,13,knot_research.db
37328,13a_3344,1,107,105,0.23312597679940147,13,knot_research.db
37329,13a_3414,1,119,117,0.26974767469030264,13,knot_research.db
37330,13a_3283,1,113,111,0.23156186556823183,13,knot_research.db
37331,13a_3453,1,123,121,0.14580977390629024,13,knot_research.db
37332,13a_3729,1,121,119,0.2697476747187234,13,knot_research.db
37333,13a_3722,1,111,109,0.24329220857544206,13,knot_research.db
37334,13a_3716,1,121,119,0.16292182990746334,13,knot_research.db
37335,13a_3851,1,115,113,0.2597321128053376,13,knot_research.db
37336,13a_3106,1,107,105,0.40002269103774885,13,knot_research.db
37337,13a_3347,1,113,111,0.35922124983455617,13,knot_research.db
37338,13a_3768,1,121,119,0.17226721633085904,13,knot_research.db
37339,13a_3837,1,109,107,0.3608066953765849,13,knot_research.db
37340,13a_2985,1,107,105,0.2995326482186262,13,knot_research.db
37341,13a_3461,1,119,117,0.1729090847147985,13,knot_research.db
37342,13a_3350,1,119,117,0.20185540343098604,13,knot_research.db
37343,13a_3520,1,111,109,0.38283614200015476,13,knot_research.db
37344,13a_3838,1,121,119,0.19444617154053062,13,knot_research.db
37345,13a_3742,1,119,117,0.2282865682352505,13,knot_research.db
37346,13a_3364,1,119,117,0.23726956402308932,13,knot_research.db
37347,13a_3303,1,109,107,0.3005454077344535,13,knot_research.db
37348,13a_3871,1,117,115,0.25576486131127885,13,knot_research.db
37349,13a_3857,1,115,113,0.20801649853824525,13,knot_research.db
37350,13a_3749,1,113,111,0.18353278230364978,13,knot_research.db
37351,13a_3434,1,121,119,0.24321590984168273,13,knot_research.db
37352,13a_3412,1,111,109,0.3244845034790779,13,knot_research.db
37353,13a_3475,1,113,111,0.2010442208649922,13,knot_research.db
37354,13a_3367,1,125,123,0.16765043823950238,13,knot_research.db
37355,13a_3788,1,115,113,0.21113657634485727,13,knot_research.db
37356,13a_3126,1,109,107,0.17833622845083766,13,knot_research.db
37357,13a_3473,1,115,113,0.25728177070699343,13,knot_research.db
37358,13a_3540,1,107,105,0.1646105176232215,13,knot_research.db
37359,13a_3005,1,109,107,0.3167860561307983,13,knot_research.db
37360,13a_3762,1,105,103,0.2341561938262253,13,knot_research.db
37361,13a_3858,1,109,107,0.34513225374972023,13,knot_research.db
37362,13a_3877,1,111,109,0.2724250959782263,13,knot_research.db
37363,13a_3370,1,115,113,0.3004567564787733,13,knot_research.db
37364,13a_3736,1,115,113,0.3016926475334065,13,knot_research.db
37365,13a_3891,1,119,117,0.22726450196214829,13,knot_research.db
37366,13a_3323,1,119,117,0.28302935104707877,13,knot_research.db
37367,13a_3384,1,117,115,0.26999171641200076,13,knot_research.db
37368,13a_3919,1,115,113,0.25603947059636734,13,knot_research.db
37369,13a_3808,1,117,115,0.21845902934508424,13,knot_research.db
37370,13a_3432,1,121,119,0.15936880631547856,13,knot_research.db
37371,13a_3481,1,109,107,0.2818479770835198,13,knot_research.db
37372,13a_3454,1,111,109,0.10926158820375245,13,knot_research.db
37373,13a_3782,1,113,111,0.2386302070899187,13,knot_research.db
37374,13a_3878,1,123,121,0.19261977715824968,13,knot_research.db
37375,13a_3769,1,103,101,0.4207066145399563,13,knot_research.db
37376,13a_3493,1,109,107,0.2588276009788135,13,knot_research.db
37377,13a_3495,1,115,113,0.21839790040821444,13,knot_research.db
37378,13a_3560,1,117,115,0.1914942778098422,13,knot_research.db
37379,13a_3897,1,123,121,0.19261977716429254,13,knot_research.db
37380,13a_3146,1,113,111,0.26433796883432453,13,knot_research.db
37381,13a_3756,1,115,113,0.2961100796683911,13,knot_research.db
37382,13a_3390,1,109,107,0.38838461814320463,13,knot_research.db
37383,13a_3387,1,113,111,0.1757932406979122,13,knot_research.db
37384,13a_3911,1,123,121,0.17423383140555967,13,knot_research.db
37385,13a_3343,1,125,123,0.2105872030648652,13,knot_research.db
37386,13a_3025,1,109,107,0.2957850541783707,13,knot_research.db
37387,13a_3939,1,117,115,0.2708531231930352,13,knot_research.db
37388,13a_3501,1,113,111,0.3104023214515818,13,knot_research.db
37389,13a_3404,1,109,107,0.28730953720753566,13,knot_research.db
37390,13a_3789,1,117,115,0.24532542501769042,13,knot_research.db
37391,13a_3828,1,115,113,0.14394186220416166,13,knot_research.db
37392,13a_3802,1,123,121,0.17423383140378648,13,knot_research.db
37393,13a_3452,1,125,123,0.19620951610586151,13,knot_research.db
37394,13a_3898,1,125,123,0.13713655430448796,13,knot_research.db
37395,13a_3513,1,113,111,0.29592592784720806,13,knot_research.db
37396,13a_3580,1,117,115,0.25532188914572307,13,knot_research.db
37397,13a_3776,1,115,113,0.2185333086393683,13,knot_research.db
37398,13a_3515,1,111,109,0.18443141845391306,13,knot_research.db
37399,13a_3917,1,129,127,0.18293447999816917,13,knot_research.db
37400,13a_3931,1,119,117,0.270308766210809,13,knot_research.db
37401,13a_3410,1,109,107,0.2873095372075356,13,knot_research.db
37402,13a_3959,1,121,119,0.21205868357063015,13,knot_research.db
37403,13a_3166,1,123,121,0.23419006479171994,13,knot_research.db
37404,13a_3809,1,107,105,0.15505538211600547,13,knot_research.db
37405,13a_3424,1,109,107,0.252052709365185,13,knot_research.db
37406,13a_3521,1,109,107,0.35861305861854376,13,knot_research.db
37407,13a_3474,1,113,111,0.16048951728789865,13,knot_research.db
37408,13a_3848,1,107,105,0.34003158621056206,13,knot_research.db
37409,13a_3822,1,111,109,0.11764561805934688,13,knot_research.db
37410,13a_3045,1,105,103,0.41897831081444514,13,knot_research.db
37411,13a_3363,1,111,109,0.3760564504779761,13,knot_research.db
37412,13a_3407,1,115,113,0.2588057677769702,13,knot_research.db
37413,13a_3796,1,103,101,0.15504445225843672,13,knot_research.db
37414,13a_3951,1,113,111,0.18800446915089453,13,knot_research.db
37415,13a_3533,1,119,117,0.21438835263862052,13,knot_research.db
37416,13a_3600,1,119,117,0.2064491384226982,13,knot_research.db
37417,13a_3430,1,113,111,0.29644140323484935,13,knot_research.db
37418,13a_3472,1,109,107,0.31439697518266146,13,knot_research.db
37419,13a_3979,1,111,109,0.1867236446029109,13,knot_research.db
37420,13a_3868,1,111,109,0.23870646367285486,13,knot_research.db
37421,13a_3918,1,121,119,0.228574666704101,13,knot_research.db
37422,13a_3535,1,119,117,0.20529160572016672,13,knot_research.db
37423,13a_3541,1,113,111,0.22573979690935403,13,knot_research.db
37424,13a_3444,1,107,105,0.1976094859426586,13,knot_research.db
37425,13a_3937,1,107,105,0.3927127476194131,13,knot_research.db
37426,13a_3494,1,117,115,0.21905339871169602,13,knot_research.db
37427,13a_3829,1,125,123,0.20056724632221556,13,knot_research.db
37428,13a_3971,1,115,113,0.2871545823520214,13,knot_research.db
37429,13a_3186,1,117,115,0.2787946555078771,13,knot_research.db
37430,13a_3383,1,123,121,0.16915544018439907,13,knot_research.db
37431,13a_3065,1,111,109,0.3647678089824295,13,knot_research.db
37432,13a_3492,1,109,107,0.28859969261883783,13,knot_research.db
37433,13a_3842,1,105,103,0.21151655477746129,13,knot_research.db
37434,13a_3427,1,107,105,0.3734087862750544,13,knot_research.db
37435,13a_3938,1,109,107,0.3066836015511354,13,knot_research.db
37436,13a_3553,1,117,115,0.27508767597570105,13,knot_research.db
37437,13a_3999,1,107,105,0.40002269105876725,13,knot_research.db
37438,13a_3888,1,109,107,0.17718769415858215,13,knot_research.db
37439,13a_3450,1,107,105,0.23799977856947646,13,knot_research.db
37440,13a_3816,1,113,111,0.21988990573547537,13,knot_research.db
37441,13a_3620,1,107,105,0.12851109961093782,13,knot_research.db
37442,13a_3957,1,107,105,0.3300135482723305,13,knot_research.db
37443,13a_3555,1,119,117,0.22575642263785564,13,knot_research.db
37444,13a_3561,1,113,111,0.3465439722877524,13,knot_research.db
37445,13a_3514,1,117,115,0.19317125354395484,13,knot_research.db
37446,13a_3991,1,125,123,0.2303484753260482,13,knot_research.db
37447,13a_3862,1,107,105,0.30598919398265,13,knot_research.db
37448,13a_3958,1,109,107,0.38999877673809613,13,knot_research.db
37449,13a_3512,1,121,119,0.18516596609550273,13,knot_research.db
37450,13a_4019,1,117,115,0.2959259277129056,13,knot_research.db
37451,13a_3447,1,117,115,0.28627335085413275,13,knot_research.db
37452,13a_3849,1,113,111,0.2980053389014046,13,knot_research.db
37453,13a_3836,1,111,109,0.2685959576922051,13,knot_research.db
37454,13a_3977,1,113,111,0.2257397969081972,13,knot_research.db
37455,13a_3403,1,113,111,0.3588808725877301,13,knot_research.db
37456,13a_3573,1,103,101,0.37987225872403,13,knot_research.db
37457,13a_3464,1,105,103,0.3640922408138134,13,knot_research.db
37458,13a_3206,1,105,103,0.2491995779390833,13,knot_research.db
37459,13a_3085,1,117,115,0.23438403360126697,13,knot_research.db
37460,13a_3581,1,113,111,0.30128110305361433,13,knot_research.db
37461,13a_3882,1,111,109,0.26741431638162244,13,knot_research.db
37462,13a_3978,1,111,109,0.19652931673487073,13,knot_research.db
37463,13a_3470,1,109,107,0.2429634489243701,13,knot_research.db
37464,13a_3908,1,109,107,0.2989537369204863,13,knot_research.db
37465,13a_3869,1,115,113,0.15242322002846723,13,knot_research.db
37466,13a_3575,1,117,115,0.27400153686664747,13,knot_research.db
37467,13a_3997,1,117,115,0.2852811590770045,13,knot_research.db
37468,13a_3534,1,117,115,0.2530130653816903,13,knot_research.db
37469,13a_4039,1,119,117,0.15801611425023496,13,knot_research.db
37470,13a_3856,1,109,107,0.25073742287947764,13,knot_research.db
37471,13a_3467,1,119,117,0.26156745747013854,13,knot_research.db
37472,13a_3640,1,113,111,0.23435549837264347,13,knot_research.db
37473,13a_4011,1,111,109,0.211791194444983,13,knot_research.db
37474,13a_3532,1,115,113,0.22830042272991738,13,knot_research.db
37475,13a_3423,1,119,117,0.25548069026807474,13,knot_research.db
37476,13a_3593,1,125,123,0.1640223206468943,13,knot_research.db
37477,13a_3902,1,125,123,0.17167927914940126,13,knot_research.db
37478,13a_3484,1,109,107,0.26698714527814904,13,knot_research.db
37479,13a_3928,1,111,109,0.2772415687998992,13,knot_research.db
37480,13a_3601,1,111,109,0.3616415589311637,13,knot_research.db
37481,13a_3998,1,109,107,0.34954854445360134,13,knot_research.db
37482,13a_4017,1,117,115,0.22720634687067892,13,knot_research.db
37483,13a_3105,1,103,101,0.2810870791358518,13,knot_research.db
37484,13a_3876,1,107,105,0.40825416103824197,13,knot_research.db
37485,13a_3554,1,117,115,0.18997942592931677,13,knot_research.db
37486,13a_3595,1,107,105,0.23019925319064483,13,knot_research.db
37487,13a_3490,1,115,113,0.2347022894216526,13,knot_research.db
37488,13a_4059,1,113,111,0.30856542706559237,13,knot_research.db
37489,13a_3660,1,109,107,0.32768418611080635,13,knot_research.db
37490,13a_3948,1,117,115,0.18786818595459168,13,knot_research.db
37491,13a_3487,1,121,119,0.20250993241664056,13,knot_research.db
37492,13a_3889,1,121,119,0.1885222565337225,13,knot_research.db
37493,13a_4018,1,113,111,0.2755872545494656,13,knot_research.db
37494,13a_3443,1,121,119,0.24172185745920635,13,knot_research.db
37495,13a_3621,1,115,113,0.22205771410236624,13,knot_research.db
37496,13a_3896,1,109,107,0.09508576614871266,13,knot_research.db
37497,13a_4037,1,109,107,0.3276841861023777,13,knot_research.db
37498,13a_3552,1,105,103,0.3986786073837295,13,knot_research.db
37499,13a_3922,1,111,109,0.1739166002494777,13,knot_research.db
37500,13a_3504,1,117,115,0.21497141732539427,13,knot_research.db
37501,13a_3226,1,113,111,0.2959259278604015,13,knot_research.db
37502,13a_4031,1,113,111,0.33294164016722105,13,knot_research.db
37503,13a_4079,1,119,117,0.32012029114486007,13,knot_research.db
37504,13a_3613,1,115,113,0.23544877773132794,13,knot_research.db
37505,13a_3574,1,115,113,0.26708931656838214,13,knot_research.db
37506,13a_3968,1,117,115,0.3188578249570346,13,knot_research.db
37507,13a_3510,1,111,109,0.28257785170414945,13,knot_research.db
37508,13a_3125,1,113,111,0.18444183852166518,13,knot_research.db
37509,13a_4038,1,109,107,0.39075396027908404,13,knot_research.db
37510,13a_3680,1,119,117,0.2679070829843319,13,knot_research.db
37511,13a_3572,1,113,111,0.3128093023490119,13,knot_research.db
37512,13a_3641,1,117,115,0.3267743462906657,13,knot_research.db
37513,13a_4057,1,111,109,0.3572557989391543,13,knot_research.db
37514,13a_4051,1,121,119,0.2368063848250301,13,knot_research.db
37515,13a_3942,1,117,115,0.20872142305625724,13,knot_research.db
37516,13a_3507,1,109,107,0.2885996926132593,13,knot_research.db
37517,13a_3909,1,105,103,0.2950059774561259,13,knot_research.db
37518,13a_3463,1,121,119,0.2697476747175324,13,knot_research.db
37519,13a_3524,1,105,103,0.19760948594230068,13,knot_research.db
37520,13a_3615,1,113,111,0.23863020750855543,13,knot_research.db
37521,13a_4099,1,109,107,0.34710475528048457,13,knot_research.db
37522,13a_3246,1,115,113,0.2611137015406794,13,knot_research.db
37523,13a_3916,1,113,111,0.18353278228193037,13,knot_research.db
37524,13a_4058,1,103,101,0.2509539475855434,13,knot_research.db
37525,13a_3988,1,107,105,0.13549636086847114,13,knot_research.db
37526,13a_3530,1,115,113,0.22250134014316078,13,knot_research.db
37527,13a_3594,1,121,119,0.21774762246202622,13,knot_research.db
37528,13a_3633,1,117,115,0.14509984249834054,13,knot_research.db
37529,13a_4077,1,115,113,0.24350335278760055,13,knot_research.db
37530,13a_3962,1,113,111,0.28235971752974287,13,knot_research.db
37531,13a_3929,1,113,111,0.24990996560395418,13,knot_research.db
37532,13a_4071,1,119,117,0.20233093486752604,13,knot_research.db
37533,13a_3592,1,121,119,0.2008090382070414,13,knot_research.db
37534,13a_3145,1,107,105,0.46740886131596115,13,knot_research.db
37535,13a_3700,1,111,109,0.2700854975356754,13,knot_research.db
37536,13a_3527,1,121,119,0.21438835263860048,13,knot_research.db
37537,13a_4119,1,113,111,0.21988990573591713,13,knot_research.db
37538,13a_3661,1,109,107,0.2724250956264264,13,knot_research.db
37539,13a_4078,1,109,107,0.17497639046571403,13,knot_research.db
37540,13a_3544,1,115,113,0.1669527342342939,13,knot_research.db
37541,13a_3483,1,117,115,0.18918270147883584,13,knot_research.db
37542,13a_3635,1,113,111,0.26975867325272607,13,knot_research.db
37543,13a_4097,1,119,117,0.20946085312020615,13,knot_research.db
37544,13a_3266,1,111,109,0.26922984225159546,13,knot_research.db
37545,13a_3982,1,111,109,0.27242509596045683,13,knot_research.db
37546,13a_4091,1,121,119,0.23249959414594812,13,knot_research.db
37547,13a_4139,1,119,117,0.26734398897595973,13,knot_research.db
37548,13a_4008,1,119,117,0.2645932534370697,13,knot_research.db
37549,13a_3949,1,121,119,0.18852225653497093,13,knot_research.db
37550,13a_3550,1,111,109,0.2520958485913888,13,knot_research.db
37551,13a_3936,1,117,115,0.3016914777180552,13,knot_research.db
37552,13a_3720,1,107,105,0.1477509043181009,13,knot_research.db
37553,13a_3681,1,105,103,0.314518021770194,13,knot_research.db
37554,13a_3547,1,111,109,0.2466445961381616,13,knot_research.db
37555,13a_3165,1,119,117,0.26817284527881485,13,knot_research.db
37556,13a_3564,1,107,105,0.2301992531796131,13,knot_research.db
37557,13a_3614,1,105,103,0.16751287914706894,13,knot_research.db
37558,13a_3612,1,127,125,0.17589859283883866,13,knot_research.db
37559,13a_3655,1,115,113,0.2695139094988096,13,knot_research.db
37560,13a_4117,1,119,117,0.25335318578582033,13,knot_research.db
37561,13a_4002,1,115,113,0.2528722014913178,13,knot_research.db
37562,13a_4098,1,109,107,0.21469422769901894,13,knot_research.db
37563,13a_3653,1,111,109,0.1545647384746639,13,knot_research.db
37564,13a_3503,1,113,111,0.2815483352994769,13,knot_research.db
37565,13a_4111,1,113,111,0.22990531819490215,13,knot_research.db
37566,13a_4159,1,115,113,0.2991383005785499,13,knot_research.db
37567,13a_4028,1,117,115,0.26849741538637373,13,knot_research.db
37568,13a_3956,1,115,113,0.2528722014923733,13,knot_research.db
37569,13a_3570,1,113,111,0.23470228943670732,13,knot_research.db
37570,13a_3286,1,121,119,0.2727669360174024,13,knot_research.db
37571,13a_3969,1,117,115,0.22541693746352853,13,knot_research.db
37572,13a_3740,1,113,111,0.17710213592101368,13,knot_research.db
37573,13a_3701,1,119,117,0.18565340088518936,13,knot_research.db
37574,13a_4137,1,113,111,0.15249280030272952,13,knot_research.db
37575,13a_3634,1,117,115,0.20038609531197896,13,knot_research.db
37576,13a_4022,1,111,109,0.3147528415415868,13,knot_research.db
37577,13a_3567,1,107,105,0.12402978668985402,13,knot_research.db
37578,13a_4131,1,113,111,0.2899572580085684,13,knot_research.db
37579,13a_4118,1,111,109,0.29110535646555835,13,knot_research.db
37580,13a_4179,1,115,113,0.3016926475435048,13,knot_research.db
37581,13a_3523,1,119,117,0.2601413133270359,13,knot_research.db
37582,13a_3976,1,117,115,0.2447580505594558,13,knot_research.db
37583,13a_3675,1,111,109,0.31513123536252974,13,knot_research.db
37584,13a_4048,1,109,107,0.34954854446000744,13,knot_research.db
37585,13a_3673,1,107,105,0.3247799903155915,13,knot_research.db
37586,13a_3584,1,107,105,0.3097363754305123,13,knot_research.db
37587,13a_3590,1,117,115,0.27727292562656586,13,knot_research.db
37588,13a_3989,1,119,117,0.18663711575059755,13,knot_research.db
37589,13a_3185,1,113,111,0.24001784317154964,13,knot_research.db
37590,13a_3760,1,115,113,0.2220577141284354,13,knot_research.db
37591,13a_4042,1,115,113,0.2971931374285905,13,knot_research.db
37592,13a_3632,1,119,117,0.2500119669875395,13,knot_research.db
37593,13a_4151,1,117,115,0.2651216919669111,13,knot_research.db
37594,13a_4157,1,117,115,0.1815923543618915,13,knot_research.db
37595,13a_3721,1,115,113,0.24615788896006863,13,knot_research.db
37596,13a_3306,1,115,113,0.26951390954121485,13,knot_research.db
37597,13a_4199,1,115,113,0.24840689856808118,13,knot_research.db
37598,13a_4138,1,119,117,0.20233093486655504,13,knot_research.db
37599,13a_4068,1,121,119,0.23764563489966195,13,knot_research.db
37600,13a_3654,1,117,115,0.22511478510149782,13,knot_research.db
37601,13a_3996,1,113,111,0.363814473972771,13,knot_research.db
37602,13a_3695,1,119,117,0.19150241196634069,13,knot_research.db
37603,13a_3604,1,123,121,0.22121849514142283,13,knot_research.db
37604,13a_3543,1,113,111,0.21242716528144823,13,knot_research.db
37605,13a_4009,1,109,107,0.32768418609197697,13,knot_research.db
37606,13a_3693,1,107,105,0.24267594227534559,13,knot_research.db
37607,13a_4062,1,115,113,0.38283614199299015,13,knot_research.db
37608,13a_3780,1,105,103,0.2519905547853474,13,knot_research.db
37609,13a_3610,1,117,115,0.2994799652462707,13,knot_research.db
37610,13a_3587,1,113,111,0.19230031056153254,13,knot_research.db
37611,13a_4171,1,121,119,0.22024613372292925,13,knot_research.db
37612,13a_3652,1,111,109,0.364172029879982,13,knot_research.db
37613,13a_4158,1,117,115,0.23211508730803376,13,knot_research.db
37614,13a_3741,1,123,121,0.19233410126591724,13,knot_research.db
37615,13a_4177,1,109,107,0.2724250959843113,13,knot_research.db
37616,13a_4016,1,113,111,0.2988172979108295,13,knot_research.db
37617,13a_4219,1,111,109,0.2251977828379863,13,knot_research.db
37618,13a_4088,1,107,105,0.23778863804325295,13,knot_research.db
37619,13a_3205,1,119,117,0.26549253410016815,13,knot_research.db
37620,13a_3674,1,109,107,0.4030948669483557,13,knot_research.db
37621,13a_4082,1,117,115,0.20732729589917956,13,knot_research.db
37622,13a_4029,1,113,111,0.28962458029339383,13,knot_research.db
37623,13a_3715,1,121,119,0.26974767471239586,13,knot_research.db
37624,13a_3563,1,107,105,0.23019925318152296,13,knot_research.db
37625,13a_3800,1,109,107,0.14537097078057876,13,knot_research.db
37626,13a_4197,1,111,109,0.21242716528609995,13,knot_research.db
37627,13a_3326,1,109,107,0.12567988234714086,13,knot_research.db
37628,13a_3624,1,119,117,0.2095034455613425,13,knot_research.db
37629,13a_3607,1,113,111,0.16044401101635308,13,knot_research.db
37630,13a_4036,1,105,103,0.32842749224920254,13,knot_research.db
37631,13a_4178,1,113,111,0.2750443456112103,13,knot_research.db
37632,13a_4239,1,115,113,0.3572557989325429,13,knot_research.db
37633,13a_4191,1,109,107,0.22536526595499948,13,knot_research.db
37634,13a_3672,1,105,103,0.2636768541682117,13,knot_research.db
37635,13a_3694,1,119,117,0.20946085312921048,13,knot_research.db
37636,13a_3630,1,113,111,0.22573979690846452,13,knot_research.db
37637,13a_4049,1,111,109,0.36416828742542134,13,knot_research.db
37638,13a_3713,1,117,115,0.31885782496557524,13,knot_research.db
37639,13a_3761,1,125,123,0.2532028494307024,13,knot_research.db
37640,13a_4102,1,113,111,0.2126028797039635,13,knot_research.db
37641,13a_4108,1,109,107,0.09977036946265382,13,knot_research.db
37642,13a_4056,1,115,113,0.32765341387095215,13,knot_research.db
37643,13a_3583,1,103,101,0.19432976988131404,13,knot_research.db
37644,13a_4217,1,109,107,0.3669011773912859,13,knot_research.db
37645,13a_4198,1,117,115,0.33257205770737924,13,knot_research.db
37646,13a_4259,1,119,117,0.1906333048809429,13,knot_research.db
37647,13a_3735,1,107,105,0.20908699408349649,13,knot_research.db
37648,13a_3225,1,119,117,0.2720154566107347,13,knot_research.db
37649,13a_3692,1,123,121,0.13994390893176303,13,knot_research.db
37650,13a_4069,1,119,117,0.26974767467898764,13,knot_research.db
37651,13a_3644,1,115,113,0.3347431518141689,13,knot_research.db
37652,13a_3627,1,111,109,0.27008549753380906,13,knot_research.db
37653,13a_3714,1,117,115,0.22830042273102824,13,knot_research.db
37654,13a_4211,1,113,111,0.22573979688407142,13,knot_research.db
37655,13a_3650,1,111,109,0.3085654270252188,13,knot_research.db
37656,13a_4076,1,123,121,0.20631273146645596,13,knot_research.db
37657,13a_4237,1,105,103,0.1569690218302268,13,knot_research.db
37658,13a_3820,1,111,109,0.22644708888578738,13,knot_research.db
37659,13a_3733,1,109,107,0.32283682515964457,13,knot_research.db
37660,13a_4122,1,109,107,0.4032040424044427,13,knot_research.db
37661,13a_4218,1,109,107,0.26146265881440944,13,knot_research.db
37662,13a_3603,1,117,115,0.19278186872856784,13,knot_research.db
37663,13a_3781,1,113,111,0.23149023180526868,13,knot_research.db
37664,13a_4089,1,117,115,0.28627335085535643,13,knot_research.db
37665,13a_3647,1,115,113,0.33474315177993813,13,knot_research.db
37666,13a_3346,1,115,113,0.41988600942581544,13,knot_research.db
37667,13a_4279,1,119,117,0.21397433672734378,13,knot_research.db
37668,13a_4231,1,113,111,0.19443750933764078,13,knot_research.db
37669,13a_4142,1,109,107,0.3215102376634809,13,knot_research.db
37670,13a_3664,1,123,121,0.1742338314036972,13,knot_research.db
37671,13a_3734,1,113,111,0.3277239099979336,13,knot_research.db
37672,13a_3670,1,113,111,0.21676230084010187,13,knot_research.db
37673,13a_3755,1,111,109,0.2911053563012866,13,knot_research.db
37674,13a_4238,1,111,109,0.256836354740806,13,knot_research.db
37675,13a_3840,1,117,115,0.28962458030200594,13,knot_research.db
37676,13a_3753,1,107,105,0.2965433612344044,13,knot_research.db
37677,13a_4257,1,121,119,0.18225452072689194,13,knot_research.db
37678,13a_3712,1,123,121,0.18245367345711072,13,knot_research.db
37679,13a_3245,1,119,117,0.2703087661682993,13,knot_research.db
37680,13a_4096,1,115,113,0.15558858467958972,13,knot_research.db
37681,13a_4109,1,121,119,0.13659017082764272,13,knot_research.db
37682,13a_3623,1,117,115,0.2763347642598162,13,knot_research.db
37683,13a_3801,1,117,115,0.22049819289053216,13,knot_research.db
37684,13a_4162,1,115,113,0.30847194521254734,13,knot_research.db
37685,13a_4299,1,125,123,0.15122451431719428,13,knot_research.db
37686,13a_4251,1,109,107,0.2892176027900732,13,knot_research.db
37687,13a_3667,1,103,101,0.2391007254136556,13,knot_research.db
37688,13a_4128,1,113,111,0.2810371520408103,13,knot_research.db
37689,13a_4258,1,107,105,0.2019808657951755,13,knot_research.db
37690,13a_3366,1,111,109,0.173072017732544,13,knot_research.db
37691,13a_3754,1,107,105,0.20210507665567895,13,knot_research.db
37692,13a_3775,1,107,105,0.3247799904027699,13,knot_research.db
37693,13a_3860,1,109,107,0.3066836015010856,13,knot_research.db
37694,13a_3684,1,111,109,0.4089144725188993,13,knot_research.db
37695,13a_3690,1,113,111,0.16708524800597557,13,knot_research.db
37696,13a_4116,1,117,115,0.215959219425703,13,knot_research.db
37697,13a_4277,1,125,123,0.20250993240896362,13,knot_research.db
37698,13a_4182,1,111,109,0.2696851581501301,13,knot_research.db
37699,13a_3773,1,109,107,0.3854600631523808,13,knot_research.db
37700,13a_4271,1,121,119,0.27921884451204754,13,knot_research.db
37701,13a_3643,1,107,105,0.41360621900065764,13,knot_research.db
37702,13a_4148,1,109,107,0.21685649514928718,13,knot_research.db
37703,13a_3732,1,109,107,0.3078638386189283,13,knot_research.db
37704,13a_3821,1,113,111,0.1604440110145035,13,knot_research.db
37705,13a_4129,1,121,119,0.20548653344766957,13,knot_research.db
37706,13a_4319,1,117,115,0.24533815393631303,13,knot_research.db
37707,13a_3265,1,107,105,0.26177484078584884,13,knot_research.db
37708,13a_3795,1,111,109,0.24330643313114084,13,knot_research.db
37709,13a_3704,1,119,117,0.21833188173695076,13,knot_research.db
37710,13a_4202,1,119,117,0.13443710671999828,13,knot_research.db
37711,13a_4136,1,115,113,0.40227668303192116,13,knot_research.db
37712,13a_3880,1,125,123,0.15122451431794243,13,knot_research.db
37713,13a_4278,1,121,119,0.1872838728580672,13,knot_research.db
37714,13a_3687,1,115,113,0.26923726611878884,13,knot_research.db
37715,13a_3793,1,111,109,0.2727760390454403,13,knot_research.db
37716,13a_4297,1,117,115,0.13945604303236162,13,knot_research.db
37717,13a_3663,1,111,109,0.2832470326191261,13,knot_research.db
37718,13a_4291,1,121,119,0.16434113620388666,13,knot_research.db
37719,13a_4168,1,107,105,0.38116171945706323,13,knot_research.db
37720,13a_3752,1,107,105,0.3885810709851952,13,knot_research.db
37721,13a_3710,1,113,111,0.2769635993936881,13,knot_research.db
37722,13a_3774,1,111,109,0.2761898487488414,13,knot_research.db
37723,13a_4339,1,117,115,0.30771745832891134,13,knot_research.db
37724,13a_4149,1,113,111,0.29592592784864225,13,knot_research.db
37725,13a_4156,1,111,109,0.348984595079095,13,knot_research.db
37726,13a_3841,1,109,107,0.2552661517419712,13,knot_research.db
37727,13a_3386,1,109,107,0.27242509598364384,13,knot_research.db
37728,13a_3815,1,105,103,0.24569518990927175,13,knot_research.db
37729,13a_4188,1,107,105,0.2983167354556404,13,knot_research.db
37730,13a_3724,1,115,113,0.193776233735214,13,knot_research.db
37731,13a_3285,1,109,107,0.24226375299463293,13,knot_research.db
37732,13a_3813,1,119,117,0.24171650418200197,13,knot_research.db
37733,13a_3772,1,111,109,0.28798887907620824,13,knot_research.db
37734,13a_3683,1,115,113,0.36164155893343136,13,knot_research.db
37735,13a_4222,1,113,111,0.22573979691417662,13,knot_research.db
37736,13a_4311,1,125,123,0.18084598161619547,13,knot_research.db
37737,13a_3707,1,113,111,0.23470228943598156,13,knot_research.db
37738,13a_4298,1,119,117,0.1891993806792622,13,knot_research.db
37739,13a_4359,1,111,109,0.32231706590262843,13,knot_research.db
37740,13a_4169,1,111,109,0.31475284155765987,13,knot_research.db
37741,13a_4176,1,117,115,0.2684974153859161,13,knot_research.db
37742,13a_3794,1,113,111,0.2250785032497956,13,knot_research.db
37743,13a_3730,1,117,115,0.2676684676066157,13,knot_research.db
37744,13a_3900,1,119,117,0.13386179220175048,13,knot_research.db
37745,13a_3861,1,107,105,0.40632951542483015,13,knot_research.db
37746,13a_4208,1,113,111,0.21260287969354288,13,knot_research.db
37747,13a_4317,1,119,117,0.13386179220175065,13,knot_research.db
37748,13a_4242,1,117,115,0.22903790017588016,13,knot_research.db
37749,13a_3835,1,109,107,0.3592212499464576,13,knot_research.db
37750,13a_3744,1,119,117,0.17582049857561088,13,knot_research.db
37751,13a_3792,1,107,105,0.2932548045417601,13,knot_research.db
37752,13a_4379,1,119,117,0.16032816532095243,13,knot_research.db
37753,13a_3703,1,125,123,0.14636356453235005,13,knot_research.db
37754,13a_3833,1,121,119,0.19808963477290323,13,knot_research.db
37755,13a_3406,1,119,117,0.2615674574729523,13,knot_research.db
37756,13a_4189,1,113,111,0.17103705799343677,13,knot_research.db
37757,13a_4318,1,117,115,0.14889413744152943,13,knot_research.db
37758,13a_4196,1,107,105,0.23019925317785192,13,knot_research.db
37759,13a_3881,1,125,123,0.20056724631789932,13,knot_research.db
37760,13a_3305,1,117,115,0.3332479443158564,13,knot_research.db
37761,13a_3750,1,109,107,0.2641711667353899,13,knot_research.db
37762,13a_3727,1,105,103,0.22879806202758052,13,knot_research.db
37763,13a_4331,1,119,117,0.15444588681457563,13,knot_research.db
37764,13a_3814,1,123,121,0.19440896068315536,13,knot_research.db
37765,13a_4228,1,121,119,0.1722672163312639,13,knot_research.db
37766,13a_4262,1,127,125,0.14495277701123763,13,knot_research.db
37767,13a_3855,1,119,117,0.2645932534498312,13,knot_research.db
37768,13a_4399,1,119,117,0.19317125354820633,13,knot_research.db
37769,13a_4337,1,113,111,0.2936797043584119,13,knot_research.db
37770,13a_3764,1,113,111,0.28995725800187044,13,knot_research.db
37771,13a_3812,1,103,101,0.24463548856299377,13,knot_research.db
37772,13a_3920,1,109,107,0.2014588106834821,13,knot_research.db
37773,13a_4209,1,103,101,0.15990721351470097,13,knot_research.db
37774,13a_4351,1,121,119,0.19624462028283948,13,knot_research.db
37775,13a_4338,1,121,119,0.2265752558232786,13,knot_research.db
37776,13a_4216,1,111,109,0.18631140001757313,13,knot_research.db
37777,13a_3747,1,109,107,0.19715978441467305,13,knot_research.db
37778,13a_3770,1,107,105,0.41214942812963606,13,knot_research.db
37779,13a_4248,1,107,105,0.2984451075046014,13,knot_research.db
37780,13a_3426,1,115,113,0.3016926475465111,13,knot_research.db
37781,13a_3853,1,125,123,0.1805836206742033,13,knot_research.db
37782,13a_4357,1,117,115,0.23076395136164454,13,knot_research.db
37783,13a_3325,1,123,121,0.1926437047884817,13,knot_research.db
37784,13a_3875,1,109,107,0.3209912395517543,13,knot_research.db
37785,13a_3723,1,119,117,0.2617498942906317,13,knot_research.db
37786,13a_3901,1,123,121,0.12061475842818192,13,knot_research.db
37787,13a_4419,1,113,111,0.35114451602227287,13,knot_research.db
37788,13a_3784,1,125,123,0.19029764251027714,13,knot_research.db
37789,13a_3834,1,113,111,0.21010672779423542,13,knot_research.db
37790,13a_4371,1,117,115,0.25301306531854567,13,knot_research.db
37791,13a_3832,1,123,121,0.18698823832886802,13,knot_research.db
37792,13a_4282,1,115,113,0.18997942593267836,13,knot_research.db
37793,13a_4268,1,107,105,0.41214942774815067,13,knot_research.db
37794,13a_3940,1,115,113,0.2347022893975631,13,knot_research.db
37795,13a_4358,1,105,103,0.3158812900168344,13,knot_research.db
37796,13a_3790,1,115,113,0.19377623373709515,13,knot_research.db
37797,13a_4229,1,117,115,0.2751269710289032,13,knot_research.db
37798,13a_4377,1,125,123,0.20080903820801974,13,knot_research.db
37799,13a_4439,1,115,113,0.27536117178559355,13,knot_research.db
37800,13a_3895,1,123,121,0.13596424880396515,13,knot_research.db
37801,13a_4236,1,117,115,0.21822037842661932,13,knot_research.db
37802,13a_4391,1,109,107,0.24748679548512303,13,knot_research.db
37803,13a_4288,1,113,111,0.29886891960249057,13,knot_research.db
37804,13a_4302,1,123,121,0.1458097739061085,13,knot_research.db
37805,13a_3873,1,111,109,0.26922984225240687,13,knot_research.db
37806,13a_4378,1,117,115,0.3128093021994219,13,knot_research.db
37807,13a_3743,1,121,119,0.23680638482441002,13,knot_research.db
37808,13a_3446,1,113,111,0.24990996560448858,13,knot_research.db
37809,13a_3767,1,117,115,0.27696359966321116,13,knot_research.db
37810,13a_3854,1,115,113,0.14268477224394896,13,knot_research.db
37811,13a_3960,1,113,111,0.18593984522893411,13,knot_research.db
37812,13a_4249,1,107,105,0.24503209088259154,13,knot_research.db
37813,13a_3852,1,129,127,0.11209128193842366,13,knot_research.db
37814,13a_4459,1,115,113,0.2806335066917208,13,knot_research.db
37815,13a_3810,1,115,113,0.3365920559164029,13,knot_research.db
37816,13a_3345,1,111,109,0.32046675127838786,13,knot_research.db
37817,13a_3804,1,113,111,0.28995725797902006,13,knot_research.db
37818,13a_4256,1,109,107,0.3200124893392673,13,knot_research.db
37819,13a_4308,1,109,107,0.2621886267225959,13,knot_research.db
37820,13a_4411,1,109,107,0.2714371455686161,13,knot_research.db
37821,13a_3921,1,107,105,0.29929796148267024,13,knot_research.db
37822,13a_4397,1,121,119,0.14339577760254846,13,knot_research.db
37823,13a_4398,1,121,119,0.19624462028276754,13,knot_research.db
37824,13a_3893,1,119,117,0.27467553885344526,13,knot_research.db
37825,13a_4322,1,117,115,0.2070984821220107,13,knot_research.db
37826,13a_3915,1,127,125,0.13037284539162478,13,knot_research.db
37827,13a_4269,1,111,109,0.34375902449862905,13,knot_research.db
37828,13a_3980,1,111,109,0.23348783900832124,13,knot_research.db
37829,13a_3763,1,109,107,0.29110535646550667,13,knot_research.db
37830,13a_3787,1,115,113,0.30847194517623144,13,knot_research.db
37831,13a_4479,1,103,101,0.39867860738581934,13,knot_research.db
37832,13a_4276,1,115,113,0.18353278230288855,13,knot_research.db
37833,13a_3830,1,125,123,0.20250993241748413,13,knot_research.db
37834,13a_4431,1,113,111,0.18631140001924298,13,knot_research.db
37835,13a_3874,1,113,111,0.25578150110693,13,knot_research.db
37836,13a_3466,1,113,111,0.23443016311728493,13,knot_research.db
37837,13a_3824,1,107,105,0.30973637530324444,13,knot_research.db
37838,13a_3941,1,109,107,0.2997820849529271,13,knot_research.db
37839,13a_4328,1,123,121,0.13480317510629447,13,knot_research.db
37840,13a_4418,1,107,105,0.2889908046807506,13,knot_research.db
37841,13a_4342,1,121,119,0.25191132922990966,13,knot_research.db
37842,13a_3365,1,111,109,0.3760564505075732,13,knot_research.db
37843,13a_4499,1,107,105,0.1635279674218545,13,knot_research.db
37844,13a_4289,1,111,109,0.3416450678118112,13,knot_research.db
37845,13a_4417,1,105,103,0.2228150901105885,13,knot_research.db
37846,13a_3783,1,117,115,0.209755415090196,13,knot_research.db
37847,13a_3913,1,117,115,0.24333946940713294,13,knot_research.db
37848,13a_3807,1,109,107,0.3008107824203671,13,knot_research.db
37849,13a_4000,1,109,107,0.3572557989435532,13,knot_research.db
37850,13a_4296,1,123,121,0.18343877022267857,13,knot_research.db
37851,13a_3894,1,111,109,0.20818540071286648,13,knot_research.db
37852,13a_3844,1,109,107,0.36904024337308694,13,knot_research.db
37853,13a_4438,1,115,113,0.22250134011574965,13,knot_research.db
37854,13a_3961,1,115,113,0.2225013401304293,13,knot_research.db
37855,13a_4309,1,113,111,0.23470228943194046,13,knot_research.db
37856,13a_3850,1,113,111,0.1740251912004508,13,knot_research.db
37857,13a_4437,1,107,105,0.4136062189736006,13,knot_research.db
37858,13a_4519,1,111,109,0.18069068435965877,13,knot_research.db
37859,13a_4348,1,109,107,0.32343905544652846,13,knot_research.db
37860,13a_4362,1,115,113,0.19822702672708284,13,knot_research.db
37861,13a_4451,1,121,119,0.24321590984542535,13,knot_research.db
37862,13a_3872,1,119,117,0.23968802074580398,13,knot_research.db
37863,13a_3803,1,111,109,0.20300998968059336,13,knot_research.db
37864,13a_3827,1,107,105,0.22296473074990203,13,knot_research.db
37865,13a_3486,1,113,111,0.24001784317516284,13,knot_research.db
37866,13a_3933,1,115,113,0.2010442208649047,13,knot_research.db
37867,13a_4020,1,115,113,0.22250134014318124,13,knot_research.db
37868,13a_3385,1,121,119,0.23771473869503534,13,knot_research.db
37869,13a_4458,1,111,109,0.3623489204688337,13,knot_research.db
37870,13a_3935,1,119,117,0.2012263906361335,13,knot_research.db
37871,13a_3864,1,113,111,0.2701422218716446,13,knot_research.db
37872,13a_4457,1,117,115,0.23196443633288744,13,knot_research.db
37873,13a_3981,1,117,115,0.23836535915315818,13,knot_research.db
37874,13a_4316,1,113,111,0.08101405277100525,13,knot_research.db
37875,13a_4368,1,115,113,0.22830042273101078,13,knot_research.db
37876,13a_4329,1,123,121,0.1371211089991889,13,knot_research.db
37877,13a_3914,1,129,127,0.15042769436454387,13,knot_research.db
37878,13a_4539,1,127,125,0.19686191248957483,13,knot_research.db
37879,13a_4471,1,117,115,0.21310637982428837,13,knot_research.db
37880,13a_3823,1,105,103,0.18278829948353656,13,knot_research.db
37881,13a_4382,1,117,115,0.22879146064512706,13,knot_research.db
37882,13a_3870,1,117,115,0.21511550865723028,13,knot_research.db
37883,13a_3892,1,109,107,0.24049648164535622,13,knot_research.db
37884,13a_3847,1,109,107,0.3558217500235711,13,knot_research.db
37885,13a_4040,1,117,115,0.2222643702095028,13,knot_research.db
37886,13a_4477,1,105,103,0.3546815711413868,13,knot_research.db
37887,13a_4478,1,117,115,0.2676684676056944,13,knot_research.db
37888,13a_4388,1,111,109,0.3089136120234852,13,knot_research.db
37889,13a_3884,1,113,111,0.2795205172154949,13,knot_research.db
37890,13a_3953,1,109,107,0.34134272337696786,13,knot_research.db
37891,13a_3506,1,109,107,0.2060727616933865,13,knot_research.db
37892,13a_3955,1,117,115,0.22226437023113327,13,knot_research.db
37893,13a_4001,1,117,115,0.23211508731259836,13,knot_research.db
37894,13a_4402,1,127,125,0.18293447999815018,13,knot_research.db
37895,13a_4491,1,125,123,0.18283392528164571,13,knot_research.db
37896,13a_3405,1,107,105,0.4272250722659294,13,knot_research.db
37897,13a_4349,1,115,113,0.21654033141976603,13,knot_research.db
37898,13a_3867,1,119,117,0.26174989428120565,13,knot_research.db
37899,13a_4498,1,109,107,0.1208613368078911,13,knot_research.db
37900,13a_4559,1,123,121,0.1391941468882924,13,knot_research.db
37901,13a_3843,1,113,111,0.27078698040616206,13,knot_research.db
37902,13a_4060,1,105,103,0.1939223977303715,13,knot_research.db
37903,13a_3912,1,111,109,0.20300998968118095,13,knot_research.db
37904,13a_4497,1,113,111,0.17725562405132203,13,knot_research.db
37905,13a_3890,1,105,103,0.15505938625760235,13,knot_research.db
37906,13a_4408,1,107,105,0.3062603021993836,13,knot_research.db
37907,13a_3973,1,109,107,0.38784369982315303,13,knot_research.db
37908,13a_3904,1,115,113,0.18816247791625543,13,knot_research.db
37909,13a_3975,1,117,115,0.21321909030392747,13,knot_research.db
37910,13a_3934,1,107,105,0.4082541610625075,13,knot_research.db
37911,13a_4021,1,111,109,0.38116171946213345,13,knot_research.db
37912,13a_4428,1,113,111,0.3002044949003396,13,knot_research.db
37913,13a_4369,1,123,121,0.2697476747200958,13,knot_research.db
37914,13a_4336,1,125,123,0.18283392528172554,13,knot_research.db
37915,13a_4517,1,115,113,0.24824100079442096,13,knot_research.db
37916,13a_4080,1,111,109,0.2433064329943058,13,knot_research.db
37917,13a_3887,1,107,105,0.4082541609868253,13,knot_research.db
37918,13a_4422,1,113,111,0.336267005503453,13,knot_research.db
37919,13a_3863,1,111,109,0.2972524443711864,13,knot_research.db
37920,13a_3526,1,117,115,0.25083063217212154,13,knot_research.db
37921,13a_3993,1,115,113,0.23161617354377317,13,knot_research.db
37922,13a_4579,1,111,109,0.366901177394823,13,knot_research.db
37923,13a_4511,1,117,115,0.2553218891523947,13,knot_research.db
37924,13a_4518,1,111,109,0.3549116298536565,13,knot_research.db
37925,13a_3932,1,117,115,0.25417111965418376,13,knot_research.db
37926,13a_3995,1,111,109,0.36381447397803474,13,knot_research.db
37927,13a_3954,1,119,117,0.15801611425139833,13,knot_research.db
37928,13a_3425,1,115,113,0.1982270267273207,13,knot_research.db
37929,13a_3924,1,111,109,0.29831508819479413,13,knot_research.db
37930,13a_4041,1,109,107,0.19972608668559863,13,knot_research.db
37931,13a_4448,1,117,115,0.33147174999330065,13,knot_research.db
37932,13a_3907,1,121,119,0.1825442257988456,13,knot_research.db
37933,13a_3910,1,111,109,0.333600385865145,13,knot_research.db
37934,13a_4389,1,113,111,0.20567660896781823,13,knot_research.db
37935,13a_4599,1,107,105,0.13590983559615802,13,knot_research.db
37936,13a_4537,1,125,123,0.29555054686520127,13,knot_research.db
37937,13a_4442,1,115,113,0.22918237377908404,13,knot_research.db
37938,13a_4538,1,131,129,0.12061475842818256,13,knot_research.db
37939,13a_4100,1,117,115,0.301692647541464,13,knot_research.db
37940,13a_4531,1,121,119,0.2017701241744394,13,knot_research.db
37941,13a_3883,1,111,109,0.31728251847928496,13,knot_research.db
37942,13a_4013,1,121,119,0.2218040548303632,13,knot_research.db
37943,13a_4015,1,119,117,0.19317125354849488,13,knot_research.db
37944,13a_4356,1,109,107,0.3572557989410772,13,knot_research.db
37945,13a_3952,1,119,117,0.23968802074492457,13,knot_research.db
37946,13a_4468,1,109,107,0.13982988557943435,13,knot_research.db
37947,13a_3944,1,115,113,0.24726882159719132,13,knot_research.db
37948,13a_3546,1,119,117,0.2565440535471836,13,knot_research.db
37949,13a_4061,1,111,109,0.29110535645592406,13,knot_research.db
37950,13a_4462,1,119,117,0.2218040548341084,13,knot_research.db
37951,13a_3930,1,109,107,0.2428018039451322,13,knot_research.db
37952,13a_3974,1,115,113,0.15797355698689455,13,knot_research.db
37953,13a_4409,1,119,117,0.26974767471965866,13,knot_research.db
37954,13a_4376,1,121,119,0.24321590984614774,13,knot_research.db
37955,13a_3927,1,123,121,0.17489204183228943,13,knot_research.db
37956,13a_4551,1,125,123,0.17214588558838465,13,knot_research.db
37957,13a_3903,1,117,115,0.17632322484674198,13,knot_research.db
37958,13a_4120,1,105,103,0.2597868993218588,13,knot_research.db
37959,13a_4557,1,109,107,0.326678600459414,13,knot_research.db
37960,13a_4619,1,121,119,0.20682210653302824,13,knot_research.db
37961,13a_4033,1,109,107,0.2278206263426503,13,knot_research.db
37962,13a_4035,1,117,115,0.20962185724746557,13,knot_research.db
37963,13a_3972,1,117,115,0.32973229894204603,13,knot_research.db
37964,13a_4482,1,109,107,0.4030948672555413,13,knot_research.db
37965,13a_3964,1,111,109,0.1913476678907221,13,knot_research.db
37966,13a_4081,1,117,115,0.3188578250112984,13,knot_research.db
37967,13a_4577,1,123,121,0.2697476747196234,13,knot_research.db
37968,13a_4429,1,109,107,0.26577023980362263,13,knot_research.db
37969,13a_4396,1,115,113,0.18353278230323036,13,knot_research.db
37970,13a_3566,1,101,99,0.27190608468689514,13,knot_research.db
37971,13a_3445,1,109,107,0.2429634489223669,13,knot_research.db
37972,13a_3950,1,105,103,0.23910072543141245,13,knot_research.db
37973,13a_3994,1,111,109,0.29110535646198665,13,knot_research.db
37974,13a_4502,1,117,115,0.21936463954840066,13,knot_research.db
37975,13a_4639,1,113,111,0.2038348487280418,13,knot_research.db
37976,13a_4558,1,111,109,0.09917373273459903,13,knot_research.db
37977,13a_4571,1,125,123,0.14672581059537743,13,knot_research.db
37978,13a_3923,1,117,115,0.2795205171942845,13,knot_research.db
37979,13a_4053,1,107,105,0.23019925318105425,13,knot_research.db
37980,13a_4055,1,111,109,0.19258022241564185,13,knot_research.db
37981,13a_3992,1,109,107,0.16154343253332032,13,knot_research.db
37982,13a_3947,1,117,115,0.20872142306000865,13,knot_research.db
37983,13a_3984,1,119,117,0.2536945853263778,13,knot_research.db
37984,13a_4449,1,111,109,0.18726848125321252,13,knot_research.db
37985,13a_4140,1,107,105,0.23019925317843742,13,knot_research.db
37986,13a_4597,1,119,117,0.18414830584672534,13,knot_research.db
37987,13a_4101,1,125,123,0.20220211333642543,13,knot_research.db
37988,13a_4488,1,111,109,0.12615909089384192,13,knot_research.db
37989,13a_4014,1,113,111,0.3012811030518973,13,knot_research.db
37990,13a_4659,1,115,113,0.3429381794920105,13,knot_research.db
37991,13a_4522,1,117,115,0.2102088795669992,13,knot_research.db
37992,13a_3970,1,113,111,0.29234216170188915,13,knot_research.db
37993,13a_3586,1,103,101,0.5235900985832043,13,knot_research.db
37994,13a_4073,1,107,105,0.23312597679994435,13,knot_research.db
37995,13a_3943,1,113,111,0.29592592786177574,13,knot_research.db
37996,13a_4416,1,119,117,0.22180405483431592,13,knot_research.db
37997,13a_4012,1,123,121,0.19814162640700517,13,knot_research.db
37998,13a_3465,1,125,123,0.23771473869276527,13,knot_research.db
37999,13a_3967,1,123,121,0.21205868357416766,13,knot_research.db
38000,13a_4469,1,121,119,0.17792879417478424,13,knot_research.db
38001,13a_4578,1,123,121,0.16813071214310196,13,knot_research.db
38002,13a_4075,1,119,117,0.2681728452848338,13,knot_research.db
38003,13a_4160,1,109,107,0.2623172502131023,13,knot_research.db
38004,13a_4617,1,119,117,0.18848173101559962,13,knot_research.db
38005,13a_4542,1,115,113,0.24486442587591803,13,knot_research.db
38006,13a_4004,1,109,107,0.3097363754918755,13,knot_research.db
38007,13a_4679,1,107,105,0.42070661431201295,13,knot_research.db
38008,13a_4034,1,113,111,0.3079113427312065,13,knot_research.db
38009,13a_4121,1,113,111,0.35687955087980483,13,knot_research.db
38010,13a_3606,1,117,115,0.21253884815907345,13,knot_research.db
38011,13a_3990,1,107,105,0.18045551621237263,13,knot_research.db
38012,13a_4436,1,117,115,0.3188578250086991,13,knot_research.db
38013,13a_3963,1,115,113,0.25287220149053513,13,knot_research.db
38014,13a_4093,1,111,109,0.3228939137221677,13,knot_research.db
38015,13a_4699,1,121,119,0.21467393487645672,13,knot_research.db
38016,13a_4591,1,119,117,0.24321590984975816,13,knot_research.db
38017,13a_4032,1,117,115,0.2679070829780263,13,knot_research.db
38018,13a_4637,1,109,107,0.3332303212464429,13,knot_research.db
38019,13a_4024,1,119,117,0.2361516251474918,13,knot_research.db
38020,13a_4562,1,127,125,0.1381406335348937,13,knot_research.db
38021,13a_4095,1,113,111,0.33858333369564186,13,knot_research.db
38022,13a_4180,1,111,109,0.29867388144340645,13,knot_research.db
38023,13a_3987,1,119,117,0.2033461143243682,13,knot_research.db
38024,13a_4054,1,109,107,0.36035959275108437,13,knot_research.db
38025,13a_4489,1,117,115,0.1829691226806698,13,knot_research.db
38026,13a_4456,1,119,117,0.1758204985745784,13,knot_research.db
38027,13a_4141,1,105,103,0.3249931150107579,13,knot_research.db
38028,13a_4508,1,111,109,0.2702086306877669,13,knot_research.db
38029,13a_4719,1,115,113,0.2283004227243407,13,knot_research.db
38030,13a_3485,1,109,107,0.29905865838058143,13,knot_research.db
38031,13a_4113,1,115,113,0.35499199940528153,13,knot_research.db
38032,13a_3983,1,117,115,0.209621857247803,13,knot_research.db
38033,13a_3626,1,117,115,0.32931972272680005,13,knot_research.db
38034,13a_4598,1,105,103,0.30398468771107146,13,knot_research.db
38035,13a_4657,1,119,117,0.2258624420107618,13,knot_research.db
38036,13a_4611,1,117,115,0.21259206477669643,13,knot_research.db
38037,13a_4052,1,115,113,0.36164155895171546,13,knot_research.db
38038,13a_4200,1,117,115,0.26978569325500135,13,knot_research.db
38039,13a_4044,1,115,113,0.3084719451105427,13,knot_research.db
38040,13a_4074,1,121,119,0.17906697045233425,13,knot_research.db
38041,13a_4739,1,105,103,0.1080455593360834,13,knot_research.db
38042,13a_4115,1,123,121,0.20056724632366277,13,knot_research.db
38043,13a_4528,1,117,115,0.19672021020124625,13,knot_research.db
38044,13a_4010,1,113,111,0.2530130653832316,13,knot_research.db
38045,13a_4007,1,111,109,0.3267743462936696,13,knot_research.db
38046,13a_4582,1,119,117,0.26558386621796776,13,knot_research.db
38047,13a_4618,1,117,115,0.2321150873204701,13,knot_research.db
38048,13a_4476,1,107,105,0.25292989729747745,13,knot_research.db
38049,13a_4161,1,117,115,0.3363257544804861,13,knot_research.db
38050,13a_4133,1,117,115,0.2445674676369655,13,knot_research.db
38051,13a_4509,1,119,117,0.15737302929960278,13,knot_research.db
38052,13a_4631,1,109,107,0.20247106799565168,13,knot_research.db
38053,13a_4677,1,117,115,0.31280930232123827,13,knot_research.db
38054,13a_4003,1,107,105,0.2983167354670738,13,knot_research.db
38055,13a_3505,1,111,109,0.3520384626038276,13,knot_research.db
38056,13a_3646,1,113,111,0.31885782501339194,13,knot_research.db
38057,13a_4072,1,121,119,0.2703087662007939,13,knot_research.db
38058,13a_4548,1,125,123,0.12294015433429922,13,knot_research.db
38059,13a_4638,1,115,113,0.19377623373717787,13,knot_research.db
38060,13a_4496,1,117,115,0.23211508732433958,13,knot_research.db
38061,13a_4064,1,113,111,0.28995725800374605,13,knot_research.db
38062,13a_4220,1,111,109,0.2605410479233371,13,knot_research.db
38063,13a_4030,1,109,107,0.2623172502036379,13,knot_research.db
38064,13a_4602,1,121,119,0.2068221065337632,13,knot_research.db
38065,13a_4027,1,111,109,0.26922984225460406,13,knot_research.db
38066,13a_4094,1,115,113,0.19377623373724387,13,knot_research.db
38067,13a_4697,1,103,101,0.31621237153996207,13,knot_research.db
38068,13a_4651,1,107,105,0.13114695663346418,13,knot_research.db
38069,13a_4759,1,121,119,0.21467393488517778,13,knot_research.db
38070,13a_4181,1,107,105,0.40013931992325485,13,knot_research.db
38071,13a_4153,1,107,105,0.15526164877447834,13,knot_research.db
38072,13a_4023,1,109,107,0.4128188676587455,13,knot_research.db
38073,13a_4135,1,105,103,0.3222208022133327,13,knot_research.db
38074,13a_4529,1,113,111,0.3519954373442707,13,knot_research.db
38075,13a_4658,1,115,113,0.1965775592757214,13,knot_research.db
38076,13a_3525,1,109,107,0.3660819975680165,13,knot_research.db
38077,13a_4516,1,113,111,0.25497739529933666,13,knot_research.db
38078,13a_4092,1,109,107,0.32768418610391314,13,knot_research.db
38079,13a_4240,1,109,107,0.11097693818459088,13,knot_research.db
38080,13a_4717,1,113,111,0.17707053839330997,13,knot_research.db
38081,13a_4047,1,103,101,0.29369923679124266,13,knot_research.db
38082,13a_4084,1,121,119,0.21205868357027854,13,knot_research.db
38083,13a_4622,1,117,115,0.18961984895591033,13,knot_research.db
38084,13a_3666,1,115,113,0.3347431517563711,13,knot_research.db
38085,13a_4201,1,109,107,0.10146412134200872,13,knot_research.db
38086,13a_4779,1,117,115,0.32555147473054186,13,knot_research.db
38087,13a_4043,1,101,99,0.3846597017982033,13,knot_research.db
38088,13a_4568,1,123,121,0.13919414688829634,13,knot_research.db
38089,13a_4050,1,107,105,0.2965433612307984,13,knot_research.db
38090,13a_4549,1,121,119,0.12061475842818288,13,knot_research.db
38091,13a_4114,1,123,121,0.17211627353369102,13,knot_research.db
38092,13a_4536,1,121,119,0.2096949391094845,13,knot_research.db
38093,13a_4173,1,107,105,0.2679491924311222,13,knot_research.db
38094,13a_4155,1,107,105,0.13454930443937543,13,knot_research.db
38095,13a_4671,1,109,107,0.3608066953794123,13,knot_research.db
38096,13a_4678,1,115,113,0.17220166249863805,13,knot_research.db
38097,13a_4642,1,121,119,0.20870911228357905,13,knot_research.db
38098,13a_3545,1,123,121,0.19145090982410032,13,knot_research.db
38099,13a_4112,1,117,115,0.36164155892792454,13,knot_research.db
38100,13a_4067,1,119,117,0.35572190640732376,13,knot_research.db
38101,13a_4799,1,119,117,0.14316175369626047,13,knot_research.db
38102,13a_4063,1,117,115,0.2679070829788897,13,knot_research.db
38103,13a_4691,1,115,113,0.2225013401262969,13,knot_research.db
38104,13a_4104,1,107,105,0.16141007872108057,13,knot_research.db
38105,13a_4569,1,125,123,0.21082551870690766,13,knot_research.db
38106,13a_3686,1,119,117,0.24184219919244837,13,knot_research.db
38107,13a_4556,1,119,117,0.16050197761859306,13,knot_research.db
38108,13a_4737,1,117,115,0.2638500784992962,13,knot_research.db
38109,13a_4193,1,111,109,0.21469422769609722,13,knot_research.db
38110,13a_4588,1,119,117,0.21177234033281392,13,knot_research.db
38111,13a_4070,1,123,121,0.14174300897152317,13,knot_research.db
38112,13a_4260,1,107,105,0.41214942813974614,13,knot_research.db
38113,13a_4698,1,107,105,0.24226375302758602,13,knot_research.db
38114,13a_4662,1,117,115,0.28265979082522513,13,knot_research.db
38115,13a_4711,1,117,115,0.2795205171926702,13,knot_research.db
38116,13a_4819,1,117,115,0.17900584696791622,13,knot_research.db
38117,13a_4132,1,105,103,0.23415619391897655,13,knot_research.db
38118,13a_4087,1,125,123,0.21563792237342194,13,knot_research.db
38119,13a_4175,1,113,111,0.2899572580067493,13,knot_research.db
38120,13a_4083,1,113,111,0.2000487508486325,13,knot_research.db
38121,13a_4757,1,111,109,0.3669011773852428,13,knot_research.db
38122,13a_4134,1,105,103,0.15542938293687966,13,knot_research.db
38123,13a_4124,1,113,111,0.2549773952994745,13,knot_research.db
38124,13a_4280,1,109,107,0.3215102378686676,13,knot_research.db
38125,13a_4608,1,115,113,0.17833622845083694,13,knot_research.db
38126,13a_4718,1,119,117,0.2272645019659351,13,knot_research.db
38127,13a_4682,1,111,109,0.40227668301238667,13,knot_research.db
38128,13a_4589,1,107,105,0.2621599564267697,13,knot_research.db
38129,13a_3565,1,119,117,0.23615162515422397,13,knot_research.db
38130,13a_4213,1,125,123,0.20250993241541834,13,knot_research.db
38131,13a_4731,1,111,109,0.31991450294828594,13,knot_research.db
38132,13a_3706,1,117,115,0.17679886200901257,13,knot_research.db
38133,13a_4777,1,109,107,0.24280180396186168,13,knot_research.db
38134,13a_4839,1,129,127,0.17100305730487322,13,knot_research.db
38135,13a_4576,1,115,113,0.22830042273040618,13,knot_research.db
38136,13a_4195,1,117,115,0.2679070829889784,13,knot_research.db
38137,13a_4103,1,115,113,0.38293519167825885,13,knot_research.db
38138,13a_4221,1,111,109,0.30783026594330243,13,knot_research.db
38139,13a_4152,1,115,113,0.3084719450982887,13,knot_research.db
38140,13a_4300,1,129,127,0.13013846171360047,13,knot_research.db
38141,13a_4702,1,109,107,0.24226375303093972,13,knot_research.db
38142,13a_4154,1,117,115,0.21020887956729745,13,knot_research.db
38143,13a_4144,1,109,107,0.17638865143575422,13,knot_research.db
38144,13a_4628,1,121,119,0.2645075218853514,13,knot_research.db
38145,13a_4751,1,109,107,0.17497639046565797,13,knot_research.db
38146,13a_4738,1,111,109,0.3811617194214846,13,knot_research.db
38147,13a_4090,1,117,115,0.15398506363189052,13,knot_research.db
38148,13a_4107,1,117,115,0.18064135629890143,13,knot_research.db
38149,13a_4596,1,113,111,0.30791134273606746,13,knot_research.db
38150,13a_4797,1,111,109,0.23870646366368706,13,knot_research.db
38151,13a_4609,1,111,109,0.1970730114500075,13,knot_research.db
38152,13a_4233,1,103,101,0.23633608130343972,13,knot_research.db
38153,13a_4722,1,123,121,0.26549253410699547,13,knot_research.db
38154,13a_4123,1,107,105,0.16707501827504048,13,knot_research.db
38155,13a_4758,1,107,105,0.24110483767134402,13,knot_research.db
38156,13a_4241,1,107,105,0.15489744159110932,13,knot_research.db
38157,13a_4172,1,117,115,0.35502992731870137,13,knot_research.db
38158,13a_4215,1,115,113,0.2695139095065186,13,knot_research.db
38159,13a_4771,1,123,121,0.21103355305032798,13,knot_research.db
38160,13a_4648,1,117,115,0.24456746763754714,13,knot_research.db
38161,13a_4174,1,111,109,0.19334436513699127,13,knot_research.db
38162,13a_3585,1,109,107,0.3669011772238164,13,knot_research.db
38163,13a_3726,1,109,107,0.3960945314725047,13,knot_research.db
38164,13a_4616,1,125,123,0.17697151370853506,13,knot_research.db
38165,13a_4817,1,117,115,0.2225013401399612,13,knot_research.db
38166,13a_4629,1,107,105,0.2965433612281351,13,knot_research.db
38167,13a_4164,1,117,115,0.28962458025509114,13,knot_research.db
38168,13a_4742,1,127,125,0.19025128345261602,13,knot_research.db
38169,13a_4127,1,107,105,0.12671045552638602,13,knot_research.db
38170,13a_4110,1,117,115,0.23211508732179664,13,knot_research.db
38171,13a_4778,1,121,119,0.2052916057238877,13,knot_research.db
38172,13a_4859,1,117,115,0.17264544083086064,13,knot_research.db
38173,13a_4320,1,129,127,0.12879494485880985,13,knot_research.db
38174,13a_4668,1,109,107,0.4201300157132311,13,knot_research.db
38175,13a_4143,1,123,121,0.19814162641584554,13,knot_research.db
38176,13a_4791,1,111,109,0.33508881286585895,13,knot_research.db
38177,13a_4192,1,111,109,0.20631048366349228,13,knot_research.db
38178,13a_4837,1,113,111,0.2508306321737263,13,knot_research.db
38179,13a_4649,1,121,119,0.19236676365628347,13,knot_research.db
38180,13a_4194,1,111,109,0.18790318357036573,13,knot_research.db
38181,13a_3746,1,117,115,0.19027774538379158,13,knot_research.db
38182,13a_4235,1,109,107,0.15881971910323042,13,knot_research.db
38183,13a_4253,1,109,107,0.288599692614936,13,knot_research.db
38184,13a_3605,1,123,121,0.16682402924741732,13,knot_research.db
38185,13a_4688,1,113,111,0.2508306321625797,13,knot_research.db
38186,13a_4636,1,107,105,0.2000504579731219,13,knot_research.db
38187,13a_4261,1,123,121,0.19264370479029308,13,knot_research.db
38188,13n_1,1,113,112,0.03437017794798485,13,knot_research.db
38189,13a_4184,1,111,109,0.29110535646886626,13,knot_research.db
38190,13a_4811,1,111,109,0.20958659004149408,13,knot_research.db
38191,13a_4798,1,109,107,0.3588913167902438,13,knot_research.db
38192,13a_4130,1,109,107,0.2520958485885645,13,knot_research.db
38193,13a_4857,1,119,117,0.21763623099310964,13,knot_research.db
38194,13a_4212,1,113,111,0.24001784316904667,13,knot_research.db
38195,13a_4762,1,117,115,0.23211508730475902,13,knot_research.db
38196,13a_4163,1,111,109,0.19715978441558585,13,knot_research.db
38197,13a_4669,1,109,107,0.4031950220256523,13,knot_research.db
38198,13a_4273,1,127,125,0.1391941468882973,13,knot_research.db
38199,13a_4147,1,117,115,0.29663032988756427,13,knot_research.db
38200,13a_4818,1,117,115,0.33632575450754965,13,knot_research.db
38201,13a_4656,1,121,119,0.18970328955609014,13,knot_research.db
38202,13a_4214,1,117,115,0.21614970152746063,13,knot_research.db
38203,13n_21,1,111,110,0.06990953754187208,13,knot_research.db
38204,13a_3766,1,115,113,0.275361171805386,13,knot_research.db
38205,13a_4708,1,111,109,0.23180362173450908,13,knot_research.db
38206,13a_4340,1,109,107,0.27242509597840736,13,knot_research.db
38207,13a_4204,1,119,117,0.2094608531293527,13,knot_research.db
38208,13a_4782,1,123,121,0.1391941468882945,13,knot_research.db
38209,13a_4150,1,113,111,0.1772556240536525,13,knot_research.db
38210,13a_4689,1,121,119,0.21438835264017145,13,knot_research.db
38211,13a_4232,1,117,115,0.26809617780858974,13,knot_research.db
38212,13a_4255,1,113,111,0.2462612125277274,13,knot_research.db
38213,13a_4281,1,107,105,0.25024244790588135,13,knot_research.db
38214,13a_3625,1,117,115,0.22250134014250827,13,knot_research.db
38215,13n_41,1,109,108,0.17483157577525735,13,knot_research.db
38216,13a_4831,1,127,125,0.16242539102386816,13,knot_research.db
38217,13a_4838,1,125,123,0.2025099324169173,13,knot_research.db
38218,13a_4360,1,125,123,0.18283392528160944,13,knot_research.db
38219,13a_4728,1,109,107,0.17799688840069133,13,knot_research.db
38220,13a_4676,1,113,111,0.249909965594025,13,knot_research.db
38221,13a_4167,1,115,113,0.2310565766989992,13,knot_research.db
38222,13a_4877,1,107,105,0.24510589703720947,13,knot_research.db
38223,13a_4709,1,111,109,0.24407643678830293,13,knot_research.db
38224,13a_3786,1,111,109,0.28143667372301634,13,knot_research.db
38225,13a_4183,1,107,105,0.2965433612036489,13,knot_research.db
38226,13a_4224,1,109,107,0.26408449093853303,13,knot_research.db
38227,13a_4275,1,129,127,0.1504276943643719,13,knot_research.db
38228,13n_61,1,117,116,0.03251064105104133,13,knot_research.db
38229,13a_4301,1,113,111,0.16817236750162012,13,knot_research.db
38230,13a_4170,1,107,105,0.29654336123187275,13,knot_research.db
38231,13a_4252,1,113,111,0.2674850734245595,13,knot_research.db
38232,13a_4802,1,121,119,0.23246309950170901,13,knot_research.db
38233,13a_4748,1,117,115,0.30771745841438025,13,knot_research.db
38234,13a_4858,1,123,121,0.12971101806547172,13,knot_research.db
38235,13a_4696,1,107,105,0.3899987765329314,13,knot_research.db
38236,13a_3645,1,115,113,0.23052027145138304,13,knot_research.db
38237,13a_4187,1,121,119,0.23680638485700403,13,knot_research.db
38238,13a_4234,1,115,113,0.22919629093561306,13,knot_research.db
38239,13a_4729,1,117,115,0.27633476426643694,13,knot_research.db
38240,13a_4851,1,111,109,0.2307645431802758,13,knot_research.db
38241,13a_4244,1,109,107,0.2885996926144665,13,knot_research.db
38242,13n_81,1,115,113,0.024540275072401547,13,knot_research.db
38243,13n_19,1,109,107,0.025258315960549317,13,knot_research.db
38244,13a_4203,1,123,121,0.14161226448439337,13,knot_research.db
38245,13a_4716,1,111,109,0.2972524443418526,13,knot_research.db
38246,13a_4293,1,125,123,0.21521202413664528,13,knot_research.db
38247,13a_4822,1,117,115,0.08101405277100447,13,knot_research.db
38248,13a_4768,1,121,119,0.23249959414567764,13,knot_research.db
38249,13a_4380,1,117,115,0.22937766022425488,13,knot_research.db
38250,13a_3806,1,121,119,0.23680638483033337,13,knot_research.db
38251,13a_4190,1,115,113,0.2975051758835053,13,knot_research.db
38252,13a_4272,1,119,117,0.2891542304201637,13,knot_research.db
38253,13a_4749,1,105,103,0.3158812900112725,13,knot_research.db
38254,13a_4878,1,107,105,0.05811636514789631,13,knot_research.db
38255,13a_4207,1,121,119,0.2324995941441893,13,knot_research.db
38256,13a_4264,1,125,123,0.20080903820743096,13,knot_research.db
38257,13n_39,1,109,108,0.132508722806674,13,knot_research.db
38258,13a_4254,1,115,113,0.2684742121818928,13,knot_research.db
38259,13a_4295,1,113,111,0.3623489204938496,13,knot_research.db
38260,13a_3665,1,111,109,0.21056320813707713,13,knot_research.db
38261,13n_101,1,113,112,0.08268666822166335,13,knot_research.db
38262,13a_4736,1,117,115,0.26790708298873195,13,knot_research.db
38263,13a_4321,1,117,115,0.14124183819346667,13,knot_research.db
38264,13a_4788,1,125,123,0.20250993241852305,13,knot_research.db
38265,13a_4769,1,111,109,0.26922984225608987,13,knot_research.db
38266,13a_4871,1,123,121,0.19018278663634464,13,knot_research.db
38267,13a_4400,1,113,111,0.11649279926097036,13,knot_research.db
38268,13a_4313,1,123,121,0.1314464055519508,13,knot_research.db
38269,13n_59,1,111,109,0.055747484408594915,13,knot_research.db
38270,13a_4292,1,115,113,0.142684772244958,13,knot_research.db
38271,13n_121,1,115,114,0.25654448151867354,13,knot_research.db
38272,13a_4210,1,113,111,0.36164155894546424,13,knot_research.db
38273,13a_3826,1,121,119,0.20250993241811746,13,knot_research.db
38274,13a_4227,1,113,111,0.2899572580050134,13,knot_research.db
38275,13a_4274,1,127,125,0.1808462095453634,13,knot_research.db
38276,13a_4756,1,115,113,0.3251183100992986,13,knot_research.db
38277,13a_4223,1,121,119,0.19624462027455103,13,knot_research.db
38278,13a_4341,1,119,117,0.2308195241856606,13,knot_research.db
38279,13a_4315,1,121,119,0.20257830155668324,13,knot_research.db
38280,13a_4789,1,121,119,0.23249959411942975,13,knot_research.db
38281,13a_4842,1,121,119,0.16779105316680176,13,knot_research.db
38282,13a_4808,1,117,115,0.33297923821549563,13,knot_research.db
38283,13n_79,1,115,114,0.02666149338124487,13,knot_research.db
38284,13a_4284,1,101,99,0.44981686088641276,13,knot_research.db
38285,13n_141,1,117,116,0.02519413318588337,13,knot_research.db
38286,13a_3685,1,125,123,0.15232563436213814,13,knot_research.db
38287,13a_4776,1,115,113,0.31223030353374953,13,knot_research.db
38288,13a_4230,1,123,121,0.17606323157596065,13,knot_research.db
38289,13a_4312,1,111,109,0.08978740301394315,13,knot_research.db
38290,13a_4247,1,111,109,0.28744510427548886,13,knot_research.db
38291,13a_4333,1,133,131,0.12643639570145204,13,knot_research.db
38292,13a_4809,1,113,111,0.15752197254218944,13,knot_research.db
38293,13a_4828,1,113,111,0.08777082151560253,13,knot_research.db
38294,13a_4243,1,123,121,0.18039032652887316,13,knot_research.db
38295,13n_99,1,115,114,0.009680718029435395,13,knot_research.db
38296,13a_4304,1,107,105,0.18288781430102327,13,knot_research.db
38297,13a_3846,1,115,113,0.21246774624331172,13,knot_research.db
38298,13a_4361,1,113,111,0.19180164201120456,13,knot_research.db
38299,13a_4335,1,107,105,0.19136756402892494,13,knot_research.db
38300,13a_4796,1,123,121,0.213642346884302,13,knot_research.db
38301,13a_4294,1,121,119,0.21827220470091394,13,knot_research.db
38302,13n_13,1,115,114,0.016264859678133126,13,knot_research.db
38303,13n_161,1,107,105,0.022789324614687287,13,knot_research.db
38304,13a_4267,1,113,111,0.2218994263956541,13,knot_research.db
38305,13a_4829,1,131,129,0.12061475842818294,13,knot_research.db
38306,13n_119,1,113,112,0.19303249585339846,13,knot_research.db
38307,13a_4250,1,117,115,0.2750443456189592,13,knot_research.db
38308,13a_4816,1,115,113,0.3572557982593727,13,knot_research.db
38309,13a_4420,1,113,111,0.2654754159081781,13,knot_research.db
38310,13a_4263,1,107,105,0.18045551621163308,13,knot_research.db
38311,13a_4381,1,123,121,0.14784115161889091,13,knot_research.db
38312,13a_4862,1,121,119,0.08101405277100458,13,knot_research.db
38313,13n_33,1,115,113,0.011987979197898005,13,knot_research.db
38314,13n_181,1,109,108,0.06284992785844555,13,knot_research.db
38315,13a_4332,1,117,115,0.22879146064039688,13,knot_research.db
38316,13a_4355,1,111,109,0.3321382305317836,13,knot_research.db
38317,13a_3705,1,119,117,0.27563233633949924,13,knot_research.db
38318,13a_4314,1,127,125,0.13231655854384516,13,knot_research.db
38319,13a_4848,1,117,115,0.21905339871525525,13,knot_research.db
38320,13a_4287,1,111,109,0.29472452505840585,13,knot_research.db
38321,13a_3866,1,111,109,0.32151023785013694,13,knot_research.db
38322,13a_4324,1,119,117,0.220150931407676,13,knot_research.db
38323,13n_139,1,115,114,0.03359186788066827,13,knot_research.db
38324,13a_4836,1,127,125,0.1222211116847992,13,knot_research.db
38325,13n_201,1,119,118,0.03117093664102205,13,knot_research.db
38326,13a_4270,1,125,123,0.20056724632313927,13,knot_research.db
38327,13n_20,1,109,108,0.255481302585507,13,knot_research.db
38328,13n_53,1,111,110,0.14010835340352593,13,knot_research.db
38329,13a_4868,1,129,127,0.12775317092326383,13,knot_research.db
38330,13a_4353,1,109,107,0.3234390555404009,13,knot_research.db
38331,13a_4440,1,105,103,0.3879858943690559,13,knot_research.db
38332,13a_4375,1,117,115,0.29886891960637263,13,knot_research.db
38333,13a_4352,1,109,107,0.30398468771776455,13,knot_research.db
38334,13a_4307,1,129,127,0.12686869043613352,13,knot_research.db
38335,13n_159,1,115,114,0.023839681003125432,13,knot_research.db
38336,13a_4401,1,121,119,0.17679886200986428,13,knot_research.db
38337,13a_4849,1,117,115,0.18281482460199902,13,knot_research.db
38338,13a_4344,1,117,115,0.277272925645559,13,knot_research.db
38339,13n_40,1,107,105,0.04101789063194518,13,knot_research.db
38340,13a_3886,1,113,111,0.2032559277005674,13,knot_research.db
38341,13a_4283,1,113,111,0.24208918166713178,13,knot_research.db
38342,13n_73,1,111,110,0.08255203463879546,13,knot_research.db
38343,13a_3725,1,109,107,0.305125130706733,13,knot_research.db
38344,13a_4334,1,123,121,0.16813071214191885,13,knot_research.db
38345,13a_4460,1,115,113,0.22250134014265938,13,knot_research.db
38346,13n_221,1,113,112,0.13348671217917255,13,knot_research.db
38347,13a_4373,1,111,109,0.23312597679784802,13,knot_research.db
38348,13n_4,1,115,114,0.03235287937135557,13,knot_research.db
38349,13a_4395,1,125,123,0.19693415554861202,13,knot_research.db
38350,13n_179,1,111,110,0.08886748811522008,13,knot_research.db
38351,13n_60,1,117,116,0.02551843809993743,13,knot_research.db
38352,13a_4372,1,119,117,0.17577168167337628,13,knot_research.db
38353,13a_4869,1,119,117,0.19261800726878608,13,knot_research.db
38354,13n_93,1,113,112,0.0339301712446275,13,knot_research.db
38355,13a_4290,1,115,113,0.18460206472420476,13,knot_research.db
38356,13n_10,1,111,110,0.013956226226426833,13,knot_research.db
38357,13a_4364,1,113,111,0.2899572579987927,13,knot_research.db
38358,13n_241,1,101,100,0.20811694653741472,13,knot_research.db
38359,13a_4303,1,125,123,0.2138645509393414,13,knot_research.db
38360,13n_199,1,117,116,0.1081657402919775,13,knot_research.db
38361,13n_24,1,109,107,0.026912253876707794,13,knot_research.db
38362,13a_4480,1,111,109,0.2649099534765913,13,knot_research.db
38363,13a_3745,1,113,111,0.278022569165795,13,knot_research.db
38364,13a_4421,1,111,109,0.2727760390439778,13,knot_research.db
38365,13a_3906,1,107,105,0.19738449687700055,13,knot_research.db
38366,13a_4393,1,111,109,0.3085654269089074,13,knot_research.db
38367,13n_80,1,115,114,0.0335422294616551,13,knot_research.db
38368,13a_4856,1,109,107,0.12613422223430848,13,knot_research.db
38369,13a_4327,1,107,105,0.0947142630965867,13,knot_research.db
38370,13n_113,1,117,116,0.03833557766982826,13,knot_research.db
38371,13n_30,1,115,114,0.032312800217211904,13,knot_research.db
38372,13n_261,1,113,112,0.05161954989454023,13,knot_research.db
38373,13a_4415,1,119,117,0.2624703744101418,13,knot_research.db
38374,13a_4384,1,123,121,0.12927683121524647,13,knot_research.db
38375,13n_44,1,117,116,0.07635959233014586,13,knot_research.db
38376,13n_219,1,113,112,0.08519240318390504,13,knot_research.db
38377,13a_4392,1,121,119,0.2539226452118973,13,knot_research.db
38378,13n_100,1,113,112,0.1367734759856014,13,knot_research.db
38379,13n_11,1,113,112,0.07802020992076837,13,knot_research.db
38380,13a_4413,1,113,111,0.3334778221616137,13,knot_research.db
38381,13a_4441,1,107,105,0.30398468773071036,13,knot_research.db
38382,13n_50,1,113,112,0.1298459365995062,13,knot_research.db
38383,13a_4354,1,117,115,0.23211508731827007,13,knot_research.db
38384,13n_133,1,111,109,0.053357127530497504,13,knot_research.db
38385,13n_281,1,115,114,0.15154023457755567,13,knot_research.db
38386,13a_3765,1,111,109,0.2911053564637084,13,knot_research.db
38387,13a_4310,1,107,105,0.13581881765113607,13,knot_research.db
38388,13a_4323,1,111,109,0.14626395583115565,13,knot_research.db
38389,13n_64,1,107,106,0.13913766933433463,13,knot_research.db
38390,13n_239,1,111,110,0.07761390761381978,13,knot_research.db
38391,13a_4435,1,121,119,0.3385678599876828,13,knot_research.db
38392,13a_4500,1,113,111,0.2979525123193264,13,knot_research.db
38393,13n_120,1,109,107,0.03795522511657493,13,knot_research.db
38394,13a_4347,1,111,109,0.35553559449533223,13,knot_research.db
38395,13n_31,1,115,113,0.02452066369346063,13,knot_research.db
38396,13a_4412,1,113,111,0.26508547375866715,13,knot_research.db
38397,13n_70,1,107,106,0.1303194167059254,13,knot_research.db
38398,13a_3926,1,115,113,0.25618186830440004,13,knot_research.db
38399,13a_4433,1,107,105,0.38116171945200056,13,knot_research.db
38400,13n_153,1,109,108,0.1389372027640929,13,knot_research.db
38401,13a_4374,1,121,119,0.23726956401732568,13,knot_research.db
38402,13a_4404,1,109,107,0.43378761350943146,13,knot_research.db
38403,13n_84,1,109,108,0.02547037855462242,13,knot_research.db
38404,13a_4461,1,119,117,0.26174989428220596,13,knot_research.db
38405,13n_259,1,113,112,0.007230309866481734,13,knot_research.db
38406,13n_301,1,113,112,0.2048260758863783,13,knot_research.db
38407,13a_4343,1,115,113,0.1657466553233593,13,knot_research.db
38408,13n_140,1,121,120,0.03163033677296064,13,knot_research.db
38409,13a_3785,1,111,109,0.310402321459472,13,knot_research.db
38410,13a_4520,1,113,111,0.2959259278510598,13,knot_research.db
38411,13n_90,1,119,118,0.03226811624359045,13,knot_research.db
38412,13a_4367,1,117,115,0.2751269709536927,13,knot_research.db
38413,13n_51,1,105,103,0.006516111176244084,13,knot_research.db
38414,13a_4455,1,115,113,0.22361251629731071,13,knot_research.db
38415,13n_173,1,115,114,0.022800248865787374,13,knot_research.db
38416,13a_4432,1,119,117,0.22871622525414845,13,knot_research.db
38417,13a_4453,1,117,115,0.2679070829801662,13,knot_research.db
38418,13n_104,1,113,112,0.05734182693181186,13,knot_research.db
38419,13a_4330,1,123,121,0.2136423468844399,13,knot_research.db
38420,13n_321,1,111,110,0.22683339452322862,13,knot_research.db
38421,13a_4424,1,119,117,0.3140422718101324,13,knot_research.db
38422,13n_279,1,113,112,0.01605273872619406,13,knot_research.db
38423,13a_4394,1,121,119,0.17226721633088468,13,knot_research.db
38424,13a_3946,1,105,103,0.3039846877096329,13,knot_research.db
38425,13n_71,1,105,103,0.04831069594535421,13,knot_research.db
38426,13a_4481,1,111,109,0.3766857665409361,13,knot_research.db
38427,13a_4540,1,125,123,0.20250993241504917,13,knot_research.db
38428,13a_4387,1,117,115,0.25972842019732306,13,knot_research.db
38429,13n_160,1,109,108,0.13700251621716958,13,knot_research.db
38430,13n_110,1,111,110,0.11822445184589978,13,knot_research.db
38431,13n_124,1,111,110,0.13132820477824575,13,knot_research.db
38432,13n_193,1,121,120,0.02177131805879096,13,knot_research.db
38433,13a_4452,1,109,107,0.17632490376807944,13,knot_research.db
38434,13n_341,1,109,108,0.03760999749475059,13,knot_research.db
38435,13n_91,1,119,118,0.03567945204643932,13,knot_research.db
38436,13n_299,1,113,112,0.053702500615250275,13,knot_research.db
38437,13a_3805,1,113,111,0.23870646367420528,13,knot_research.db
38438,13a_4475,1,115,113,0.22918237378109987,13,knot_research.db
38439,13a_4473,1,107,105,0.408254160979853,13,knot_research.db
38440,13a_4444,1,109,107,0.40309486697521774,13,knot_research.db
38441,13a_4363,1,117,115,0.2904779727235701,13,knot_research.db
38442,13n_180,1,109,107,0.04890378687282534,13,knot_research.db
38443,13a_4876,1,125,123,0.1632039907724251,13,knot_research.db
38444,13a_4350,1,111,109,0.3558217500712605,13,knot_research.db
38445,13n_144,1,105,103,0.038770628097264066,13,knot_research.db
38446,13a_4501,1,111,109,0.2253216133671626,13,knot_research.db
38447,13n_130,1,111,110,0.16315308646784454,13,knot_research.db
38448,13n_361,1,109,108,0.047013061685123134,13,knot_research.db
38449,13a_3966,1,117,115,0.3580637368148089,13,knot_research.db
38450,13a_4414,1,107,105,0.20697768092235033,13,knot_research.db
38451,13a_4493,1,109,107,0.2306873737493138,13,knot_research.db
38452,13n_319,1,113,112,0.05957099553495781,13,knot_research.db
38453,13a_4407,1,109,107,0.3079113426103615,13,knot_research.db
38454,13a_4560,1,129,127,0.12061475842818214,13,knot_research.db
38455,13n_111,1,115,114,0.11995973988946575,13,knot_research.db
38456,13n_213,1,111,110,0.15907670202423627,13,knot_research.db
38457,13a_4495,1,119,117,0.1965704416585483,13,knot_research.db
38458,13n_200,1,119,118,0.07664636036179887,13,knot_research.db
38459,13a_4464,1,109,107,0.36690117738676997,13,knot_research.db
38460,13n_164,1,107,105,0.016390929891782927,13,knot_research.db
38461,13n_150,1,109,108,0.18242790902370778,13,knot_research.db
38462,13n_381,1,109,108,0.06740114434368412,13,knot_research.db
38463,13a_4383,1,119,117,0.27563233634389606,13,knot_research.db
38464,13a_4370,1,119,117,0.22983808965143454,13,knot_research.db
38465,13a_3825,1,117,115,0.18554783649078607,13,knot_research.db
38466,13a_4472,1,117,115,0.3550299272661231,13,knot_research.db
38467,13a_4521,1,113,111,0.15661751142319377,13,knot_research.db
38468,13n_339,1,111,110,0.007206642628285086,13,knot_research.db
38469,13a_4427,1,109,107,0.36690117738310946,13,knot_research.db
38470,13n_18,1,111,110,0.17531732524886548,13,knot_research.db
38471,13n_233,1,107,106,0.005046561071917925,13,knot_research.db
38472,13n_184,1,117,116,0.13912412605802382,13,knot_research.db
38473,13n_131,1,113,112,0.19052579526975272,13,knot_research.db
38474,13n_170,1,109,108,0.05650748313091012,13,knot_research.db
38475,13n_401,1,117,116,0.124059438775062,13,knot_research.db
38476,13a_4515,1,113,111,0.30128110303221456,13,knot_research.db
38477,13a_3986,1,121,119,0.17906697045229333,13,knot_research.db
38478,13a_4484,1,109,107,0.26691890706235005,13,knot_research.db
38479,13a_4434,1,113,111,0.23870646367502546,13,knot_research.db
38480,13n_220,1,113,112,0.06851221685708153,13,knot_research.db
38481,13a_4513,1,113,111,0.35688695383011304,13,knot_research.db
38482,13a_4492,1,117,115,0.2679070829806146,13,knot_research.db
38483,13n_359,1,109,108,0.10574908712705926,13,knot_research.db
38484,13n_38,1,109,108,0.06414421363845733,13,knot_research.db
38485,13n_253,1,111,110,0.03370812105533308,13,knot_research.db
38486,13a_4390,1,119,117,0.1952198959043163,13,knot_research.db
38487,13a_4403,1,127,125,0.15854082547190812,13,knot_research.db
38488,13a_4447,1,117,115,0.2014370292525233,13,knot_research.db
38489,13n_190,1,115,114,0.14398843747962925,13,knot_research.db
38490,13n_151,1,107,105,0.05888967550093268,13,knot_research.db
38491,13a_4541,1,121,119,0.1937505738947429,13,knot_research.db
38492,13n_421,1,109,108,0.01679892394278204,13,knot_research.db
38493,13a_4535,1,115,113,0.16574665532331365,13,knot_research.db
38494,13a_4580,1,121,119,0.2648394031728016,13,knot_research.db
38495,13n_58,1,115,114,0.20843275433393182,13,knot_research.db
38496,13n_240,1,113,112,0.05283256908001321,13,knot_research.db
38497,13n_379,1,111,110,0.21699008455801932,13,knot_research.db
38498,13n_273,1,117,116,0.026983811801977727,13,knot_research.db
38499,13a_4454,1,107,105,0.23019925317822848,13,knot_research.db
38500,13a_4504,1,117,115,0.23414358657340478,13,knot_research.db
38501,13a_3845,1,127,125,0.1839345348625747,13,knot_research.db
38502,13n_204,1,107,107,0.20436884963039229,13,knot_research.db
38503,13a_4533,1,123,121,0.20080903820692125,13,knot_research.db
38504,13n_171,1,109,108,0.11115654763932996,13,knot_research.db
38505,13n_441,1,109,107,0.01768495854473399,13,knot_research.db
38506,13a_4512,1,113,111,0.2257397969009757,13,knot_research.db
38507,13n_210,1,113,112,0.017209189877961165,13,knot_research.db
38508,13a_4006,1,117,115,0.21382080478537244,13,knot_research.db
38509,13n_78,1,111,110,0.10388704527969253,13,knot_research.db
38510,13a_4467,1,113,111,0.21437343552774832,13,knot_research.db
38511,13n_260,1,107,106,0.005509968021341635,13,knot_research.db
38512,13n_399,1,111,110,0.19025479115046715,13,knot_research.db
38513,13n_224,1,109,108,0.030569824523348135,13,knot_research.db
38514,13n_191,1,113,112,0.04077002259548182,13,knot_research.db
38515,13a_4600,1,119,117,0.22180405482695528,13,knot_research.db
38516,13n_293,1,107,106,0.005582784898325041,13,knot_research.db
38517,13a_4524,1,117,115,0.23438403359603083,13,knot_research.db
38518,13a_4561,1,129,127,0.1609595141498914,13,knot_research.db
38519,13n_461,1,113,112,0.11818988782737969,13,knot_research.db
38520,13a_4423,1,111,109,0.19715978441612672,13,knot_research.db
38521,13n_98,1,107,106,0.10679071950729867,13,knot_research.db
38522,13a_4532,1,107,105,0.18045551621252087,13,knot_research.db
38523,13a_4410,1,119,117,0.20334611432103206,13,knot_research.db
38524,13n_244,1,111,110,0.24842313442004707,13,knot_research.db
38525,13n_280,1,117,116,0.1579408897591608,13,knot_research.db
38526,13a_4553,1,125,123,0.2072404379112891,13,knot_research.db
38527,13n_419,1,111,109,0.013539410098273284,13,knot_research.db
38528,13a_4555,1,131,129,0.14452197021080251,13,knot_research.db
38529,13n_211,1,113,112,0.061991788937528165,13,knot_research.db
38530,13n_230,1,109,109,0.174273373976502,13,knot_research.db
38531,13n_313,1,111,110,0.03924174346683513,13,knot_research.db
38532,13a_4474,1,117,115,0.2769635997072357,13,knot_research.db
38533,13a_4544,1,115,113,0.1899794259298822,13,knot_research.db
38534,13a_4487,1,115,113,0.27536117177039393,13,knot_research.db
38535,13n_481,1,113,111,0.015279240322012234,13,knot_research.db
38536,13a_4026,1,115,113,0.2971733141292095,13,knot_research.db
38537,13a_4620,1,103,101,0.36269805514800013,13,knot_research.db
38538,13n_118,1,111,110,0.17383117969109313,13,knot_research.db
38539,13n_439,1,113,112,0.06951663025390964,13,knot_research.db
38540,13n_264,1,115,114,0.07897423357518144,13,knot_research.db
38541,13a_3865,1,115,113,0.23249313451925088,13,knot_research.db
38542,13n_250,1,119,118,0.024180703935745264,13,knot_research.db
38543,13n_333,1,111,110,0.08433758053064437,13,knot_research.db
38544,13n_231,1,111,110,0.10042443812288422,13,knot_research.db
38545,13a_4430,1,117,115,0.36208783815693957,13,knot_research.db
38546,13a_4494,1,113,111,0.2643843968492988,13,knot_research.db
38547,13n_300,1,101,100,0.21024647106476937,13,knot_research.db
38548,13n_501,1,107,106,0.012566100392170465,13,knot_research.db
38549,13a_4640,1,113,111,0.20567660896749881,13,knot_research.db
38550,13n_138,1,111,110,0.22806972787045823,13,knot_research.db
38551,13a_4443,1,115,113,0.28995725790413585,13,knot_research.db
38552,13n_459,1,113,111,0.015632806305472726,13,knot_research.db
38553,13a_4573,1,113,111,0.10253310259893061,13,knot_research.db
38554,13a_4507,1,101,99,0.3798722586601355,13,knot_research.db
38555,13a_4552,1,123,121,0.171249752987433,13,knot_research.db
38556,13a_4581,1,115,113,0.18353278230286324,13,knot_research.db
38557,13a_4564,1,131,129,0.16902354106017628,13,knot_research.db
38558,13n_251,1,109,108,0.08645086301500265,13,knot_research.db
38559,13n_353,1,109,108,0.2056098463394342,13,knot_research.db
38560,13n_284,1,105,105,0.12656202083521284,13,knot_research.db
38561,13n_270,1,115,114,0.005651366092535873,13,knot_research.db
38562,13n_320,1,111,109,0.03046891362969844,13,knot_research.db
38563,13n_521,1,107,105,0.015037348658683438,13,knot_research.db
38564,13n_158,1,111,109,0.016384333458769725,13,knot_research.db
38565,13a_4450,1,119,117,0.18747025130976455,13,knot_research.db
38566,13a_4514,1,117,115,0.25532188914853393,13,knot_research.db
38567,13a_4575,1,117,115,0.333247944303654,13,knot_research.db
38568,13a_4660,1,113,111,0.2730374256646848,13,knot_research.db
38569,13a_4046,1,115,113,0.29937717167294225,13,knot_research.db
38570,13n_304,1,113,112,0.19711349487163887,13,knot_research.db
38571,13n_271,1,117,116,0.04008956747471491,13,knot_research.db
38572,13a_4463,1,111,109,0.18442276647595435,13,knot_research.db
38573,13a_4527,1,121,119,0.1409805301432813,13,knot_research.db
38574,13n_479,1,111,110,0.012931410278515949,13,knot_research.db
38575,13n_373,1,109,108,0.1037417418425379,13,knot_research.db
38576,13a_3885,1,119,117,0.1636555386912886,13,knot_research.db
38577,13n_340,1,113,112,0.029227686309564727,13,knot_research.db
38578,13n_541,1,111,110,0.13845586815014274,13,knot_research.db
38579,13a_4572,1,131,129,0.08473962224690494,13,knot_research.db
38580,13n_290,1,111,110,0.10038746920455226,13,knot_research.db
38581,13n_178,1,107,106,0.10166994937839567,13,knot_research.db
38582,13n_393,1,111,110,0.08846965380973917,13,knot_research.db
38583,13a_4534,1,127,125,0.14495277701134615,13,knot_research.db
38584,13n_324,1,109,108,0.2785526150121286,13,knot_research.db
38585,13a_4595,1,101,99,0.29369923679152193,13,knot_research.db
38586,13n_499,1,109,107,0.0240202587082469,13,knot_research.db
38587,13n_291,1,111,110,0.028909537982027368,13,knot_research.db
38588,13a_4680,1,107,105,0.3734087864056575,13,knot_research.db
38589,13n_561,1,107,106,0.009174899526020373,13,knot_research.db
38590,13n_198,1,117,116,0.037064678268339805,13,knot_research.db
38591,13n_310,1,115,114,0.052732730261029474,13,knot_research.db
38592,13n_360,1,107,105,0.027954214892548717,13,knot_research.db
38593,13a_4483,1,121,119,0.189182701479473,13,knot_research.db
38594,13a_4601,1,111,109,0.18367555380616513,13,knot_research.db
38595,13a_4470,1,105,103,0.21428907707936237,13,knot_research.db
38596,13n_413,1,113,112,0.025998797163288463,13,knot_research.db
38597,13a_4066,1,111,109,0.3030209752153262,13,knot_research.db
38598,13n_344,1,107,106,0.11248381608378864,13,knot_research.db
38599,13a_4547,1,119,117,0.08101405277100358,13,knot_research.db
38600,13n_311,1,115,114,0.15371998462275951,13,knot_research.db
38601,13n_519,1,107,107,0.29944512794398404,13,knot_research.db
38602,13n_581,1,109,108,0.013634371185086617,13,knot_research.db
38603,13a_4584,1,121,119,0.1855478364893761,13,knot_research.db
38604,13a_4700,1,113,111,0.3255514747510218,13,knot_research.db
38605,13a_4615,1,117,115,0.2793731295600154,13,knot_research.db
38606,13n_380,1,111,110,0.046384885762872835,13,knot_research.db
38607,13a_3905,1,115,113,0.2995747227774273,13,knot_research.db
38608,13n_330,1,109,107,0.046947237880193816,13,knot_research.db
38609,13a_4621,1,115,113,0.24915296034625367,13,knot_research.db
38610,13n_364,1,111,110,0.04068940045819945,13,knot_research.db
38611,13n_539,1,113,111,0.013714120526520664,13,knot_research.db
38612,13n_433,1,109,107,0.006017363878008457,13,knot_research.db
38613,13n_601,1,107,106,0.011664631332261649,13,knot_research.db
38614,13a_4503,1,109,107,0.32890547012376325,13,knot_research.db
38615,13n_218,1,111,110,0.02902130694080319,13,knot_research.db
38616,13n_331,1,109,108,0.1815643293029706,13,knot_research.db
38617,13a_4490,1,113,111,0.1934760042209288,13,knot_research.db
38618,13n_400,1,111,109,0.007147162648167642,13,knot_research.db
38619,13a_4554,1,107,105,0.19957352579021273,13,knot_research.db
38620,13n_350,1,105,105,0.07532746275123227,13,knot_research.db
38621,13a_4635,1,115,113,0.2986738814350206,13,knot_research.db
38622,13a_4604,1,123,121,0.1762050139404993,13,knot_research.db
38623,13n_621,1,111,110,0.0032530327171457923,13,knot_research.db
38624,13a_4720,1,111,109,0.23870646367411125,13,knot_research.db
38625,13n_384,1,109,108,0.24888726903468744,13,knot_research.db
38626,13n_453,1,109,107,0.019315929426012676,13,knot_research.db
38627,13a_4086,1,119,117,0.24184219918916944,13,knot_research.db
38628,13a_4641,1,119,117,0.22180405482707943,13,knot_research.db
38629,13n_559,1,109,108,0.057295249448090946,13,knot_research.db
38630,13n_238,1,109,108,0.29218145872161955,13,knot_research.db
38631,13a_4523,1,109,107,0.32343905557789315,13,knot_research.db
38632,13n_370,1,109,108,0.10689547158126568,13,knot_research.db
38633,13n_351,1,111,110,0.06035982653232021,13,knot_research.db
38634,13n_420,1,113,112,0.01778825153720115,13,knot_research.db
38635,13a_3925,1,115,113,0.2792152208179219,13,knot_research.db
38636,13n_404,1,115,114,0.0529165171761052,13,knot_research.db
38637,13n_579,1,113,112,0.0062639399112947875,13,knot_research.db
38638,13n_473,1,107,106,0.0067104608686491115,13,knot_research.db
38639,13a_4510,1,119,117,0.22950801467196835,13,knot_research.db
38640,13a_4655,1,117,115,0.24690593884230982,13,knot_research.db
38641,13n_390,1,115,114,0.24118613172144163,13,knot_research.db
38642,13a_4567,1,117,115,0.2058655965613628,13,knot_research.db
38643,13n_258,1,117,116,0.18187829510429862,13,knot_research.db
38644,13n_641,1,111,110,0.03042247300540835,13,knot_research.db
38645,13a_4740,1,119,117,0.15146961853833624,13,knot_research.db
38646,13n_371,1,107,106,0.19269889838115528,13,knot_research.db
38647,13a_4543,1,113,111,0.2795205171981258,13,knot_research.db
38648,13a_4624,1,119,117,0.21833188173763204,13,knot_research.db
38649,13a_4661,1,119,117,0.1748920418323329,13,knot_research.db
38650,13a_4574,1,123,121,0.1824536734557841,13,knot_research.db
38651,13n_440,1,109,107,0.007410270414330161,13,knot_research.db
38652,13n_493,1,111,109,0.013129461903984733,13,knot_research.db
38653,13n_424,1,109,109,0.2614180606576245,13,knot_research.db
38654,13n_599,1,109,108,0.17435538539871862,13,knot_research.db
38655,13a_4593,1,107,105,0.1391941468882962,13,knot_research.db
38656,13n_661,1,113,112,0.015259240981711478,13,knot_research.db
38657,13n_391,1,109,107,0.005365682346720729,13,knot_research.db
38658,13n_410,1,113,112,0.10719616172624667,13,knot_research.db
38659,13n_278,1,115,114,0.17841468056326362,13,knot_research.db
38660,13a_4106,1,111,109,0.1835327823032814,13,knot_research.db
38661,13a_4530,1,131,129,0.13116411738182246,13,knot_research.db
38662,13a_4675,1,115,113,0.23676630047883032,13,knot_research.db
38663,13a_4587,1,117,115,0.23211508732000805,13,knot_research.db
38664,13a_4563,1,123,121,0.20585632455440311,13,knot_research.db
38665,13a_3945,1,109,107,0.28859969223414683,13,knot_research.db
38666,13n_460,1,111,110,0.12119979284656944,13,knot_research.db
38667,13n_513,1,111,110,0.06022923683850325,13,knot_research.db
38668,13n_619,1,105,104,0.1479973532160468,13,knot_research.db
38669,13n_444,1,119,118,0.15326186756690485,13,knot_research.db
38670,13a_4592,1,123,121,0.18017074453532067,13,knot_research.db
38671,13a_4760,1,117,115,0.3255514747545746,13,knot_research.db
38672,13a_4644,1,115,113,0.20343488792944375,13,knot_research.db
38673,13n_411,1,109,108,0.22026853520425876,13,knot_research.db
38674,13n_681,1,113,112,0.15481392080898296,13,knot_research.db
38675,13a_4594,1,113,111,0.276963599615288,13,knot_research.db
38676,13n_298,1,109,108,0.29094737057286135,13,knot_research.db
38677,13a_4681,1,109,107,0.2635445455637548,13,knot_research.db
38678,13n_430,1,109,107,0.017556281135588832,13,knot_research.db
38679,13n_480,1,117,116,0.046327974557503766,13,knot_research.db
38680,13n_639,1,111,110,0.12819658139441897,13,knot_research.db
38681,13n_533,1,107,105,0.027983048326231354,13,knot_research.db
38682,13a_4607,1,109,107,0.12061475842818273,13,knot_research.db
38683,13a_4695,1,101,99,0.37364578474343524,13,knot_research.db
38684,13n_431,1,109,107,0.012235174383556034,13,knot_research.db
38685,13n_464,1,111,110,0.02055725185741878,13,knot_research.db
38686,13a_4613,1,117,115,0.2173729307836139,13,knot_research.db
38687,13n_701,1,117,116,0.06907991758493565,13,knot_research.db
38688,13a_4583,1,113,111,0.1835327823037706,13,knot_research.db
38689,13a_4664,1,119,117,0.2697476746978691,13,knot_research.db
38690,13n_318,1,111,110,0.014494891634153398,13,knot_research.db
38691,13n_450,1,109,107,0.021907607495760362,13,knot_research.db
38692,13a_4614,1,113,111,0.17833622845083688,13,knot_research.db
38693,13n_553,1,113,112,0.20901913334525846,13,knot_research.db
38694,13a_3965,1,115,113,0.22250134014285602,13,knot_research.db
38695,13a_4612,1,107,105,0.420706614286251,13,knot_research.db
38696,13a_4701,1,119,117,0.3140422718073758,13,knot_research.db
38697,13a_4780,1,125,123,0.18541330927958005,13,knot_research.db
38698,13n_659,1,113,112,0.1302223843478296,13,knot_research.db
38699,13a_4715,1,109,107,0.29523063255773024,13,knot_research.db
38700,13n_500,1,111,110,0.01444147633840386,13,knot_research.db
38701,13n_451,1,111,110,0.19419129404802746,13,knot_research.db
38702,13a_4550,1,131,129,0.1067838792704712,13,knot_research.db
38703,13n_484,1,109,107,0.027789178516562103,13,knot_research.db
38704,13n_338,1,115,113,0.021509528769588,13,knot_research.db
38705,13a_4633,1,119,117,0.2617498942748077,13,knot_research.db
38706,13n_470,1,113,112,0.08752129110223235,13,knot_research.db
38707,13n_721,1,109,108,0.03928133430491139,13,knot_research.db
38708,13a_4126,1,119,117,0.16365553869123542,13,knot_research.db
38709,13n_573,1,111,110,0.0344977147254383,13,knot_research.db
38710,13a_4684,1,119,117,0.2620146544570509,13,knot_research.db
38711,13a_4634,1,111,109,0.3218933635264362,13,knot_research.db
38712,13n_679,1,117,116,0.12646920193950165,13,knot_research.db
38713,13a_4632,1,109,107,0.24280180395458015,13,knot_research.db
38714,13n_520,1,107,106,0.11241737817862495,13,knot_research.db
38715,13n_471,1,113,112,0.20091853621596115,13,knot_research.db
38716,13a_4721,1,109,107,0.39033585086880074,13,knot_research.db
38717,13a_4627,1,121,119,0.21986602040691777,13,knot_research.db
38718,13n_504,1,109,107,0.010165020522362211,13,knot_research.db
38719,13n_741,1,115,113,0.01764816736473387,13,knot_research.db
38720,13a_4735,1,121,119,0.2792188445057848,13,knot_research.db
38721,13a_3985,1,121,119,0.20274838508715748,13,knot_research.db
38722,13a_4603,1,107,105,0.4024818460976363,13,knot_research.db
38723,13n_490,1,109,107,0.026803010455373068,13,knot_research.db
38724,13n_593,1,99,98,0.018334731718682905,13,knot_research.db
38725,13a_4800,1,117,115,0.20586559656122222,13,knot_research.db
38726,13n_540,1,113,112,0.08620467373430452,13,knot_research.db
38727,13a_4653,1,115,113,0.2068272303129714,13,knot_research.db
38728,13n_358,1,107,105,0.021284164354453947,13,knot_research.db
38729,13a_4652,1,123,121,0.18884820566059624,13,knot_research.db
38730,13a_4654,1,119,117,0.2961666989532743,13,knot_research.db
38731,13n_699,1,117,116,0.15784870811746254,13,knot_research.db
38732,13n_491,1,111,110,0.03972578050752319,13,knot_research.db
38733,13n_524,1,109,108,0.01740425386207845,13,knot_research.db
38734,13a_4741,1,117,115,0.22830042273109527,13,knot_research.db
38735,13a_4704,1,121,119,0.2727669359970957,13,knot_research.db
38736,13n_613,1,109,109,0.18129622050680977,13,knot_research.db
38737,13n_510,1,109,108,0.01871558983483419,13,knot_research.db
38738,13a_4647,1,111,109,0.18266556818707366,13,knot_research.db
38739,13n_761,1,111,109,0.008616983037756973,13,knot_research.db
38740,13a_4623,1,123,121,0.15609852257690554,13,knot_research.db
38741,13n_560,1,111,110,0.035704250201501704,13,knot_research.db
38742,13a_4146,1,117,115,0.22511478510070032,13,knot_research.db
38743,13n_378,1,109,107,0.013084902044029026,13,knot_research.db
38744,13a_4755,1,111,109,0.32099908101729246,13,knot_research.db
38745,13n_544,1,113,112,0.05859608756016346,13,knot_research.db
38746,13a_4820,1,119,117,0.22950801467246132,13,knot_research.db
38747,13n_511,1,109,109,0.19515097916115512,13,knot_research.db
38748,13a_4673,1,117,115,0.19933677547196774,13,knot_research.db
38749,13n_633,1,113,112,0.08065281772744246,13,knot_research.db
38750,13n_530,1,107,106,0.11008301035513852,13,knot_research.db
38751,13a_4570,1,133,131,0.12998951473905504,13,knot_research.db
38752,13n_781,1,115,114,0.16609234503423184,13,knot_research.db
38753,13a_4674,1,111,109,0.3495814453780283,13,knot_research.db
38754,13n_719,1,107,106,0.061253455394795625,13,knot_research.db
38755,13a_4761,1,117,115,0.2643843968346511,13,knot_research.db
38756,13a_4724,1,109,107,0.2474867954782778,13,knot_research.db
38757,13a_4005,1,119,117,0.33184899247219635,13,knot_research.db
38758,13n_398,1,115,114,0.0815984829806217,13,knot_research.db
38759,13n_580,1,111,110,0.1337749860587963,13,knot_research.db
38760,13a_4672,1,113,111,0.4031950221844601,13,knot_research.db
38761,13a_4667,1,121,119,0.3209447285621476,13,knot_research.db
38762,13a_4775,1,115,113,0.22918237378218942,13,knot_research.db
38763,13n_564,1,109,108,0.019529552424289703,13,knot_research.db
38764,13n_531,1,107,105,0.021356121285595595,13,knot_research.db
38765,13n_653,1,113,112,0.11050510258152632,13,knot_research.db
38766,13n_550,1,109,108,0.09744942316079443,13,knot_research.db
38767,13n_739,1,115,114,0.006418752783429648,13,knot_research.db
38768,13a_4840,1,115,113,0.1941019100058466,13,knot_research.db
38769,13a_4643,1,105,103,0.1318921197430739,13,knot_research.db
38770,13n_801,1,115,115,0.15796237296310786,13,knot_research.db
38771,13a_4694,1,115,113,0.17157624895133516,13,knot_research.db
38772,13n_600,1,109,108,0.012907262860576451,13,knot_research.db
38773,13n_584,1,99,99,0.043631703217312204,13,knot_research.db
38774,13a_4692,1,109,107,0.3768429574419138,13,knot_research.db
38775,13a_4693,1,111,109,0.3333808072953245,13,knot_research.db
38776,13n_551,1,107,105,0.01804451549587242,13,knot_research.db
38777,13a_4166,1,111,109,0.35166128345777636,13,knot_research.db
38778,13a_4781,1,107,105,0.2370120068595844,13,knot_research.db
38779,13n_418,1,113,112,0.20065822697473057,13,knot_research.db
38780,13a_4744,1,113,111,0.25074223539247975,13,knot_research.db
38781,13a_4687,1,111,109,0.31900143477062937,13,knot_research.db
38782,13n_570,1,111,110,0.034128624806181014,13,knot_research.db
38783,13a_4795,1,115,113,0.15994210118552873,13,knot_research.db
38784,13n_759,1,111,110,0.04849623196239862,13,knot_research.db
38785,13n_673,1,109,108,0.22991198466034068,13,knot_research.db
38786,13n_604,1,91,90,0.1661287599635442,13,knot_research.db
38787,13n_620,1,121,120,0.22191502234433375,13,knot_research.db
38788,13n_571,1,115,114,0.04598330312673972,13,knot_research.db
38789,13n_821,1,113,112,0.00678726867491129,13,knot_research.db
38790,13a_4025,1,113,111,0.18668388790608617,13,knot_research.db
38791,13a_4712,1,113,111,0.20325592770027728,13,knot_research.db
38792,13n_590,1,109,108,0.15769736635335166,13,knot_research.db
38793,13a_4713,1,105,103,0.3667564770536285,13,knot_research.db
38794,13n_438,1,105,105,0.29578505417420176,13,knot_research.db
38795,13n_624,1,119,118,0.007618514945878472,13,knot_research.db
38796,13n_779,1,117,116,0.0039353278550704135,13,knot_research.db
38797,13a_4707,1,125,123,0.1628229567780311,13,knot_research.db
38798,13a_4663,1,111,109,0.20573279238328077,13,knot_research.db
38799,13n_693,1,113,112,0.060474811917756874,13,knot_research.db
38800,13n_841,1,109,108,0.1598732910558343,13,knot_research.db
38801,13n_591,1,109,108,0.03699752538180867,13,knot_research.db
38802,13n_640,1,111,110,0.03710212785366377,13,knot_research.db
38803,13a_4815,1,123,121,0.28749445382618927,13,knot_research.db
38804,13a_4590,1,121,119,0.23081952418186055,13,knot_research.db
38805,13n_610,1,109,108,0.0844572251471197,13,knot_research.db
38806,13a_4186,1,117,115,0.2059432075997194,13,knot_research.db
38807,13a_4860,1,119,117,0.2611173862458257,13,knot_research.db
38808,13n_458,1,111,110,0.19372255782418504,13,knot_research.db
38809,13a_4801,1,117,115,0.1588355931241026,13,knot_research.db
38810,13a_4714,1,117,115,0.26766846759265295,13,knot_research.db
38811,13a_4733,1,107,105,0.22353108943418523,13,knot_research.db
38812,13a_4764,1,119,117,0.23283162501236543,13,knot_research.db
38813,13a_4732,1,119,117,0.2681728452847081,13,knot_research.db
38814,13n_861,1,113,112,0.1284645134231723,13,knot_research.db
38815,13n_713,1,113,112,0.19415932383994777,13,knot_research.db
38816,13n_799,1,117,117,0.29592592786444216,13,knot_research.db
38817,13n_611,1,105,104,0.012511224086159633,13,knot_research.db
38818,13n_644,1,111,110,0.021160811087508193,13,knot_research.db
38819,13n_660,1,111,110,0.03960730873475021,13,knot_research.db
38820,13n_630,1,111,111,0.18460914593102057,13,knot_research.db
38821,13a_4683,1,105,103,0.40320404241869395,13,knot_research.db
38822,13n_478,1,109,107,0.021349820324065138,13,knot_research.db
38823,13a_4727,1,115,113,0.2885765896962028,13,knot_research.db
38824,13a_4835,1,127,125,0.12405812642863284,13,knot_research.db
38825,13n_631,1,109,108,0.04430081830760349,13,knot_research.db
38826,13a_4734,1,117,115,0.2321150873166385,13,knot_research.db
38827,13a_4821,1,115,113,0.36690117738473316,13,knot_research.db
38828,13n_2,1,109,108,0.06522893530946058,13,knot_research.db
38829,13n_733,1,105,104,0.12593161109476694,13,knot_research.db
38830,13a_4610,1,111,109,0.4089144725067631,13,knot_research.db
38831,13n_664,1,113,112,0.01778790741958634,13,knot_research.db
38832,13n_819,1,111,110,0.12530566197328896,13,knot_research.db
38833,13n_881,1,105,105,0.1995422521684797,13,knot_research.db
38834,13a_4784,1,127,125,0.20250993240856197,13,knot_research.db
38835,13n_650,1,109,108,0.07442020192894633,13,knot_research.db
38836,13a_4045,1,107,105,0.3798722586084003,13,knot_research.db
38837,13n_680,1,109,108,0.04466756103168014,13,knot_research.db
38838,13n_498,1,109,108,0.2765641649453337,13,knot_research.db
38839,13a_4752,1,123,121,0.21467393487989767,13,knot_research.db
38840,13a_4703,1,113,111,0.25845780799798845,13,knot_research.db
38841,13a_4753,1,119,117,0.22726450194031003,13,knot_research.db
38842,13n_651,1,113,112,0.016237411416359475,13,knot_research.db
38843,13n_753,1,111,110,0.24190037890912824,13,knot_research.db
38844,13a_4206,1,121,119,0.17969700300526878,13,knot_research.db
38845,13n_22,1,111,110,0.02355033282919632,13,knot_research.db
38846,13n_901,1,107,105,0.006855386965487576,13,knot_research.db
38847,13n_839,1,107,105,0.03327349179125408,13,knot_research.db
38848,13a_4747,1,103,101,0.1391941468882963,13,knot_research.db
38849,13n_684,1,111,110,0.19303311302588744,13,knot_research.db
38850,13a_4754,1,115,113,0.32555147469727097,13,knot_research.db
38851,13n_700,1,121,120,0.04647483753238586,13,knot_research.db
38852,13a_4841,1,125,123,0.2108255187066672,13,knot_research.db
38853,13n_518,1,109,108,0.0376118920417988,13,knot_research.db
38854,13a_4630,1,121,119,0.21986602041204542,13,knot_research.db
38855,13n_670,1,113,112,0.038075974532137,13,knot_research.db
38856,13n_671,1,113,112,0.1634617489344687,13,knot_research.db
38857,13a_4723,1,111,109,0.3190014347631443,13,knot_research.db
38858,13n_773,1,111,109,0.012357315877165815,13,knot_research.db
38859,13n_859,1,111,110,0.13784460358156164,13,knot_research.db
38860,13n_921,1,115,114,0.11908674441414292,13,knot_research.db
38861,13a_4772,1,125,123,0.20250993241671053,13,knot_research.db
38862,13a_4773,1,117,115,0.21893034549438303,13,knot_research.db
38863,13a_4065,1,117,115,0.2059432076006783,13,knot_research.db
38864,13n_538,1,117,116,0.04628598333669099,13,knot_research.db
38865,13a_4804,1,119,117,0.1900667735712519,13,knot_research.db
38866,13n_42,1,111,110,0.24446795369912896,13,knot_research.db
38867,13n_704,1,107,106,0.07134225264390932,13,knot_research.db
38868,13n_690,1,113,112,0.006800106504244377,13,knot_research.db
38869,13n_691,1,111,110,0.01154642723566515,13,knot_research.db
38870,13n_793,1,109,108,0.0032655118535513017,13,knot_research.db
38871,13n_720,1,109,108,0.20730441665974417,13,knot_research.db
38872,13a_4774,1,113,111,0.38839550245720306,13,knot_research.db
38873,13a_4650,1,119,117,0.225862442013669,13,knot_research.db
38874,13a_4743,1,117,115,0.2679070829732259,13,knot_research.db
38875,13n_879,1,113,112,0.1004789407658626,13,knot_research.db
38876,13n_941,1,109,108,0.21839264474557227,13,knot_research.db
38877,13n_724,1,103,102,0.03009387835233935,13,knot_research.db
38878,13a_4767,1,117,115,0.177004106266738,13,knot_research.db
38879,13a_4861,1,119,117,0.19403938696575043,13,knot_research.db
38880,13n_558,1,109,108,0.005483470052460663,13,knot_research.db
38881,13n_62,1,121,120,0.010477066536578985,13,knot_research.db
38882,13n_711,1,109,109,0.09207974772700826,13,knot_research.db
38883,13a_4792,1,119,117,0.23081952418524182,13,knot_research.db
38884,13n_710,1,111,111,0.16414359334914594,13,knot_research.db
38885,13n_813,1,107,106,0.2566691954730272,13,knot_research.db
38886,13n_740,1,119,118,0.05148230295849737,13,knot_research.db
38887,13n_899,1,107,106,0.07651817752536269,13,knot_research.db
38888,13a_4226,1,117,115,0.36061520993213847,13,knot_research.db
38889,13a_4824,1,127,125,0.10325428776286427,13,knot_research.db
38890,13n_961,1,109,107,0.08014633341559041,13,knot_research.db
38891,13n_744,1,117,116,0.18178277696590991,13,knot_research.db
38892,13a_4855,1,123,121,0.1445346487723986,13,knot_research.db
38893,13a_4794,1,117,115,0.25301306538386886,13,knot_research.db
38894,13n_578,1,113,112,0.025997316108024273,13,knot_research.db
38895,13a_4763,1,121,119,0.14494801100776614,13,knot_research.db
38896,13a_4085,1,121,119,0.1738752530058083,13,knot_research.db
38897,13n_731,1,105,104,0.029747291014028086,13,knot_research.db
38898,13a_4793,1,123,121,0.20080903820828175,13,knot_research.db
38899,13n_833,1,107,105,0.037505596438309356,13,knot_research.db
38900,13n_919,1,109,109,0.046411632289887636,13,knot_research.db
38901,13a_4670,1,115,113,0.2124677462370355,13,knot_research.db
38902,13n_730,1,103,102,0.10661272599800051,13,knot_research.db
38903,13n_981,1,105,103,0.17849444273489296,13,knot_research.db
38904,13n_760,1,115,114,0.10809143547931134,13,knot_research.db
38905,13a_4787,1,117,115,0.18300799681952504,13,knot_research.db
38906,13a_4812,1,123,121,0.21103355304833396,13,knot_research.db
38907,13n_598,1,109,108,0.09653000275977885,13,knot_research.db
38908,13n_764,1,109,108,0.1408081217634432,13,knot_research.db
38909,13n_751,1,109,107,0.015150133118760747,13,knot_research.db
38910,13n_853,1,105,104,0.05926718477547142,13,knot_research.db
38911,13a_4814,1,113,111,0.32767721252896603,13,knot_research.db
38912,13n_939,1,109,107,0.011250939299361832,13,knot_research.db
38913,13n_750,1,109,108,0.2690738680755387,13,knot_research.db
38914,13n_1001,1,107,106,0.0057756632490225035,13,knot_research.db
38915,13a_4246,1,103,101,0.24179322928548777,13,knot_research.db
38916,13a_4783,1,119,117,0.19648062711985625,13,knot_research.db
38917,13n_780,1,109,108,0.0054139566764827805,13,knot_research.db
38918,13n_618,1,105,104,0.1260490126585704,13,knot_research.db
38919,13n_784,1,113,112,0.0994397053046847,13,knot_research.db
38920,13a_4844,1,113,111,0.2508306321696748,13,knot_research.db
38921,13n_3,1,115,114,0.04726331347075324,13,knot_research.db
38922,13n_82,1,109,108,0.28376633330065243,13,knot_research.db
38923,13a_4690,1,119,117,0.22180405483344062,13,knot_research.db
38924,13n_873,1,115,114,0.17371569774032908,13,knot_research.db
38925,13a_4813,1,115,113,0.22220880736749343,13,knot_research.db
38926,13n_771,1,111,110,0.07299921493072929,13,knot_research.db
38927,13a_4807,1,119,117,0.21290936843346495,13,knot_research.db
38928,13n_959,1,109,107,0.012128803530622807,13,knot_research.db
38929,13n_770,1,103,102,0.11112681368828142,13,knot_research.db
38930,13n_1021,1,123,122,0.004612433946757952,13,knot_research.db
38931,13a_4832,1,117,115,0.1722365650505408,13,knot_research.db
38932,13a_4105,1,127,125,0.17981326488850696,13,knot_research.db
38933,13a_4834,1,137,135,0.09185067465817866,13,knot_research.db
38934,13n_638,1,109,108,0.03038050014998972,13,knot_research.db
38935,13n_800,1,113,112,0.0023548720132051887,13,knot_research.db
38936,13n_804,1,117,117,0.20699843010835864,13,knot_research.db
38937,13n_979,1,109,107,0.00823515704897956,13,knot_research.db
38938,13n_791,1,111,110,0.04443690576723514,13,knot_research.db
38939,13n_102,1,113,112,0.11301819608929584,13,knot_research.db
38940,13n_893,1,113,112,0.21819217622526102,13,knot_research.db
38941,13n_23,1,111,110,0.08225568627807936,13,knot_research.db
38942,13a_4803,1,117,115,0.2225013401380714,13,knot_research.db
38943,13n_790,1,113,112,0.004817023529977896,13,knot_research.db
38944,13a_4710,1,111,109,0.413160142736518,13,knot_research.db
38945,13a_4864,1,117,115,0.14545700320362545,13,knot_research.db
38946,13a_4875,1,131,129,0.10586861361427145,13,knot_research.db
38947,13n_658,1,113,112,0.04043837867825349,13,knot_research.db
38948,13n_824,1,111,111,0.19123051134405902,13,knot_research.db
38949,13n_820,1,111,110,0.0060962952704087265,13,knot_research.db
38950,13a_4852,1,133,131,0.12766447949650078,13,knot_research.db
38951,13a_4266,1,111,109,0.31336859754823265,13,knot_research.db
38952,13n_811,1,105,104,0.171942998402846,13,knot_research.db
38953,13n_999,1,109,107,0.010208661373404808,13,knot_research.db
38954,13n_1041,1,107,105,0.010256094289761274,13,knot_research.db
38955,13n_913,1,113,112,0.09562430825587824,13,knot_research.db
38956,13n_122,1,115,114,0.1816588333184966,13,knot_research.db
38957,13n_810,1,105,104,0.13689073613929464,13,knot_research.db
38958,13n_43,1,105,103,0.060686261302818297,13,knot_research.db
38959,13a_4730,1,111,109,0.3223170658670699,13,knot_research.db
38960,13n_678,1,117,116,0.0600598872118933,13,knot_research.db
38961,13a_4833,1,127,125,0.180340193206311,13,knot_research.db
38962,13a_4823,1,129,127,0.12061475842818385,13,knot_research.db
38963,13n_840,1,105,104,0.04648741363480551,13,knot_research.db
38964,13n_831,1,107,106,0.05509136926471389,13,knot_research.db
38965,13n_1019,1,109,107,0.015097123709997554,13,knot_research.db
38966,13n_844,1,109,108,0.16798543920252185,13,knot_research.db
38967,13n_1061,1,109,108,0.22740557116334567,13,knot_research.db
38968,13n_6,1,117,116,0.09332580094804988,13,knot_research.db
38969,13a_4827,1,121,119,0.21545540889578702,13,knot_research.db
38970,13n_933,1,111,110,0.0637049099023948,13,knot_research.db
38971,13n_830,1,113,112,0.17973323957133464,13,knot_research.db
38972,13n_860,1,109,107,0.009324042637059028,13,knot_research.db
38973,13n_63,1,107,106,0.1097755865868464,13,knot_research.db
38974,13a_4125,1,109,107,0.3097363754766152,13,knot_research.db
38975,13n_851,1,107,105,0.029105358569306967,13,knot_research.db
38976,13n_142,1,109,108,0.21842857587314313,13,knot_research.db
38977,13a_4286,1,117,115,0.2999353517726647,13,knot_research.db
38978,13n_698,1,117,116,0.007084177409731432,13,knot_research.db
38979,13n_864,1,111,110,0.04734026071325855,13,knot_research.db
38980,13a_4750,1,107,105,0.2883312509730074,13,knot_research.db
38981,13n_1039,1,109,108,0.13022379458611186,13,knot_research.db
38982,13n_1081,1,107,105,0.02966313693578213,13,knot_research.db
38983,13n_953,1,119,118,0.05053370591567027,13,knot_research.db
38984,13n_26,1,109,107,0.061855597433489874,13,knot_research.db
38985,13n_850,1,107,106,0.1930266954805003,13,knot_research.db
38986,13n_880,1,107,106,0.0035167851982290253,13,knot_research.db
38987,13n_871,1,111,109,0.012928249816554122,13,knot_research.db
38988,13a_4847,1,109,107,0.2588276009734211,13,knot_research.db
38989,13n_1059,1,109,107,0.01681704264938135,13,knot_research.db
38990,13n_83,1,115,113,0.0116618040415287,13,knot_research.db
38991,13n_1101,1,113,112,0.17556328670729304,13,knot_research.db
38992,13n_884,1,103,103,0.3244067026643798,13,knot_research.db
38993,13n_17,1,111,110,0.10117052349213336,13,knot_research.db
38994,13n_162,1,107,105,0.015279453229925325,13,knot_research.db
38995,13a_4853,1,119,117,0.15709525979076852,13,knot_research.db
38996,13a_4843,1,109,107,0.1290870139680131,13,knot_research.db
38997,13a_4770,1,115,113,0.15819990546586793,13,knot_research.db
38998,13a_4872,1,123,121,0.1924779902105662,13,knot_research.db
38999,13n_973,1,101,100,0.03741918717988787,13,knot_research.db
39000,13n_870,1,111,110,0.24819142663133315,13,knot_research.db
39001,13n_900,1,109,108,0.20059152656174387,13,knot_research.db
39002,13n_891,1,109,108,0.1741168777130563,13,knot_research.db
39003,13a_4145,1,115,113,0.22205771412976677,13,knot_research.db
39004,13n_1079,1,107,106,0.05355550097785109,13,knot_research.db
39005,13a_4306,1,111,109,0.16047088930750375,13,knot_research.db
39006,13n_46,1,115,113,0.011122141335758515,13,knot_research.db
39007,13n_718,1,113,112,0.07452212177484259,13,knot_research.db
39008,13n_904,1,113,112,0.22011818981054276,13,knot_research.db
39009,13n_1121,1,111,109,0.015172926624496336,13,knot_research.db
39010,13a_4867,1,133,131,0.12815298842083037,13,knot_research.db
39011,13n_182,1,115,114,0.022878456335049705,13,knot_research.db
39012,13n_37,1,113,112,0.028195923067503556,13,knot_research.db
39013,13n_993,1,107,105,0.04149438265251309,13,knot_research.db
39014,13n_103,1,111,110,0.029904477310600894,13,knot_research.db
39015,13a_4854,1,129,127,0.14161438979675395,13,knot_research.db
39016,13n_1099,1,113,111,0.05436829736785459,13,knot_research.db
39017,13n_920,1,111,110,0.04313883785184962,13,knot_research.db
39018,13n_890,1,109,109,0.1893066718853631,13,knot_research.db
39019,13a_4790,1,117,115,0.22002475704290206,13,knot_research.db
39020,13n_911,1,115,114,0.005226344376701328,13,knot_research.db
39021,13n_738,1,115,114,0.18294426068068126,13,knot_research.db
39022,13n_924,1,109,108,0.2957850541688837,13,knot_research.db
39023,13n_1013,1,107,105,0.01761691794793819,13,knot_research.db
39024,13n_66,1,109,108,0.06932990139157627,13,knot_research.db
39025,13a_4165,1,119,117,0.29749081692211043,13,knot_research.db
39026,13n_940,1,113,112,0.22011818981046422,13,knot_research.db
39027,13n_1119,1,115,114,0.1938752634771421,13,knot_research.db
39028,13n_57,1,113,112,0.19868351396479336,13,knot_research.db
39029,13n_123,1,111,110,0.08699331748699035,13,knot_research.db
39030,13n_910,1,105,104,0.15513163605572078,13,knot_research.db
39031,13n_202,1,111,110,0.08977649102952673,13,knot_research.db
39032,13a_4873,1,105,103,0.13480322910570952,13,knot_research.db
39033,13n_1141,1,111,110,0.015151759441959125,13,knot_research.db
39034,13n_931,1,109,107,0.011394895864365161,13,knot_research.db
39035,13n_1033,1,113,111,0.05204973057127984,13,knot_research.db
39036,13n_758,1,117,116,0.022713563739475813,13,knot_research.db
39037,13n_944,1,107,106,0.2364200757441647,13,knot_research.db
39038,13n_86,1,111,109,0.04575424025202086,13,knot_research.db
39039,13n_930,1,109,107,0.008032840443923413,13,knot_research.db
39040,13a_4326,1,125,123,0.17167927914876904,13,knot_research.db
39041,13n_1139,1,113,112,0.18774256428010277,13,knot_research.db
39042,13n_1161,1,111,110,0.029270212659591142,13,knot_research.db
39043,13n_960,1,109,108,0.2685019807179354,13,knot_research.db
39044,13n_951,1,109,107,0.011324578980382284,13,knot_research.db
39045,13n_143,1,111,110,0.23498428856717163,13,knot_research.db
39046,13n_964,1,113,111,0.0106829175113923,13,knot_research.db
39047,13n_222,1,113,112,0.10065340821777603,13,knot_research.db
39048,13n_77,1,109,108,0.030467390981016716,13,knot_research.db
39049,13n_1053,1,113,112,0.08001775185260843,13,knot_research.db
39050,13a_4874,1,125,123,0.06797347509123662,13,knot_research.db
39051,13n_778,1,109,108,0.12414462870925998,13,knot_research.db
39052,13n_14,1,115,114,0.16650337295070364,13,knot_research.db
39053,13a_4810,1,121,119,0.20960139799836405,13,knot_research.db
39054,13n_950,1,113,112,0.09449117465740273,13,knot_research.db
39055,13n_9,1,113,112,0.1366096884435037,13,knot_research.db
39056,13n_1159,1,115,114,0.12921101833348622,13,knot_research.db
39057,13n_980,1,117,116,0.07138400471470396,13,knot_research.db
39058,13n_971,1,107,105,0.03003124455193483,13,knot_research.db
39059,13n_1181,1,107,106,0.010401938705063379,13,knot_research.db
39060,13n_106,1,115,114,0.06963481939193726,13,knot_research.db
39061,13a_4185,1,111,109,0.3272901141162207,13,knot_research.db
39062,13n_984,1,111,110,0.0867713648719596,13,knot_research.db
39063,13n_1073,1,113,111,0.01546610824595877,13,knot_research.db
39064,13n_798,1,115,114,0.2152115225899467,13,knot_research.db
39065,13n_97,1,109,108,0.134997910603327,13,knot_research.db
39066,13n_242,1,113,112,0.20482608398219768,13,knot_research.db
39067,13n_163,1,109,108,0.1296973080851423,13,knot_research.db
39068,13n_991,1,107,106,0.052664479240864925,13,knot_research.db
39069,13n_970,1,109,108,0.13597185657030625,13,knot_research.db
39070,13n_1201,1,111,110,0.08009176178115862,13,knot_research.db
39071,13a_4346,1,117,115,0.19317125354781936,13,knot_research.db
39072,13n_29,1,115,114,0.02706858575717739,13,knot_research.db
39073,13n_34,1,111,110,0.20969811752656634,13,knot_research.db
39074,13n_1004,1,111,110,0.04016049312739023,13,knot_research.db
39075,13n_1000,1,109,108,0.02214119317607367,13,knot_research.db
39076,13n_1179,1,111,110,0.0683021871708461,13,knot_research.db
39077,13a_4830,1,119,117,0.11500499264087417,13,knot_research.db
39078,13n_1093,1,109,107,0.015871124703866354,13,knot_research.db
39079,13n_126,1,113,112,0.06717156252020179,13,knot_research.db
39080,13n_818,1,109,107,0.02825425835881611,13,knot_research.db
39081,13n_117,1,103,102,0.05865800419142512,13,knot_research.db
39082,13n_1011,1,107,106,0.04346321433773053,13,knot_research.db
39083,13n_183,1,115,114,0.1209035764342456,13,knot_research.db
39084,13a_4205,1,109,107,0.3798722586484064,13,knot_research.db
39085,13n_990,1,109,108,0.14219845625076888,13,knot_research.db
39086,13n_262,1,113,112,0.10115377604418067,13,knot_research.db
39087,13n_1221,1,111,110,0.030337409550877242,13,knot_research.db
39088,13n_1199,1,113,112,0.017539220292854922,13,knot_research.db
39089,13n_1020,1,115,114,0.05973216821139591,13,knot_research.db
39090,13n_1024,1,113,113,0.15387872392381047,13,knot_research.db
39091,13n_1113,1,109,107,0.02972265191853313,13,knot_research.db
39092,13n_1031,1,109,109,0.18482689198292032,13,knot_research.db
39093,13n_54,1,113,112,0.16204221222278112,13,knot_research.db
39094,13n_838,1,109,108,0.09324892978574668,13,knot_research.db
39095,13n_137,1,115,114,0.01731205597820407,13,knot_research.db
39096,13a_4366,1,111,109,0.366901177250928,13,knot_research.db
39097,13n_49,1,109,108,0.13536719280471488,13,knot_research.db
39098,13a_4863,1,127,125,0.114778707269102,13,knot_research.db
39099,13n_1010,1,111,109,0.017058509522436816,13,knot_research.db
39100,13n_146,1,109,108,0.05434894441888587,13,knot_research.db
39101,13n_1241,1,111,110,0.06668922953317367,13,knot_research.db
39102,13n_1219,1,107,106,0.06831200782489687,13,knot_research.db
39103,13a_4850,1,123,121,0.23249959414138463,13,knot_research.db
39104,13n_282,1,117,116,0.004249906904570388,13,knot_research.db
39105,13n_1044,1,109,108,0.10398914515854199,13,knot_research.db
39106,13n_858,1,109,108,0.06204812884855304,13,knot_research.db
39107,13n_1133,1,111,110,0.02789774393465717,13,knot_research.db
39108,13n_1051,1,111,109,0.015885696793715647,13,knot_research.db
39109,13n_1040,1,105,104,0.19508427486679705,13,knot_research.db
39110,13a_4225,1,109,107,0.268257355446543,13,knot_research.db
39111,13n_1030,1,105,105,0.06194540392463821,13,knot_research.db
39112,13n_1261,1,109,107,0.08664148900292075,13,knot_research.db
39113,13n_69,1,107,106,0.11857342054479242,13,knot_research.db
39114,13n_157,1,115,114,0.1962158159126839,13,knot_research.db
39115,13n_203,1,107,107,0.16269620557106843,13,knot_research.db
39116,13n_1239,1,111,110,0.07684081498759932,13,knot_research.db
39117,13n_74,1,109,107,0.025584787742524394,13,knot_research.db
39118,13n_1064,1,111,110,0.06344266364090774,13,knot_research.db
39119,13n_166,1,107,106,0.10031051906314296,13,knot_research.db
39120,13n_878,1,115,114,0.09356250336040002,13,knot_research.db
39121,13a_4386,1,115,113,0.1955499817242392,13,knot_research.db
39122,13n_1060,1,109,107,0.004607797708764868,13,knot_research.db
39123,13n_16,1,113,112,0.0075940760164623766,13,knot_research.db
39124,13n_1071,1,109,108,0.007052675316723198,13,knot_research.db
39125,13n_1281,1,115,113,0.002571313479957151,13,knot_research.db
39126,13n_1153,1,115,114,0.005716559217206549,13,knot_research.db
39127,13a_4870,1,125,123,0.2108255187066171,13,knot_research.db
39128,13n_1050,1,115,114,0.04562618955543968,13,knot_research.db
39129,13n_5,1,113,112,0.0635241486781181,13,knot_research.db
39130,13n_89,1,111,110,0.04612888593072463,13,knot_research.db
39131,13n_1259,1,109,109,0.19379705213796045,13,knot_research.db
39132,13n_898,1,109,108,0.05657246014269684,13,knot_research.db
39133,13n_1084,1,111,110,0.02564586205687291,13,knot_research.db
39134,13n_94,1,109,108,0.038571803116544914,13,knot_research.db
39135,13n_1080,1,109,108,0.08131660481878737,13,knot_research.db
39136,13n_223,1,111,110,0.020569161172312816,13,knot_research.db
39137,13n_186,1,115,114,0.14077356971552646,13,knot_research.db
39138,13n_15,1,117,116,0.15756160041273365,13,knot_research.db
39139,13n_1091,1,109,108,0.03933752622170099,13,knot_research.db
39140,13n_302,1,111,110,0.014111807048145282,13,knot_research.db
39141,13n_177,1,109,108,0.1407192276407946,13,knot_research.db
39142,13a_4245,1,115,113,0.229714676542716,13,knot_research.db
39143,13n_36,1,109,107,0.018462670187227682,13,knot_research.db
39144,13n_918,1,115,114,0.1700260170591658,13,knot_research.db
39145,13a_4406,1,107,105,0.29831673546563653,13,knot_research.db
39146,13n_1301,1,111,109,0.09843380187734327,13,knot_research.db
39147,13n_1279,1,109,107,0.016098040250146134,13,knot_research.db
39148,13n_109,1,117,116,0.017939746956527634,13,knot_research.db
39149,13n_1070,1,105,104,0.2028615725659279,13,knot_research.db
39150,13n_1100,1,113,112,0.03256685482082394,13,knot_research.db
39151,13n_25,1,109,108,0.21144263564408128,13,knot_research.db
39152,13n_1104,1,105,103,0.19070020082522568,13,knot_research.db
39153,13n_1111,1,111,110,0.18106346030442325,13,knot_research.db
39154,13n_114,1,107,106,0.13215707923924108,13,knot_research.db
39155,13n_1173,1,113,112,0.10720648031650093,13,knot_research.db
39156,13n_243,1,111,110,0.014214349513254268,13,knot_research.db
39157,13n_197,1,107,106,0.025758712768911826,13,knot_research.db
39158,13n_206,1,109,107,0.03618335947729627,13,knot_research.db
39159,13n_322,1,111,109,0.018796559441947816,13,knot_research.db
39160,13n_1321,1,115,114,0.010139705670704201,13,knot_research.db
39161,13n_1299,1,111,110,0.00986388078717921,13,knot_research.db
39162,13n_35,1,113,112,0.18296441685466863,13,knot_research.db
39163,13n_938,1,115,114,0.06803595358039147,13,knot_research.db
39164,13n_12,1,111,110,0.12990879839827196,13,knot_research.db
39165,13n_56,1,111,109,0.03167116398630588,13,knot_research.db
39166,13n_1120,1,111,110,0.2044873893945876,13,knot_research.db
39167,13n_1124,1,107,105,0.05260273768320134,13,knot_research.db
39168,13n_1090,1,109,107,0.00854197719086568,13,knot_research.db
39169,13n_134,1,115,114,0.09337506920718482,13,knot_research.db
39170,13n_45,1,117,116,0.08389451643717971,13,knot_research.db
39171,13n_1193,1,113,112,0.149802244629419,13,knot_research.db
39172,13n_129,1,113,112,0.07127274063278727,13,knot_research.db
39173,13n_1131,1,119,118,0.01039316444625145,13,knot_research.db
39174,13a_4265,1,111,109,0.31033362140920856,13,knot_research.db
39175,13n_1319,1,115,114,0.009964428694207012,13,knot_research.db
39176,13n_226,1,105,105,0.13150183859417494,13,knot_research.db
39177,13a_4426,1,115,113,0.2695139095124547,13,knot_research.db
39178,13n_263,1,115,114,0.03254485663624297,13,knot_research.db
39179,13n_217,1,113,111,0.06480902275282452,13,knot_research.db
39180,13n_342,1,107,107,0.2994769437000303,13,knot_research.db
39181,13n_1144,1,111,110,0.14688732232209892,13,knot_research.db
39182,13n_958,1,109,107,0.00971971951283212,13,knot_research.db
39183,13n_1110,1,117,115,0.023670499559429292,13,knot_research.db
39184,13n_1140,1,113,112,0.012885053694878806,13,knot_research.db
39185,13n_32,1,109,108,0.28376633329960477,13,knot_research.db
39186,13n_1213,1,111,110,0.15092179271714243,13,knot_research.db
39187,13n_55,1,115,114,0.1647740697358862,13,knot_research.db
39188,13n_1341,1,115,113,0.012768507839355597,13,knot_research.db
39189,13n_76,1,109,107,0.0622136417736703,13,knot_research.db
39190,13n_65,1,105,103,0.04528543689834492,13,knot_research.db
39191,13n_154,1,109,108,0.18569934953818903,13,knot_research.db
39192,13n_149,1,109,108,0.15031057848613022,13,knot_research.db
39193,13n_246,1,109,107,0.020234992192645716,13,knot_research.db
39194,13n_978,1,109,107,0.017750953981218887,13,knot_research.db
39195,13n_1151,1,113,112,0.10633517900047099,13,knot_research.db
39196,13n_1164,1,117,116,0.007859290096111667,13,knot_research.db
39197,13n_237,1,109,107,0.016969179069411085,13,knot_research.db
39198,13n_1339,1,115,114,0.2551282559019511,13,knot_research.db
39199,13n_283,1,109,108,0.032027804597490356,13,knot_research.db
39200,13n_362,1,111,110,0.06723628444699051,13,knot_research.db
39201,13n_1233,1,115,114,0.002382840635807714,13,knot_research.db
39202,13n_1160,1,115,114,0.027000549173123476,13,knot_research.db
39203,13n_1130,1,109,108,0.15750848347128232,13,knot_research.db
39204,13n_52,1,115,114,0.13437780977087876,13,knot_research.db
39205,13n_1361,1,113,112,0.03903961893982927,13,knot_research.db
39206,13n_85,1,107,106,0.059946296071312424,13,knot_research.db
39207,13a_4285,1,115,113,0.29867388142461604,13,knot_research.db
39208,13n_96,1,109,108,0.028441222448395354,13,knot_research.db
39209,13n_998,1,109,108,0.18621384240130115,13,knot_research.db
39210,13n_174,1,109,108,0.13536289570056806,13,knot_research.db
39211,13a_4446,1,107,105,0.3318811690178389,13,knot_research.db
39212,13n_169,1,109,108,0.06432360314804283,13,knot_research.db
39213,13n_1171,1,121,120,0.1548049853189716,13,knot_research.db
39214,13n_1359,1,107,106,0.09886706770760512,13,knot_research.db
39215,13n_1150,1,113,112,0.03865548108502308,13,knot_research.db
39216,13n_257,1,115,114,0.18549576790298924,13,knot_research.db
39217,13n_266,1,111,110,0.0042869555817922275,13,knot_research.db
39218,13n_303,1,111,110,0.23819280167150333,13,knot_research.db
39219,13n_1253,1,107,106,0.1538108143970053,13,knot_research.db
39220,13n_1184,1,115,114,0.08171018174078547,13,knot_research.db
39221,13n_382,1,107,106,0.22131627303870824,13,knot_research.db
39222,13n_75,1,109,108,0.21144263564408064,13,knot_research.db
39223,13n_1018,1,115,114,0.16891989244381247,13,knot_research.db
39224,13n_116,1,105,103,0.04926424940190398,13,knot_research.db
39225,13n_105,1,109,108,0.07529577786972622,13,knot_research.db
39226,13n_1381,1,115,114,0.003956453088176913,13,knot_research.db
39227,13n_1379,1,107,105,0.08723552653119279,13,knot_research.db
39228,13n_72,1,111,110,0.02342608913101722,13,knot_research.db
39229,13n_1180,1,105,105,0.051265925051715684,13,knot_research.db
39230,13n_189,1,115,114,0.05904081928947355,13,knot_research.db
39231,13n_194,1,117,116,0.03591418546218541,13,knot_research.db
39232,13a_4466,1,105,103,0.23118345504573684,13,knot_research.db
39233,13n_1170,1,117,116,0.02398665573806022,13,knot_research.db
39234,13n_1273,1,109,108,0.016248294427810145,13,knot_research.db
39235,13n_1191,1,113,112,0.07706595642198627,13,knot_research.db
39236,13n_402,1,115,114,0.17166786112517232,13,knot_research.db
39237,13n_1399,1,119,118,0.0365795676439646,13,knot_research.db
39238,13n_1204,1,111,110,0.20219956342205794,13,knot_research.db
39239,13n_95,1,115,114,0.11809335480172106,13,knot_research.db
39240,13a_4305,1,123,121,0.16931217956788988,13,knot_research.db
39241,13n_136,1,113,111,0.014820284095523814,13,knot_research.db
39242,13n_323,1,111,110,0.11355108686484919,13,knot_research.db
39243,13n_1038,1,111,109,0.02694014976792184,13,knot_research.db
39244,13n_1200,1,109,108,0.01356055917443477,13,knot_research.db
39245,13n_277,1,111,110,0.12086905842510999,13,knot_research.db
39246,13n_125,1,109,107,0.02763057892753615,13,knot_research.db
39247,13n_1401,1,111,110,0.17677386140632054,13,knot_research.db
39248,13n_1293,1,107,106,0.0054442736630901335,13,knot_research.db
39249,13n_92,1,121,120,0.17578286898657117,13,knot_research.db
39250,13n_286,1,105,104,0.013901124686141403,13,knot_research.db
39251,13n_209,1,107,106,0.1705342834900794,13,knot_research.db
39252,13n_1211,1,109,108,0.18544799876960738,13,knot_research.db
39253,13n_214,1,109,107,0.0325396643883274,13,knot_research.db
39254,13n_1058,1,111,110,0.12876861684253668,13,knot_research.db
39255,13n_1220,1,107,106,0.14014935896126637,13,knot_research.db
39256,13n_1224,1,113,112,0.0996300653819186,13,knot_research.db
39257,13n_115,1,107,106,0.19032026789665005,13,knot_research.db
39258,13n_145,1,107,106,0.2563766181858376,13,knot_research.db
39259,13n_1419,1,107,106,0.14725484699672153,13,knot_research.db
39260,13n_343,1,107,107,0.16260038174574537,13,knot_research.db
39261,13a_4486,1,115,113,0.28324703263108586,13,knot_research.db
39262,13n_1313,1,109,107,0.017009770969112548,13,knot_research.db
39263,13n_156,1,113,112,0.14048343896765977,13,knot_research.db
39264,13n_297,1,111,110,0.07931926410921204,13,knot_research.db
39265,13n_1190,1,117,116,0.05862565573964715,13,knot_research.db
39266,13n_422,1,109,109,0.13117080436205128,13,knot_research.db
39267,13n_306,1,113,112,0.10686863284752436,13,knot_research.db
39268,13n_1231,1,117,115,0.005918062534128248,13,knot_research.db
39269,13n_229,1,109,109,0.27145881512006537,13,knot_research.db
39270,13n_1240,1,109,108,0.015996894718101867,13,knot_research.db
39271,13n_1078,1,115,113,0.0017632179746840035,13,knot_research.db
39272,13n_234,1,107,106,0.009981108987161341,13,knot_research.db
39273,13n_112,1,107,106,0.016959178805228303,13,knot_research.db
39274,13n_1421,1,105,104,0.023130411301398077,13,knot_research.db
39275,13n_135,1,117,116,0.19611573006809133,13,knot_research.db
39276,13n_1439,1,105,104,0.010163222865705063,13,knot_research.db
39277,13n_1244,1,111,110,0.17393741959964445,13,knot_research.db
39278,13n_1333,1,117,116,0.06138756301554863,13,knot_research.db
39279,13n_363,1,109,107,0.0331332855683406,13,knot_research.db
39280,13a_4325,1,115,113,0.17991067447994977,13,knot_research.db
39281,13n_165,1,109,108,0.1363551282264478,13,knot_research.db
39282,13n_317,1,113,112,0.03228251144943044,13,knot_research.db
39283,13n_1260,1,111,110,0.1010246200966304,13,knot_research.db
39284,13n_1210,1,109,108,0.03795681759172154,13,knot_research.db
39285,13n_442,1,111,110,0.06856141534883034,13,knot_research.db
39286,13n_1441,1,107,106,0.03890141058626923,13,knot_research.db
39287,13n_176,1,107,105,0.015058659182225504,13,knot_research.db
39288,13a_4506,1,103,101,0.20871215252208003,13,knot_research.db
39289,13n_1251,1,109,107,0.022946118661803547,13,knot_research.db
39290,13n_1098,1,115,114,0.04302461876204206,13,knot_research.db
39291,13n_254,1,117,116,0.042966338602575975,13,knot_research.db
39292,13n_1459,1,109,108,0.05639186221521149,13,knot_research.db
39293,13n_249,1,117,116,0.18293469911993065,13,knot_research.db
39294,13n_326,1,109,108,0.017725696864953667,13,knot_research.db
39295,13n_1264,1,107,106,0.07663776282286498,13,knot_research.db
39296,13n_132,1,115,114,0.15939571799636157,13,knot_research.db
39297,13n_155,1,107,105,0.05505341318952627,13,knot_research.db
39298,13n_383,1,107,105,0.0121092532922698,13,knot_research.db
39299,13n_1280,1,115,114,0.19892614027638542,13,knot_research.db
39300,13n_1230,1,121,120,0.14392676770717777,13,knot_research.db
39301,13n_185,1,113,112,0.005440207391429105,13,knot_research.db
39302,13n_1353,1,109,108,0.0451323255905736,13,knot_research.db
39303,13n_1461,1,109,108,0.013346884470966264,13,knot_research.db
39304,13n_337,1,113,112,0.19025479115192334,13,knot_research.db
39305,13n_1271,1,105,105,0.029199067950377158,13,knot_research.db
39306,13n_1284,1,117,116,0.02962953327919065,13,knot_research.db
39307,13n_462,1,109,107,0.020069255183106306,13,knot_research.db
39308,13n_196,1,115,114,0.11854476578951899,13,knot_research.db
39309,13n_1479,1,109,108,0.19924235741705876,13,knot_research.db
39310,13n_346,1,109,108,0.11326523702982734,13,knot_research.db
39311,13n_1118,1,107,105,0.02771395667077845,13,knot_research.db
39312,13a_4526,1,117,115,0.3063926886675088,13,knot_research.db
39313,13n_175,1,107,105,0.019413902073930955,13,knot_research.db
39314,13n_1373,1,109,108,0.08743931265751768,13,knot_research.db
39315,13a_4345,1,113,111,0.20573279238367845,13,knot_research.db
39316,13n_274,1,111,110,0.16776528964976836,13,knot_research.db
39317,13n_1481,1,107,106,0.09148272111108993,13,knot_research.db
39318,13n_269,1,121,120,0.01571264607323907,13,knot_research.db
39319,13n_403,1,111,110,0.015939647864732263,13,knot_research.db
39320,13n_1300,1,113,112,0.05412495464310803,13,knot_research.db
39321,13n_1291,1,107,105,0.08030453998642835,13,knot_research.db
39322,13n_1250,1,109,108,0.21389738580380777,13,knot_research.db
39323,13n_1499,1,111,110,0.07725511854697607,13,knot_research.db
39324,13n_482,1,113,112,0.06290627457274062,13,knot_research.db
39325,13n_1304,1,109,107,0.03405244220690044,13,knot_research.db
39326,13n_366,1,111,109,0.013660575397066822,13,knot_research.db
39327,13n_1138,1,113,112,0.15878838521770525,13,knot_research.db
39328,13n_1501,1,109,107,0.021983573719428707,13,knot_research.db
39329,13n_1393,1,109,108,0.059037589399509344,13,knot_research.db
39330,13n_357,1,107,106,0.11012668302792307,13,knot_research.db
39331,13n_152,1,113,112,0.051660706202055116,13,knot_research.db
39332,13n_195,1,111,110,0.05093840623799501,13,knot_research.db
39333,13n_216,1,109,108,0.06138784673029159,13,knot_research.db
39334,13n_205,1,111,110,0.1596150055846004,13,knot_research.db
39335,13n_1320,1,111,109,0.11570295952983993,13,knot_research.db
39336,13n_294,1,111,110,0.0905194988925078,13,knot_research.db
39337,13n_1519,1,119,118,0.09770226489822191,13,knot_research.db
39338,13n_423,1,109,109,0.12060585788810847,13,knot_research.db
39339,13n_1270,1,109,108,0.004532059962586075,13,knot_research.db
39340,13a_4546,1,109,107,0.3608066953164534,13,knot_research.db
39341,13n_1311,1,117,116,0.029624948707820533,13,knot_research.db
39342,13n_1324,1,113,112,0.0247555063052212,13,knot_research.db
39343,13n_502,1,111,110,0.0915614990104721,13,knot_research.db
39344,13a_4365,1,109,107,0.2013319077186605,13,knot_research.db
39345,13n_1521,1,111,110,0.009296879378683847,13,knot_research.db
39346,13n_1158,1,117,116,0.03515326952510083,13,knot_research.db
39347,13n_1413,1,109,108,0.05835660280661355,13,knot_research.db
39348,13n_386,1,115,114,0.20052672440469732,13,knot_research.db
39349,13n_377,1,113,112,0.13634014213834067,13,knot_research.db
39350,13n_236,1,111,110,0.11426408518752215,13,knot_research.db
39351,13n_289,1,109,109,0.26200811773518284,13,knot_research.db
39352,13n_215,1,111,110,0.033030842719070426,13,knot_research.db
39353,13n_225,1,107,107,0.1361376212175301,13,knot_research.db
39354,13n_172,1,111,109,0.04374277965026667,13,knot_research.db
39355,13n_1290,1,117,116,0.06050527269700502,13,knot_research.db
39356,13n_314,1,115,114,0.1483291411884493,13,knot_research.db
39357,13n_1340,1,111,109,0.021343740703180066,13,knot_research.db
39358,13n_1539,1,105,104,0.0273924440552503,13,knot_research.db
39359,13n_443,1,117,116,0.06653162006802221,13,knot_research.db
39360,13n_1344,1,111,109,0.027974935741427225,13,knot_research.db
39361,13n_1331,1,121,120,0.005808922364888476,13,knot_research.db
39362,13n_1541,1,117,116,0.0021473526230759055,13,knot_research.db
39363,13a_4566,1,117,115,0.1391941468882959,13,knot_research.db
39364,13n_522,1,109,108,0.11389760715429498,13,knot_research.db
39365,13n_1433,1,115,114,0.24854941771252978,13,knot_research.db
39366,13n_1559,1,111,110,0.13855327997902597,13,knot_research.db
39367,13a_4385,1,117,115,0.17192208748290003,13,knot_research.db
39368,13n_1360,1,107,106,0.0984053996655147,13,knot_research.db
39369,13n_397,1,111,110,0.02847926791061756,13,knot_research.db
39370,13n_235,1,111,110,0.1012681215604995,13,knot_research.db
39371,13n_309,1,109,107,0.012060383721254146,13,knot_research.db
39372,13n_245,1,113,112,0.19710700381551838,13,knot_research.db
39373,13n_1178,1,111,110,0.07959351978608108,13,knot_research.db
39374,13n_256,1,117,116,0.056201324926898555,13,knot_research.db
39375,13n_192,1,119,118,0.004544309860154352,13,knot_research.db
39376,13n_406,1,113,112,0.19877323492512128,13,knot_research.db
39377,13n_1310,1,115,114,0.19928401130457343,13,knot_research.db
39378,13n_334,1,115,114,0.2374047465334167,13,knot_research.db
39379,13n_1453,1,105,103,0.02944801818383141,13,knot_research.db
39380,13n_1561,1,111,110,0.2267756919332201,13,knot_research.db
39381,13n_542,1,109,107,0.028255800995999353,13,knot_research.db
39382,13n_1579,1,111,110,0.1323087237628616,13,knot_research.db
39383,13n_1380,1,111,110,0.0027658229629840335,13,knot_research.db
39384,13n_463,1,117,116,0.02861522958488203,13,knot_research.db
39385,13n_1364,1,111,110,0.15857354914051547,13,knot_research.db
39386,13a_4586,1,109,107,0.3719622566099921,13,knot_research.db
39387,13n_1198,1,111,110,0.019072646511421598,13,knot_research.db
39388,13n_417,1,111,109,0.02275732265932355,13,knot_research.db
39389,13n_255,1,117,116,0.10880015940885043,13,knot_research.db
39390,13n_1351,1,109,107,0.0380196098373153,13,knot_research.db
39391,13n_1330,1,109,107,0.015059745734256641,13,knot_research.db
39392,13n_265,1,117,116,0.02725477283849339,13,knot_research.db
39393,13n_1473,1,113,112,0.01802984466227697,13,knot_research.db
39394,13n_329,1,111,110,0.060982362568823084,13,knot_research.db
39395,13n_1599,1,111,110,0.11053904053703553,13,knot_research.db
39396,13a_4405,1,113,111,0.27809987791407503,13,knot_research.db
39397,13n_426,1,109,109,0.2658926924992758,13,knot_research.db
39398,13n_354,1,109,107,0.020592761799677537,13,knot_research.db
39399,13n_1581,1,119,118,0.10678625651099403,13,knot_research.db
39400,13n_562,1,113,112,0.13722284076167368,13,knot_research.db
39401,13n_276,1,111,110,0.013440260079541976,13,knot_research.db
39402,13n_1218,1,109,107,0.02361663781093592,13,knot_research.db
39403,13n_1384,1,109,107,0.06627340938853686,13,knot_research.db
39404,13n_1371,1,107,105,0.018690433968399495,13,knot_research.db
39405,13n_1400,1,111,110,0.004728153854500273,13,knot_research.db
39406,13a_4606,1,117,115,0.19824644584122933,13,knot_research.db
39407,13n_437,1,109,109,0.17634335371993082,13,knot_research.db
39408,13n_1493,1,111,110,0.07038427936138633,13,knot_research.db
39409,13n_1350,1,109,107,0.03952406220048799,13,knot_research.db
39410,13n_1619,1,115,114,0.010568572452459589,13,knot_research.db
39411,13n_275,1,111,110,0.20348351593864772,13,knot_research.db
39412,13n_349,1,109,109,0.19538377276145102,13,knot_research.db
39413,13n_483,1,111,110,0.1159090477629779,13,knot_research.db
39414,13n_374,1,107,106,0.19892371555840022,13,knot_research.db
39415,13n_1404,1,113,112,0.07004310756453469,13,knot_research.db
39416,13n_285,1,107,107,0.1429301401424629,13,knot_research.db
39417,13n_1238,1,117,116,0.004992763238968684,13,knot_research.db
39418,13n_1601,1,111,110,0.21063410770321228,13,knot_research.db
39419,13n_446,1,115,114,0.00812052504334303,13,knot_research.db
39420,13n_1391,1,111,109,0.023242693358616808,13,knot_research.db
39421,13n_296,1,109,107,0.017012401819224192,13,knot_research.db
39422,13n_582,1,107,106,0.07409658575852492,13,knot_research.db
39423,13n_1513,1,105,105,0.12434737654859532,13,knot_research.db
39424,13n_1420,1,107,106,0.02255290451026399,13,knot_research.db
39425,13n_1370,1,107,106,0.19816892399037092,13,knot_research.db
39426,13a_4425,1,113,111,0.3572557988378028,13,knot_research.db
39427,13n_1639,1,111,110,0.006332632859918871,13,knot_research.db
39428,13n_457,1,115,114,0.24010347217096473,13,knot_research.db
39429,13n_295,1,111,110,0.11248026900607856,13,knot_research.db
39430,13n_369,1,111,109,0.04201490988956833,13,knot_research.db
39431,13a_4626,1,109,107,0.2024710679943655,13,knot_research.db
39432,13n_394,1,113,112,0.1371685987950055,13,knot_research.db
39433,13n_503,1,115,114,0.23730205799770882,13,knot_research.db
39434,13n_212,1,111,110,0.0866192402317185,13,knot_research.db
39435,13n_1424,1,109,108,0.07716687551377394,13,knot_research.db
39436,13n_1621,1,113,112,0.022579630739853675,13,knot_research.db
39437,13n_1411,1,109,108,0.031619945728059734,13,knot_research.db
39438,13n_1258,1,105,105,0.09295821687036106,13,knot_research.db
39439,13n_305,1,109,107,0.020138008968534078,13,knot_research.db
39440,13n_1390,1,109,108,0.2394806111944501,13,knot_research.db
39441,13n_602,1,101,101,0.1527388878068254,13,knot_research.db
39442,13n_1440,1,105,104,0.1945112401074275,13,knot_research.db
39443,13n_1533,1,107,106,0.003191141188849377,13,knot_research.db
39444,13n_1659,1,113,112,0.0016120094006337393,13,knot_research.db
39445,13n_466,1,109,108,0.12539411996346367,13,knot_research.db
39446,13n_316,1,113,112,0.22251395433862903,13,knot_research.db
39447,13n_1278,1,109,108,0.237705517966825,13,knot_research.db
39448,13n_1444,1,107,106,0.03988418312950896,13,knot_research.db
39449,13n_1431,1,109,108,0.1315577057093261,13,knot_research.db
39450,13a_4445,1,109,107,0.24280180396228587,13,knot_research.db
39451,13n_315,1,111,109,0.007056237304013676,13,knot_research.db
39452,13n_414,1,113,112,0.022439430217130237,13,knot_research.db
39453,13n_1460,1,111,111,0.09540965969973156,13,knot_research.db
39454,13n_232,1,111,110,0.02913498579088879,13,knot_research.db
39455,13n_1553,1,107,106,0.07843872751103095,13,knot_research.db
39456,13n_1410,1,109,108,0.2609207539694391,13,knot_research.db
39457,13n_622,1,117,116,0.010457423894895693,13,knot_research.db
39458,13n_523,1,107,105,0.02886632838943192,13,knot_research.db
39459,13n_477,1,109,108,0.19643718192156343,13,knot_research.db
39460,13n_389,1,111,110,0.07566530019420338,13,knot_research.db
39461,13n_1679,1,127,126,0.02860085097145266,13,knot_research.db
39462,13a_4646,1,121,119,0.18514851672048824,13,knot_research.db
39463,13n_325,1,109,107,0.022894433637580997,13,knot_research.db
39464,13n_1464,1,123,122,0.1652736362948766,13,knot_research.db
39465,13n_486,1,111,110,0.1874272504743959,13,knot_research.db
39466,13n_1641,1,105,104,0.09434631236816042,13,knot_research.db
39467,13n_1298,1,117,116,0.0043355984119484705,13,knot_research.db
39468,13n_1451,1,121,120,0.21808084891156168,13,knot_research.db
39469,13n_336,1,117,116,0.19159663360003606,13,knot_research.db
39470,13n_1573,1,109,108,0.15503758066427936,13,knot_research.db
39471,13n_1480,1,113,112,0.08816712583033667,13,knot_research.db
39472,13n_1430,1,109,108,0.04656115148756744,13,knot_research.db
39473,13n_335,1,109,107,0.010836199785125294,13,knot_research.db
39474,13n_543,1,111,110,0.013112019334061073,13,knot_research.db
39475,13n_434,1,111,110,0.12195875841011151,13,knot_research.db
39476,13n_252,1,111,110,0.12675987704979724,13,knot_research.db
39477,13n_409,1,111,110,0.018895133625059225,13,knot_research.db
39478,13n_497,1,111,110,0.1203200476905323,13,knot_research.db
39479,13n_1661,1,117,115,0.008511191836456957,13,knot_research.db
39480,13n_345,1,107,105,0.015200234945187623,13,knot_research.db
39481,13n_506,1,111,110,0.04169207573090417,13,knot_research.db
39482,13n_1471,1,121,120,0.27218893138832684,13,knot_research.db
39483,13n_1318,1,111,110,0.12486812853720486,13,knot_research.db
39484,13n_1593,1,121,120,0.028822448374480333,13,knot_research.db
39485,13a_4465,1,113,111,0.4022766830234719,13,knot_research.db
39486,13n_1500,1,109,108,0.18720049683246545,13,knot_research.db
39487,13n_1484,1,109,108,0.07549934396074225,13,knot_research.db
39488,13n_1450,1,107,106,0.03197196519034848,13,knot_research.db
39489,13n_355,1,109,108,0.037346461278666865,13,knot_research.db
39490,13n_563,1,113,112,0.02513845698652847,13,knot_research.db
39491,13n_454,1,109,108,0.043215308337238065,13,knot_research.db
39492,13n_1699,1,103,102,0.08888990585112068,13,knot_research.db
39493,13a_4666,1,113,111,0.20104422086830417,13,knot_research.db
39494,13n_642,1,113,112,0.06819670716436665,13,knot_research.db
39495,13n_517,1,111,110,0.007094339546315704,13,knot_research.db
39496,13n_272,1,117,116,0.11614348539367433,13,knot_research.db
39497,13n_356,1,107,107,0.30909166505876456,13,knot_research.db
39498,13n_429,1,109,107,0.08154083013505471,13,knot_research.db
39499,13n_365,1,115,114,0.10785390733984797,13,knot_research.db
39500,13n_1470,1,119,118,0.005400624510313601,13,knot_research.db
39501,13n_1504,1,109,107,0.02117828598390445,13,knot_research.db
39502,13n_1681,1,111,110,0.04489306662445594,13,knot_research.db
39503,13n_1338,1,115,114,0.23614434944154564,13,knot_research.db
39504,13n_526,1,109,107,0.04711827195161172,13,knot_research.db
39505,13n_1520,1,117,115,0.009478207339430654,13,knot_research.db
39506,13n_1719,1,103,103,0.07106804248602219,13,knot_research.db
39507,13n_1491,1,113,112,0.1796599252627727,13,knot_research.db
39508,13n_375,1,107,105,0.01891813596095933,13,knot_research.db
39509,13n_1613,1,107,106,0.0721645519816176,13,knot_research.db
39510,13n_474,1,113,112,0.03425458481405655,13,knot_research.db
39511,13n_583,1,105,104,0.012805954952974721,13,knot_research.db
39512,13n_376,1,109,108,0.03699693066967336,13,knot_research.db
39513,13n_1739,1,105,104,0.020846337452821405,13,knot_research.db
39514,13n_449,1,109,107,0.016139140811835342,13,knot_research.db
39515,13n_1701,1,103,102,0.11237756897331269,13,knot_research.db
39516,13n_662,1,115,114,0.04600821937160807,13,knot_research.db
39517,13n_537,1,111,110,0.013073536088458113,13,knot_research.db
39518,13n_1524,1,111,110,0.23708939494105546,13,knot_research.db
39519,13a_4485,1,111,109,0.36164155900427564,13,knot_research.db
39520,13n_1358,1,113,112,0.04334710405910244,13,knot_research.db
39521,13n_546,1,111,110,0.23948061119444974,13,knot_research.db
39522,13n_385,1,109,108,0.08968127502480375,13,knot_research.db
39523,13n_292,1,107,106,0.008391853148817257,13,knot_research.db
39524,13n_1540,1,109,108,0.15395522589485952,13,knot_research.db
39525,13n_1490,1,113,112,0.08892782495667115,13,knot_research.db
39526,13n_1511,1,109,108,0.0866046588277935,13,knot_research.db
39527,13n_1633,1,109,108,0.027692012701881565,13,knot_research.db
39528,13a_4686,1,115,113,0.20334611432055377,13,knot_research.db
39529,13n_395,1,111,110,0.2742545442964414,13,knot_research.db
39530,13n_1759,1,103,102,0.13516198734697207,13,knot_research.db
39531,13n_1721,1,105,104,0.19578614188410487,13,knot_research.db
39532,13n_603,1,101,101,0.1678241772755648,13,knot_research.db
39533,13n_1544,1,111,110,0.02419263965138951,13,knot_research.db
39534,13n_494,1,113,112,0.18479051907974975,13,knot_research.db
39535,13n_396,1,111,109,0.010907516644736322,13,knot_research.db
39536,13n_1560,1,115,114,0.030218768393385338,13,knot_research.db
39537,13n_1378,1,107,106,0.06585964499223772,13,knot_research.db
39538,13n_1653,1,117,115,0.015058043033626024,13,knot_research.db
39539,13n_1531,1,113,112,0.03374859842833676,13,knot_research.db
39540,13n_682,1,111,110,0.0282701815898615,13,knot_research.db
39541,13n_469,1,117,116,0.0025747521585208575,13,knot_research.db
39542,13n_405,1,111,109,0.025281608891859427,13,knot_research.db
39543,13n_1510,1,103,102,0.05810434339040081,13,knot_research.db
39544,13n_312,1,117,116,0.007970222267662799,13,knot_research.db
39545,13n_1779,1,105,105,0.00652241143226218,13,knot_research.db
39546,13n_557,1,111,109,0.04524006331167851,13,knot_research.db
39547,13n_1741,1,115,114,0.04120208017520076,13,knot_research.db
39548,13n_566,1,109,108,0.015264876379479665,13,knot_research.db
39549,13n_1564,1,107,106,0.1428594755456197,13,knot_research.db
39550,13n_415,1,111,110,0.016700390904851342,13,knot_research.db
39551,13a_4505,1,117,115,0.2894699997828318,13,knot_research.db
39552,13n_1398,1,113,112,0.1628343089606177,13,knot_research.db
39553,13n_623,1,121,120,0.2290779410910681,13,knot_research.db
39554,13n_1551,1,109,108,0.11304048641095213,13,knot_research.db
39555,13n_1799,1,103,102,0.014175464058714695,13,knot_research.db
39556,13n_416,1,115,114,0.051784374728050295,13,knot_research.db
39557,13n_1530,1,111,110,0.08868961158353156,13,knot_research.db
39558,13a_4706,1,115,113,0.28104312702800854,13,knot_research.db
39559,13n_1580,1,113,112,0.006799779975368313,13,knot_research.db
39560,13n_702,1,121,120,0.14155766201020312,13,knot_research.db
39561,13n_1673,1,117,116,0.2196675933988224,13,knot_research.db
39562,13n_514,1,109,107,0.046905603698233496,13,knot_research.db
39563,13n_425,1,105,105,0.07497595380084279,13,knot_research.db
39564,13n_1761,1,115,115,0.2256461617732111,13,knot_research.db
39565,13n_1584,1,113,112,0.20537471486833808,13,knot_research.db
39566,13n_586,1,97,96,0.017636940763256538,13,knot_research.db
39567,13n_577,1,109,108,0.03425072687798711,13,knot_research.db
39568,13n_1819,1,105,104,0.1736056428904518,13,knot_research.db
39569,13n_435,1,111,110,0.1232306085677616,13,knot_research.db
39570,13n_1571,1,103,102,0.008724380646718618,13,knot_research.db
39571,13n_332,1,109,107,0.01883185554863251,13,knot_research.db
39572,13n_1550,1,115,114,0.017980180844772767,13,knot_research.db
39573,13n_1693,1,95,94,0.07314294836867845,13,knot_research.db
39574,13n_534,1,107,106,0.07266666757404484,13,knot_research.db
39575,13n_445,1,115,113,0.007348684774387199,13,knot_research.db
39576,13n_1839,1,105,104,0.10563066351039434,13,knot_research.db
39577,13n_489,1,113,112,0.12391463608905899,13,knot_research.db
39578,13n_1781,1,107,106,0.04102298747062594,13,knot_research.db
39579,13n_1604,1,109,108,0.18119524499906686,13,knot_research.db
39580,13n_1418,1,117,116,0.24435164713361143,13,knot_research.db
39581,13n_436,1,113,112,0.008548483243397435,13,knot_research.db
39582,13n_1600,1,109,108,0.07551370305524081,13,knot_research.db
39583,13a_4726,1,109,107,0.39033585103817153,13,knot_research.db
39584,13n_1591,1,109,108,0.02671733922043122,13,knot_research.db
39585,13n_643,1,113,112,0.09667654850456177,13,knot_research.db
39586,13n_606,1,107,107,0.1855131910519038,13,knot_research.db
39587,13a_4525,1,117,115,0.2087214230601815,13,knot_research.db
39588,13n_597,1,105,104,0.17828757673931037,13,knot_research.db
39589,13n_352,1,109,107,0.04705374588612345,13,knot_research.db
39590,13n_1713,1,117,116,0.11113157272123268,13,knot_research.db
39591,13n_455,1,111,110,0.06821331172337221,13,knot_research.db
39592,13n_722,1,109,108,0.1422735828287911,13,knot_research.db
39593,13n_1570,1,109,108,0.19028898476541178,13,knot_research.db
39594,13n_1859,1,107,106,0.261313380982795,13,knot_research.db
39595,13n_1624,1,113,112,0.18838761126130832,13,knot_research.db
39596,13n_1801,1,109,108,0.24456166815272037,13,knot_research.db
39597,13n_554,1,111,109,0.011703648241079816,13,knot_research.db
39598,13n_1620,1,107,106,0.23184677273472018,13,knot_research.db
39599,13n_509,1,109,107,0.01189756644451913,13,knot_research.db
39600,13n_1438,1,105,104,0.20023195668277236,13,knot_research.db
39601,13n_626,1,121,120,0.16107578144084694,13,knot_research.db
39602,13n_456,1,109,107,0.030827636400778687,13,knot_research.db
39603,13n_663,1,115,114,0.1925474423800067,13,knot_research.db
39604,13n_742,1,113,112,0.2643736704906337,13,knot_research.db
39605,13n_465,1,113,112,0.03922346005381912,13,knot_research.db
39606,13n_617,1,105,104,0.15005206172160424,13,knot_research.db
39607,13n_1611,1,109,108,0.25475188430462636,13,knot_research.db
39608,13n_1590,1,121,120,0.14580977390629113,13,knot_research.db
39609,13n_372,1,107,105,0.0182924223360288,13,knot_research.db
39610,13a_4746,1,107,105,0.4207066145283628,13,knot_research.db
39611,13n_1733,1,99,98,0.030994098473383167,13,knot_research.db
39612,13n_1879,1,105,104,0.039446729792666634,13,knot_research.db
39613,13n_475,1,111,109,0.04319916266526474,13,knot_research.db
39614,13n_1821,1,103,102,0.0413038403178164,13,knot_research.db
39615,13n_1644,1,109,108,0.008044537256421812,13,knot_research.db
39616,13n_1640,1,107,106,0.04660259339866226,13,knot_research.db
39617,13a_4545,1,111,109,0.2674143163893649,13,knot_research.db
39618,13n_1458,1,113,112,0.1434079190140151,13,knot_research.db
39619,13n_574,1,111,110,0.0070290616311236495,13,knot_research.db
39620,13n_476,1,111,110,0.19834324629718278,13,knot_research.db
39621,13n_1631,1,101,101,0.20371064215287618,13,knot_research.db
39622,13n_1753,1,95,94,0.20416549722086275,13,knot_research.db
39623,13n_637,1,113,112,0.07239298364085346,13,knot_research.db
39624,13n_1841,1,99,98,0.04030134577696741,13,knot_research.db
39625,13n_529,1,109,108,0.03733889868839693,13,knot_research.db
39626,13n_1899,1,109,108,0.014207814106385084,13,knot_research.db
39627,13n_1660,1,123,122,0.19437055600253667,13,knot_research.db
39628,13n_1664,1,115,114,0.01903744038693365,13,knot_research.db
39629,13n_392,1,113,112,0.17507852138904118,13,knot_research.db
39630,13n_683,1,113,112,0.10624597779146878,13,knot_research.db
39631,13n_646,1,109,109,0.27479476673845593,13,knot_research.db
39632,13a_4766,1,119,117,0.13603233455975688,13,knot_research.db
39633,13n_485,1,115,114,0.23802534063455794,13,knot_research.db
39634,13n_495,1,109,108,0.2418636318003322,13,knot_research.db
39635,13n_762,1,113,112,0.05787092081514891,13,knot_research.db
39636,13n_1478,1,109,108,0.02369803715432566,13,knot_research.db
39637,13n_1651,1,111,110,0.002271464682098241,13,knot_research.db
39638,13n_1773,1,113,112,0.2503580834107686,13,knot_research.db
39639,13n_594,1,105,104,0.028933022901252298,13,knot_research.db
39640,13n_1861,1,101,100,0.07388031874105971,13,knot_research.db
39641,13n_1919,1,109,108,0.0026717187470902924,13,knot_research.db
39642,13n_1610,1,115,114,0.06639403596436841,13,knot_research.db
39643,13n_496,1,111,109,0.04605199598698326,13,knot_research.db
39644,13n_549,1,107,106,0.07420098224378267,13,knot_research.db
39645,13a_4565,1,117,115,0.17441351335927185,13,knot_research.db
39646,13n_657,1,111,110,0.05881154064636648,13,knot_research.db
39647,13n_1684,1,111,110,0.21263217895215383,13,knot_research.db
39648,13n_1498,1,111,110,0.09579980683416027,13,knot_research.db
39649,13n_1680,1,129,128,0.14827791783502595,13,knot_research.db
39650,13n_515,1,109,108,0.1816431772720333,13,knot_research.db
39651,13n_782,1,109,108,0.22647112784966789,13,knot_research.db
39652,13n_666,1,117,116,0.08243289241106612,13,knot_research.db
39653,13n_412,1,111,109,0.01257366438910908,13,knot_research.db
39654,13n_1793,1,113,112,0.01553601058534662,13,knot_research.db
39655,13n_1939,1,107,106,0.08063032885482241,13,knot_research.db
39656,13n_1671,1,113,111,0.013728451678818587,13,knot_research.db
39657,13n_1881,1,109,108,0.12658586755093287,13,knot_research.db
39658,13n_614,1,109,108,0.017788432437990147,13,knot_research.db
39659,13n_703,1,119,118,0.01354517070323586,13,knot_research.db
39660,13n_1630,1,105,104,0.014487562855023957,13,knot_research.db
39661,13n_505,1,113,112,0.19960375252281065,13,knot_research.db
39662,13n_569,1,117,116,0.08730482568108545,13,knot_research.db
39663,13n_1518,1,109,108,0.20651620539142662,13,knot_research.db
39664,13n_516,1,109,107,0.016884223114135812,13,knot_research.db
39665,13n_677,1,119,118,0.09244497769500426,13,knot_research.db
39666,13n_1704,1,125,124,0.15099280118345249,13,knot_research.db
39667,13n_1901,1,105,105,0.036771546234110365,13,knot_research.db
39668,13n_1813,1,107,106,0.006361064753225379,13,knot_research.db
39669,13n_1959,1,105,104,0.10096913188682406,13,knot_research.db
39670,13n_1650,1,119,118,0.2261636536284608,13,knot_research.db
39671,13n_802,1,109,108,0.29578505417313644,13,knot_research.db
39672,13n_535,1,109,108,0.10611467554162445,13,knot_research.db
39673,13a_4786,1,117,115,0.3329792382154284,13,knot_research.db
39674,13n_634,1,111,111,0.22667634250206897,13,knot_research.db
39675,13n_686,1,109,108,0.08942692978660359,13,knot_research.db
39676,13n_1538,1,109,108,0.045494911099254395,13,knot_research.db
39677,13n_432,1,109,108,0.25822739789212695,13,knot_research.db
39678,13n_525,1,111,110,0.061156962341607404,13,knot_research.db
39679,13n_1700,1,103,102,0.012794770938427992,13,knot_research.db
39680,13n_1833,1,107,106,0.007636684960141274,13,knot_research.db
39681,13n_536,1,107,105,0.02250503444915463,13,knot_research.db
39682,13n_1979,1,119,118,0.027338721534053395,13,knot_research.db
39683,13n_723,1,107,107,0.2371935636933488,13,knot_research.db
39684,13n_1921,1,109,108,0.3298824188253311,13,knot_research.db
39685,13n_1691,1,99,99,0.09756101719988641,13,knot_research.db
39686,13n_697,1,109,108,0.0022934485780258945,13,knot_research.db
39687,13n_589,1,97,96,0.1373132923394014,13,knot_research.db
39688,13n_555,1,107,106,0.0065147206752692345,13,knot_research.db
39689,13n_822,1,111,110,0.023015109851040244,13,knot_research.db
39690,13n_1670,1,111,110,0.15714670494456676,13,knot_research.db
39691,13n_1558,1,109,108,0.03427876002577679,13,knot_research.db
39692,13n_1853,1,109,108,0.03332886876999766,13,knot_research.db
39693,13n_1720,1,97,96,0.031633526866306876,13,knot_research.db
39694,13n_654,1,107,106,0.01190954929413824,13,knot_research.db
39695,13n_706,1,111,110,0.024059635427869992,13,knot_research.db
39696,13n_1724,1,105,104,0.013153742842397556,13,knot_research.db
39697,13a_4585,1,129,127,0.2319889087536684,13,knot_research.db
39698,13n_1711,1,111,110,0.22465433895804268,13,knot_research.db
39699,13n_556,1,113,112,0.03552022603242745,13,knot_research.db
39700,13n_545,1,111,109,0.029354848137947854,13,knot_research.db
39701,13a_4806,1,125,123,0.20250993241258283,13,knot_research.db
39702,13n_743,1,113,111,0.006450762692388134,13,knot_research.db
39703,13n_452,1,109,108,0.17424234801882385,13,knot_research.db
39704,13n_1941,1,113,112,0.0466970122776753,13,knot_research.db
39705,13n_1999,1,111,110,0.010874275959830001,13,knot_research.db
39706,13n_609,1,109,108,0.04850248031090444,13,knot_research.db
39707,13n_1578,1,113,112,0.1537041305286528,13,knot_research.db
39708,13n_1740,1,105,104,0.14269209421777515,13,knot_research.db
39709,13n_1873,1,107,106,0.006278166818412555,13,knot_research.db
39710,13n_1744,1,111,110,0.22563291857601797,13,knot_research.db
39711,13n_575,1,113,112,0.020399132813700895,13,knot_research.db
39712,13n_842,1,105,104,0.03316206288157847,13,knot_research.db
39713,13n_1690,1,97,96,0.00630723563493087,13,knot_research.db
39714,13n_674,1,113,112,0.030692760167166364,13,knot_research.db
39715,13n_726,1,103,103,0.15423365947626516,13,knot_research.db
39716,13n_1731,1,103,103,0.22819328459502874,13,knot_research.db
39717,13n_2019,1,103,102,0.05661060212647144,13,knot_research.db
39718,13n_717,1,113,112,0.043708776474775564,13,knot_research.db
39719,13n_1760,1,109,108,0.014187534511946433,13,knot_research.db
39720,13n_565,1,111,110,0.15568767416620244,13,knot_research.db
39721,13n_1893,1,109,108,0.007054586145330536,13,knot_research.db
39722,13n_1961,1,109,108,0.00336920633396738,13,knot_research.db
39723,13n_763,1,109,108,0.17605613845640702,13,knot_research.db
39724,13n_576,1,111,110,0.08674400482543118,13,knot_research.db
39725,13n_472,1,111,109,0.0139463362868217,13,knot_research.db
39726,13n_1598,1,113,112,0.005708758344950632,13,knot_research.db
39727,13n_862,1,109,108,0.24549556786593021,13,knot_research.db
39728,13n_1710,1,111,110,0.010480914516678664,13,knot_research.db
39729,13n_629,1,111,111,0.25637143378926974,13,knot_research.db
39730,13n_1764,1,109,108,0.22296421611096176,13,knot_research.db
39731,13n_595,1,105,104,0.04837757088024113,13,knot_research.db
39732,13n_1751,1,107,106,0.060340811023439606,13,knot_research.db
39733,13n_2039,1,107,106,0.014507367950748527,13,knot_research.db
39734,13n_1913,1,107,106,0.17763847687261314,13,knot_research.db
39735,13n_746,1,115,113,0.0511186226835084,13,knot_research.db
39736,13n_1981,1,105,104,0.28828203529331536,13,knot_research.db
39737,13n_1780,1,107,106,0.02325693166412079,13,knot_research.db
39738,13a_4826,1,125,123,0.14840843637833903,13,knot_research.db
39739,13n_694,1,111,110,0.0066481258078606754,13,knot_research.db
39740,13n_1618,1,113,111,0.008233063941613135,13,knot_research.db
39741,13n_737,1,109,107,0.011774626965548166,13,knot_research.db
39742,13n_585,1,99,99,0.14063262058370601,13,knot_research.db
39743,13n_1771,1,113,112,0.04451296237985875,13,knot_research.db
39744,13n_596,1,105,104,0.011706279941614751,13,knot_research.db
39745,13n_882,1,109,108,0.003960226779335472,13,knot_research.db
39746,13n_2059,1,109,108,0.12162080682782951,13,knot_research.db
39747,13n_1784,1,105,104,0.07214669736563346,13,knot_research.db
39748,13n_615,1,105,104,0.04332851942778633,13,knot_research.db
39749,13n_649,1,113,113,0.08446612265892096,13,knot_research.db
39750,13n_492,1,115,114,0.10884637598139352,13,knot_research.db
39751,13n_783,1,113,111,0.022834001591717733,13,knot_research.db
39752,13n_1933,1,109,108,0.041875270195421865,13,knot_research.db
39753,13n_1800,1,103,102,0.0803669219318979,13,knot_research.db
39754,13n_2001,1,107,106,0.2250723826944099,13,knot_research.db
39755,13n_1730,1,99,98,0.07748545820169997,13,knot_research.db
39756,13a_4605,1,109,107,0.32151023786943933,13,knot_research.db
39757,13n_1638,1,109,108,0.17009736876749618,13,knot_research.db
39758,13n_714,1,111,111,0.24462784184892425,13,knot_research.db
39759,13n_1791,1,113,112,0.04625795563748625,13,knot_research.db
39760,13n_605,1,107,107,0.2647743471617492,13,knot_research.db
39761,13n_2079,1,107,106,0.010116180835363498,13,knot_research.db
39762,13n_1804,1,105,104,0.1269572896008379,13,knot_research.db
39763,13n_1820,1,101,101,0.18039856295312315,13,knot_research.db
39764,13n_757,1,119,118,0.2283465941076487,13,knot_research.db
39765,13n_616,1,99,98,0.03205343630230351,13,knot_research.db
39766,13n_902,1,105,104,0.10403485697500178,13,knot_research.db
39767,13n_635,1,113,113,0.1835173320923992,13,knot_research.db
39768,13n_1953,1,105,104,0.0063138676193611925,13,knot_research.db
39769,13n_1750,1,109,108,0.06692715982348516,13,knot_research.db
39770,13n_766,1,103,102,0.02317618959635744,13,knot_research.db
39771,13n_2021,1,113,112,0.17998770789683222,13,knot_research.db
39772,13n_669,1,115,114,0.024293154866411693,13,knot_research.db
39773,13n_512,1,105,105,0.07258578696271507,13,knot_research.db
39774,13n_1658,1,113,111,0.027477777236994447,13,knot_research.db
39775,13n_803,1,113,111,0.045355417790472155,13,knot_research.db
39776,13n_1824,1,109,108,0.04780195424839301,13,knot_research.db
39777,13n_1840,1,105,104,0.039642610121038833,13,knot_research.db
39778,13n_2099,1,111,110,0.1595867705445409,13,knot_research.db
39779,13n_1811,1,117,116,0.14780289502369323,13,knot_research.db
39780,13a_4846,1,111,109,0.3180527030645775,13,knot_research.db
39781,13n_1973,1,111,110,0.011352949559406949,13,knot_research.db
39782,13n_625,1,121,120,0.03586385659708074,13,knot_research.db
39783,13n_1770,1,113,112,0.08228304788318001,13,knot_research.db
39784,13a_4625,1,115,113,0.2986738814511407,13,knot_research.db
39785,13n_922,1,109,107,0.007948186252599831,13,knot_research.db
39786,13n_636,1,113,112,0.009314803942942129,13,knot_research.db
39787,13n_786,1,111,109,0.013729788978573219,13,knot_research.db
39788,13n_734,1,109,108,0.042835536190673304,13,knot_research.db
39789,13n_2041,1,107,106,0.2522028725095889,13,knot_research.db
39790,13n_655,1,115,114,0.10112231439314041,13,knot_research.db
39791,13n_777,1,109,108,0.12787970573278926,13,knot_research.db
39792,13n_1860,1,105,105,0.25679834523956463,13,knot_research.db
39793,13n_1844,1,101,101,0.1289560838112152,13,knot_research.db
39794,13n_532,1,109,108,0.10499453861281244,13,knot_research.db
39795,13n_2119,1,105,105,0.11397872180087704,13,knot_research.db
39796,13n_1678,1,117,116,0.011675075424355705,13,knot_research.db
39797,13n_1831,1,105,104,0.20239222633055956,13,knot_research.db
39798,13n_1790,1,113,112,0.08616692152935108,13,knot_research.db
39799,13n_689,1,117,116,0.008873846401685644,13,knot_research.db
39800,13n_823,1,105,105,0.06132087366240209,13,knot_research.db
39801,13n_2061,1,113,112,0.1476455404879417,13,knot_research.db
39802,13n_942,1,111,109,0.0251035148102747,13,knot_research.db
39803,13n_1993,1,109,108,0.24714597658878504,13,knot_research.db
39804,13n_754,1,115,114,0.1357872338354568,13,knot_research.db
39805,13n_656,1,113,112,0.06068991930461895,13,knot_research.db
39806,13n_1864,1,101,100,0.004183094828561431,13,knot_research.db
39807,13n_806,1,117,116,0.05581977171485362,13,knot_research.db
39808,13n_1880,1,109,108,0.10660580287103956,13,knot_research.db
39809,13n_2139,1,109,108,0.14848132472350944,13,knot_research.db
39810,13n_645,1,107,107,0.24424115875978708,13,knot_research.db
39811,13n_797,1,107,106,0.00811769752869571,13,knot_research.db
39812,13n_675,1,113,112,0.06764857862220477,13,knot_research.db
39813,13a_4866,1,135,133,0.08413682674717145,13,knot_research.db
39814,13n_1851,1,113,112,0.016851698270714678,13,knot_research.db
39815,13n_552,1,113,112,0.09022639599506596,13,knot_research.db
39816,13a_4645,1,111,109,0.18280617894209297,13,knot_research.db
39817,13n_1810,1,113,112,0.0028837157954753638,13,knot_research.db
39818,13n_843,1,111,110,0.12883422514961188,13,knot_research.db
39819,13n_1884,1,109,109,0.16987247406228048,13,knot_research.db
39820,13n_1900,1,109,108,0.26999450992901897,13,knot_research.db
39821,13n_2013,1,111,110,0.003724639123622128,13,knot_research.db
39822,13n_2159,1,107,106,0.0897605632675718,13,knot_research.db
39823,13n_676,1,115,114,0.00685379972944088,13,knot_research.db
39824,13n_709,1,107,106,0.009077906438469379,13,knot_research.db
39825,13n_1698,1,95,95,0.2681877560720789,13,knot_research.db
39826,13n_962,1,115,114,0.17500010745693798,13,knot_research.db
39827,13n_665,1,119,118,0.03453970779492521,13,knot_research.db
39828,13n_2081,1,111,110,0.055624547126658624,13,knot_research.db
39829,13n_826,1,111,109,0.02850014512898118,13,knot_research.db
39830,13n_817,1,113,112,0.11409055107247398,13,knot_research.db
39831,13n_774,1,107,106,0.07622429444330175,13,knot_research.db
39832,13n_1871,1,109,108,0.2496333200091545,13,knot_research.db
39833,13n_695,1,115,114,0.021148526092203444,13,knot_research.db
39834,13n_1904,1,109,108,0.010045455331641973,13,knot_research.db
39835,13n_2033,1,113,112,0.03477548462541502,13,knot_research.db
39836,13n_1830,1,105,104,0.012051792403320145,13,knot_research.db
39837,13n_572,1,113,112,0.016526106217221344,13,knot_research.db
39838,13n_2179,1,113,112,0.10377931754352454,13,knot_research.db
39839,13n_863,1,109,107,0.013548364891205813,13,knot_research.db
39840,13n_1718,1,99,99,0.09726233425233757,13,knot_research.db
39841,13n_1920,1,109,109,0.12568270049678618,13,knot_research.db
39842,13a_4665,1,111,109,0.19715978441340792,13,knot_research.db
39843,13n_2101,1,111,110,0.006817502775634681,13,knot_research.db
39844,13n_729,1,107,105,0.0236514750746979,13,knot_research.db
39845,13n_1891,1,109,108,0.08713072883862967,13,knot_research.db
39846,13n_794,1,115,114,0.11782144059701823,13,knot_research.db
39847,13n_846,1,107,106,0.07715921090889136,13,knot_research.db
39848,13n_1924,1,115,114,0.039826469157851895,13,knot_research.db
39849,13n_1850,1,113,112,0.14607322626035615,13,knot_research.db
39850,13n_696,1,117,116,0.2086516939606175,13,knot_research.db
39851,13n_1738,1,105,104,0.28228587337100625,13,knot_research.db
39852,13n_982,1,113,111,0.015265660205261307,13,knot_research.db
39853,13n_837,1,105,104,0.07099256867290056,13,knot_research.db
39854,13n_715,1,115,114,0.003664623155159822,13,knot_research.db
39855,13n_1940,1,109,108,0.0060146435206895445,13,knot_research.db
39856,13n_2121,1,109,108,0.09346345146624734,13,knot_research.db
39857,13n_685,1,113,112,0.006449330741000482,13,knot_research.db
39858,13n_2199,1,105,104,0.06334439599039843,13,knot_research.db
39859,13n_2053,1,113,112,0.04375023552502675,13,knot_research.db
39860,13n_1911,1,105,104,0.06600233893283157,13,knot_research.db
39861,13n_749,1,111,110,0.0909050843910583,13,knot_research.db
39862,13n_1758,1,103,102,0.11107110426539143,13,knot_research.db
39863,13n_883,1,105,104,0.12460976011983918,13,knot_research.db
39864,13n_866,1,109,107,0.010734625140970844,13,knot_research.db
39865,13n_1944,1,107,106,0.014854674487904921,13,knot_research.db
39866,13n_592,1,99,98,0.004786055716017095,13,knot_research.db
39867,13n_814,1,111,109,0.05341956412872775,13,knot_research.db
39868,13n_857,1,107,106,0.005800995328512782,13,knot_research.db
39869,13n_2219,1,109,108,0.037569818920590276,13,knot_research.db
39870,13n_716,1,111,110,0.01028814818090062,13,knot_research.db
39871,13n_1870,1,111,110,0.030504113962167276,13,knot_research.db
39872,13n_2141,1,105,104,0.2858991157502296,13,knot_research.db
39873,13n_1960,1,107,106,0.18347800653363122,13,knot_research.db
39874,13n_1778,1,109,108,0.037691653325520096,13,knot_research.db
39875,13a_4685,1,119,117,0.27276693601944213,13,knot_research.db
39876,13n_1931,1,107,107,0.14597075894043934,13,knot_research.db
39877,13n_2073,1,105,104,0.013616991284568999,13,knot_research.db
39878,13n_1002,1,113,112,0.006732184605979679,13,knot_research.db
39879,13n_735,1,113,112,0.02671695831465765,13,knot_research.db
39880,13n_769,1,105,104,0.12345732820513963,13,knot_research.db
39881,13n_1964,1,105,104,0.04341730877569375,13,knot_research.db
39882,13n_903,1,105,104,0.15765451151013887,13,knot_research.db
39883,13n_2239,1,113,112,0.043401018294129165,13,knot_research.db
39884,13n_886,1,111,109,0.014784336911279285,13,knot_research.db
39885,13n_1980,1,121,120,0.19215311141627167,13,knot_research.db
39886,13n_2161,1,111,110,0.03480513294538565,13,knot_research.db
39887,13n_1798,1,101,100,0.32442473242649167,13,knot_research.db
39888,13n_705,1,109,108,0.0816301198678159,13,knot_research.db
39889,13n_1890,1,105,104,0.19949084167709696,13,knot_research.db
39890,13n_877,1,109,108,0.15105505994732962,13,knot_research.db
39891,13n_2093,1,117,116,0.002290272825460396,13,knot_research.db
39892,13n_612,1,105,104,0.015832724402382974,13,knot_research.db
39893,13n_736,1,113,112,0.1707042745031793,13,knot_research.db
39894,13n_1951,1,107,106,0.09659809069551335,13,knot_research.db
39895,13n_834,1,107,106,0.05303956498885696,13,knot_research.db
39896,13n_1022,1,113,112,0.03226827897103046,13,knot_research.db
39897,13n_1984,1,107,106,0.1571063382827679,13,knot_research.db
39898,13n_789,1,117,116,0.00665087042409173,13,knot_research.db
39899,13n_755,1,111,110,0.19356149269865922,13,knot_research.db
39900,13n_1818,1,105,104,0.18171969940944538,13,knot_research.db
39901,13n_923,1,115,114,0.21987427566630313,13,knot_research.db
39902,13n_2259,1,117,116,0.01719672983277099,13,knot_research.db
39903,13n_2181,1,109,108,0.01011837036412585,13,knot_research.db
39904,13n_1910,1,107,106,0.1516085495702883,13,knot_research.db
39905,13n_906,1,111,109,0.025382751548746266,13,knot_research.db
39906,13n_1971,1,111,110,0.04401898474904651,13,knot_research.db
39907,13n_725,1,101,101,0.12226596817722922,13,knot_research.db
39908,13n_2000,1,105,105,0.19210639580000813,13,knot_research.db
39909,13n_632,1,113,112,0.04476460429442922,13,knot_research.db
39910,13n_2113,1,103,102,0.025397480832447857,13,knot_research.db
39911,13n_854,1,113,112,0.2223356971253388,13,knot_research.db
39912,13a_4705,1,113,111,0.20104422086722448,13,knot_research.db
39913,13n_897,1,109,107,0.012898856570066529,13,knot_research.db
39914,13n_8,1,113,112,0.10867606927968418,13,knot_research.db
39915,13n_756,1,113,111,0.008249975568403964,13,knot_research.db
39916,13n_2004,1,111,110,0.018259384840270943,13,knot_research.db
39917,13n_1838,1,99,98,0.045234790725979204,13,knot_research.db
39918,13n_1042,1,107,106,0.013541197682761724,13,knot_research.db
39919,13n_1930,1,109,108,0.020865813792867043,13,knot_research.db
39920,13n_775,1,109,108,0.12512077672456842,13,knot_research.db
39921,13n_2279,1,113,112,0.03544580262566018,13,knot_research.db
39922,13n_1991,1,107,106,0.09889499654840558,13,knot_research.db
39923,13n_745,1,113,112,0.20498693171838658,13,knot_research.db
39924,13n_2133,1,109,108,0.03168412277038461,13,knot_research.db
39925,13n_2020,1,107,106,0.1819420940098866,13,knot_research.db
39926,13n_809,1,107,105,0.02946436342919793,13,knot_research.db
39927,13n_2201,1,113,111,0.013338348657943306,13,knot_research.db
39928,13n_943,1,109,108,0.15921857183865346,13,knot_research.db
39929,13n_1858,1,113,113,0.12800006490948024,13,knot_research.db
39930,13n_917,1,111,109,0.007297477054811762,13,knot_research.db
39931,13n_926,1,109,108,0.023419280115721187,13,knot_research.db
39932,13n_652,1,111,110,0.006979019407065896,13,knot_research.db
39933,13n_1062,1,109,107,0.011291170627147927,13,knot_research.db
39934,13n_1950,1,107,106,0.08465670134235177,13,knot_research.db
39935,13n_874,1,109,108,0.03586512022663001,13,knot_research.db
39936,13n_2011,1,109,108,0.035880304842474245,13,knot_research.db
39937,13n_2153,1,113,112,0.08023503959894403,13,knot_research.db
39938,13n_2024,1,107,106,0.041674278717681715,13,knot_research.db
39939,13n_28,1,109,108,0.03128881390567213,13,knot_research.db
39940,13n_2040,1,107,106,0.11769912022137081,13,knot_research.db
39941,13n_795,1,109,107,0.008234627608090704,13,knot_research.db
39942,13n_776,1,107,105,0.01832284625053379,13,knot_research.db
39943,13n_2299,1,111,109,0.01496684499506125,13,knot_research.db
39944,13n_2221,1,111,110,0.07247946221138071,13,knot_research.db
39945,13n_829,1,115,114,0.235939489334603,13,knot_research.db
39946,13n_1878,1,103,102,0.07402827615759365,13,knot_research.db
39947,13n_963,1,115,113,0.0064808715247520665,13,knot_research.db
39948,13a_4725,1,119,117,0.20644913843091917,13,knot_research.db
39949,13n_765,1,101,100,0.016592976852717097,13,knot_research.db
39950,13n_1970,1,111,110,0.10025464576828637,13,knot_research.db
39951,13n_946,1,107,106,0.07707097351661717,13,knot_research.db
39952,13n_2031,1,107,106,0.007954347792008468,13,knot_research.db
39953,13n_937,1,107,106,0.00767721799523351,13,knot_research.db
39954,13n_1082,1,111,110,0.025858329951485393,13,knot_research.db
39955,13n_894,1,115,113,0.05360710277243067,13,knot_research.db
39956,13n_2173,1,109,108,0.03437326329272979,13,knot_research.db
39957,13n_2044,1,109,108,0.23403831360843932,13,knot_research.db
39958,13n_672,1,111,110,0.03220568956685878,13,knot_research.db
39959,13n_2060,1,119,118,0.06248598545006317,13,knot_research.db
39960,13n_1898,1,109,108,0.14109874567253178,13,knot_research.db
39961,13n_796,1,115,114,0.2502594679841493,13,knot_research.db
39962,13n_2241,1,111,110,0.04553923988423284,13,knot_research.db
39963,13n_815,1,109,108,0.03814499713831478,13,knot_research.db
39964,13n_2319,1,113,113,0.11324813966417388,13,knot_research.db
39965,13n_48,1,117,116,0.026563612905607308,13,knot_research.db
39966,13n_785,1,113,112,0.1988112449642274,13,knot_research.db
39967,13n_2051,1,109,108,0.007646221383798878,13,knot_research.db
39968,13n_966,1,115,113,0.0021860561009700305,13,knot_research.db
39969,13n_1990,1,109,108,0.018502474330271128,13,knot_research.db
39970,13n_849,1,109,108,0.10490670704764053,13,knot_research.db
39971,13n_2193,1,107,106,0.1305838762987122,13,knot_research.db
39972,13n_983,1,111,110,0.004276766552093765,13,knot_research.db
39973,13n_957,1,111,110,0.12225786165718412,13,knot_research.db
39974,13n_2064,1,119,118,0.15702990547948287,13,knot_research.db
39975,13n_1918,1,115,114,0.277371433974016,13,knot_research.db
39976,13n_2261,1,117,117,0.14176350386091838,13,knot_research.db
39977,13n_1102,1,109,107,0.010832406564948015,13,knot_research.db
39978,13n_2339,1,105,104,0.2217812772520428,13,knot_research.db
39979,13n_2071,1,113,112,0.15309252614991858,13,knot_research.db
39980,13n_835,1,97,96,0.02073810268353129,13,knot_research.db
39981,13a_4745,1,117,115,0.21490184920898675,13,knot_research.db
39982,13n_692,1,113,112,0.10170073443678586,13,knot_research.db
39983,13n_2080,1,107,106,0.167281821478299,13,knot_research.db
39984,13n_816,1,105,105,0.23689271168739418,13,knot_research.db
39985,13n_2010,1,111,110,0.010224302102509316,13,knot_research.db
39986,13n_914,1,113,113,0.17492559249043127,13,knot_research.db
39987,13n_869,1,113,112,0.10233092328743658,13,knot_research.db
39988,13n_805,1,111,110,0.27802556550134616,13,knot_research.db
39989,13n_2213,1,107,106,0.04503302259842972,13,knot_research.db
39990,13n_2359,1,111,110,0.00645006188812241,13,knot_research.db
39991,13n_2084,1,105,104,0.008678917152172574,13,knot_research.db
39992,13n_986,1,107,106,0.06773725677166852,13,knot_research.db
39993,13n_977,1,111,110,0.06718137384159509,13,knot_research.db
39994,13n_1938,1,107,106,0.009223988918517778,13,knot_research.db
39995,13n_68,1,107,105,0.03996262392044447,13,knot_research.db
39996,13n_2281,1,117,116,0.056363555158282,13,knot_research.db
39997,13n_1003,1,113,112,0.012924274906777248,13,knot_research.db
39998,13n_2100,1,109,108,0.060970374098666465,13,knot_research.db
39999,13n_2091,1,109,108,0.2049869317188039,13,knot_research.db
40000,13n_855,1,107,106,0.2566691954733804,13,knot_research.db
40001,13n_2030,1,107,106,0.07009312057674529,13,knot_research.db
40002,13n_1122,1,111,109,0.027358323422674292,13,knot_research.db
40003,13n_836,1,105,104,0.015694417164126232,13,knot_research.db
40004,13n_2233,1,109,108,0.002964391107306798,13,knot_research.db
40005,13n_712,1,111,110,0.02607444370664959,13,knot_research.db
40006,13n_889,1,105,104,0.3070224976897992,13,knot_research.db
40007,13n_2104,1,107,106,0.025654958720464624,13,knot_research.db
40008,13n_825,1,115,114,0.06823760842157743,13,knot_research.db
40009,13n_1958,1,101,100,0.01908258579266186,13,knot_research.db
40010,13n_934,1,113,112,0.07747483613387247,13,knot_research.db
40011,13a_4765,1,105,103,0.10037567298983105,13,knot_research.db
40012,13n_2120,1,107,106,0.04891189505303483,13,knot_research.db
40013,13n_1006,1,107,106,0.20282525917936464,13,knot_research.db
40014,13n_2379,1,113,112,0.16836061743896433,13,knot_research.db
40015,13n_997,1,111,110,0.12890105153284281,13,knot_research.db
40016,13n_2111,1,107,106,0.09033564962963624,13,knot_research.db
40017,13n_2050,1,109,108,0.09778258587822335,13,knot_research.db
40018,13n_875,1,113,112,0.10296345064924753,13,knot_research.db
40019,13n_88,1,113,112,0.11130000208976802,13,knot_research.db
40020,13n_1023,1,109,109,0.07411930059799195,13,knot_research.db
40021,13n_856,1,111,109,0.050269560057297484,13,knot_research.db
40022,13n_2253,1,115,114,0.14437956469648225,13,knot_research.db
40023,13n_2301,1,111,110,0.016851738998423616,13,knot_research.db
40024,13n_1978,1,113,112,0.006024319888206711,13,knot_research.db
40025,13n_2124,1,109,108,0.03347904461861276,13,knot_research.db
40026,13n_1142,1,113,112,0.11104015625310437,13,knot_research.db
40027,13n_909,1,107,105,0.022531838861168534,13,knot_research.db
40028,13n_2131,1,107,106,0.09935651158762485,13,knot_research.db
40029,13n_954,1,115,113,0.017726321424496816,13,knot_research.db
40030,13n_2140,1,109,108,0.0044053067904205245,13,knot_research.db
40031,13n_732,1,103,103,0.21898624288164764,13,knot_research.db
40032,13n_2070,1,103,102,0.20031817692203263,13,knot_research.db
40033,13n_1026,1,109,107,0.017249593494389627,13,knot_research.db
40034,13n_845,1,109,107,0.00994284460152547,13,knot_research.db
40035,13n_1017,1,111,110,0.04647741083793103,13,knot_research.db
40036,13n_2399,1,111,110,0.16883669826418612,13,knot_research.db
40037,13n_2144,1,107,106,0.024731197926711072,13,knot_research.db
40038,13n_2321,1,113,112,0.12602705091893462,13,knot_research.db
40039,13n_1043,1,107,106,0.04233520587307005,13,knot_research.db
40040,13n_895,1,111,110,0.09720368105455097,13,knot_research.db
40041,13n_1998,1,115,114,0.15551054249307478,13,knot_research.db
40042,13n_2273,1,111,110,0.21326807862459957,13,knot_research.db
40043,13n_108,1,117,116,0.08275064700950348,13,knot_research.db
40044,13n_876,1,109,107,0.020238797135533226,13,knot_research.db
40045,13n_2151,1,111,110,0.006424272235547584,13,knot_research.db
40046,13n_1162,1,115,114,0.14358163168041024,13,knot_research.db
40047,13n_2090,1,121,120,0.13048034957263485,13,knot_research.db
40048,13n_2160,1,103,102,0.07751813430859522,13,knot_research.db
40049,13n_929,1,111,110,0.1302002420422574,13,knot_research.db
40050,13n_752,1,111,110,0.03580119667401051,13,knot_research.db
40051,13n_865,1,115,114,0.17018593300750184,13,knot_research.db
40052,13n_2164,1,117,116,0.005800644625308509,13,knot_research.db
40053,13n_1046,1,109,108,0.07914914253729224,13,knot_research.db
40054,13n_1037,1,115,114,0.06668937623608757,13,knot_research.db
40055,13n_974,1,109,108,0.16834992466934218,13,knot_research.db
40056,13n_2341,1,109,108,0.0949806347137433,13,knot_research.db
40057,13n_2419,1,115,114,0.03751934468756214,13,knot_research.db
40058,13n_1063,1,111,110,0.12654387300930947,13,knot_research.db
40059,13n_2180,1,109,108,0.029468880332696054,13,knot_research.db
40060,13n_915,1,109,109,0.2957850541634533,13,knot_research.db
40061,13n_2293,1,107,107,0.06694217778463163,13,knot_research.db
40062,13n_896,1,111,110,0.21060166939876565,13,knot_research.db
40063,13n_2171,1,101,100,0.288207712855427,13,knot_research.db
40064,13n_2018,1,107,106,0.049675566123217746,13,knot_research.db
40065,13n_2110,1,109,107,0.03538703799116145,13,knot_research.db
40066,13n_1182,1,105,104,0.04245483660398758,13,knot_research.db
40067,13n_2361,1,111,110,0.09540321580669263,13,knot_research.db
40068,13n_949,1,109,108,0.03640756335330466,13,knot_research.db
40069,13n_2184,1,111,110,0.07619642300953396,13,knot_research.db
40070,13n_772,1,115,114,0.1831716588986996,13,knot_research.db
40071,13n_1066,1,105,105,0.16231472965133756,13,knot_research.db
40072,13n_128,1,113,111,0.01271283708009783,13,knot_research.db
40073,13n_2313,1,107,106,0.09285404222500321,13,knot_research.db
40074,13n_994,1,111,110,0.20614879900996608,13,knot_research.db
40075,13n_885,1,111,110,0.2548530097082258,13,knot_research.db
40076,13n_1083,1,109,107,0.024322727413379958,13,knot_research.db
40077,13n_1057,1,109,107,0.010011520505244623,13,knot_research.db
40078,13n_2038,1,109,108,0.0028503648746184937,13,knot_research.db
40079,13n_935,1,113,112,0.17265051902084752,13,knot_research.db
40080,13n_2191,1,107,106,0.04055711802122285,13,knot_research.db
40081,13n_2439,1,111,110,0.016520827229311988,13,knot_research.db
40082,13n_2200,1,107,106,0.043057452281657894,13,knot_research.db
40083,13n_916,1,113,112,0.21427507132235438,13,knot_research.db
40084,13n_2204,1,111,110,0.018321465439970375,13,knot_research.db
40085,13n_2130,1,107,106,0.014025538130914438,13,knot_research.db
40086,13n_2333,1,101,100,0.0076227757746615285,13,knot_research.db
40087,13n_2381,1,115,113,0.008831718324397528,13,knot_research.db
40088,13n_969,1,107,106,0.07595583767760958,13,knot_research.db
40089,13n_1202,1,111,110,0.06929149879705312,13,knot_research.db
40090,13n_2058,1,109,108,0.055627383656585414,13,knot_research.db
40091,13n_2211,1,109,108,0.20565722021493113,13,knot_research.db
40092,13n_1086,1,113,112,0.16989760080683478,13,knot_research.db
40093,13n_905,1,109,108,0.21839264474565265,13,knot_research.db
40094,13a_4785,1,115,113,0.25060252263275756,13,knot_research.db
40095,13n_2220,1,107,106,0.050987128693918735,13,knot_research.db
40096,13n_1103,1,117,116,0.07241148116808055,13,knot_research.db
40097,13n_2459,1,109,108,0.17313858090071585,13,knot_research.db
40098,13n_792,1,107,106,0.13725694014666684,13,knot_research.db
40099,13n_1077,1,115,114,0.1748813632689864,13,knot_research.db
40100,13n_148,1,111,109,0.04912479739108894,13,knot_research.db
40101,13n_1014,1,113,112,0.12666858431791042,13,knot_research.db
40102,13n_955,1,113,111,0.007875745725215596,13,knot_research.db
40103,13n_2224,1,99,98,0.013637704793370281,13,knot_research.db
40104,13n_2150,1,109,108,0.0038054675657992997,13,knot_research.db
40105,13n_936,1,109,107,0.006247099767993923,13,knot_research.db
40106,13n_2078,1,109,108,0.004535707770340066,13,knot_research.db
40107,13n_989,1,111,111,0.12449987398447625,13,knot_research.db
40108,13n_2353,1,109,108,0.1607508770953036,13,knot_research.db
40109,13n_2401,1,113,111,0.007598324427748546,13,knot_research.db
40110,13n_1222,1,109,108,0.04586246030012945,13,knot_research.db
40111,13n_2231,1,113,112,0.07094013704488163,13,knot_research.db
40112,13n_2240,1,117,116,0.007198852310571519,13,knot_research.db
40113,13n_2479,1,117,116,0.03202069300822917,13,knot_research.db
40114,13n_925,1,113,111,0.05289909184518394,13,knot_research.db
40115,13n_2244,1,111,110,0.01079066725163767,13,knot_research.db
40116,13n_1106,1,111,110,0.0035385439498183476,13,knot_research.db
40117,13n_2170,1,103,102,0.21952919991805614,13,knot_research.db
40118,13n_1097,1,109,108,0.008882880646883183,13,knot_research.db
40119,13n_975,1,107,105,0.00659535492582597,13,knot_research.db
40120,13n_2098,1,109,108,0.006619160061827489,13,knot_research.db
40121,13n_812,1,113,112,0.2224432422128398,13,knot_research.db
40122,13n_1123,1,107,105,0.05151439291141128,13,knot_research.db
40123,13n_1034,1,113,112,0.010079461698448417,13,knot_research.db
40124,13n_168,1,109,107,0.05223161610919981,13,knot_research.db
40125,13n_2373,1,111,110,0.16783296321398533,13,knot_research.db
40126,13n_2421,1,125,124,0.029307890837308045,13,knot_research.db
40127,13n_1242,1,109,107,0.03327846028578626,13,knot_research.db
40128,13n_2251,1,111,110,0.0181985476237481,13,knot_research.db
40129,13n_956,1,113,112,0.26947211292682044,13,knot_research.db
40130,13n_1009,1,115,114,0.04582951487198076,13,knot_research.db
40131,13n_2264,1,107,107,0.14861308317499602,13,knot_research.db
40132,13n_2260,1,113,112,0.04817995151279747,13,knot_research.db
40133,13n_2190,1,113,112,0.17944676303786697,13,knot_research.db
40134,13n_2118,1,109,109,0.1235658744421932,13,knot_research.db
40135,13n_2499,1,113,112,0.0713457828482107,13,knot_research.db
40136,13n_995,1,107,106,0.24403576093183163,13,knot_research.db
40137,13n_945,1,107,105,0.021669676458796683,13,knot_research.db
40138,13a_4805,1,115,113,0.32451178140226306,13,knot_research.db
40139,13n_1126,1,111,110,0.1810634603084747,13,knot_research.db
40140,13n_1143,1,113,112,0.06952410786197932,13,knot_research.db
40141,13n_1117,1,119,118,0.05111901629190447,13,knot_research.db
40142,13n_2271,1,111,110,0.0047688892466097865,13,knot_research.db
40143,13n_2393,1,117,116,0.010622207518316542,13,knot_research.db
40144,13n_2284,1,109,108,0.03673817243970966,13,knot_research.db
40145,13n_1262,1,105,104,0.017840839461976045,13,knot_research.db
40146,13n_1054,1,111,109,0.05075070525798889,13,knot_research.db
40147,13n_832,1,109,108,0.08683342112014647,13,knot_research.db
40148,13n_188,1,115,114,0.009867946580254238,13,knot_research.db
40149,13n_2519,1,113,112,0.125103254880835,13,knot_research.db
40150,13n_2280,1,115,114,0.08155657697246989,13,knot_research.db
40151,13n_2138,1,105,104,0.04022667961063192,13,knot_research.db
40152,13n_2210,1,111,110,0.007516046580878251,13,knot_research.db
40153,13n_1029,1,109,108,0.009321859234890123,13,knot_research.db
40154,13n_1015,1,109,108,0.2436746949459184,13,knot_research.db
40155,13n_965,1,109,108,0.29578505417560524,13,knot_research.db
40156,13n_976,1,105,104,0.030666911417286495,13,knot_research.db
40157,13n_2291,1,103,103,0.2078970737041382,13,knot_research.db
40158,13n_2441,1,113,112,0.019854506654622454,13,knot_research.db
40159,13n_1163,1,113,112,0.03134598361807008,13,knot_research.db
40160,13n_2304,1,111,110,0.11084009462644315,13,knot_research.db
40161,13n_1282,1,113,111,0.0056042708512674365,13,knot_research.db
40162,13n_2539,1,105,104,0.01785320990399782,13,knot_research.db
40163,13n_1074,1,115,113,0.004401231699612835,13,knot_research.db
40164,13n_2158,1,107,106,0.24942620734613563,13,knot_research.db
40165,13n_852,1,109,108,0.0443146049893074,13,knot_research.db
40166,13n_1146,1,113,112,0.024322903661304116,13,knot_research.db
40167,13n_1137,1,115,114,0.007362317260559986,13,knot_research.db
40168,13n_2230,1,109,108,0.0019853583505966546,13,knot_research.db
40169,13a_4825,1,123,121,0.1606471202046715,13,knot_research.db
40170,13n_2413,1,111,110,0.22806972787038285,13,knot_research.db
40171,13n_2311,1,107,106,0.09518541867906095,13,knot_research.db
40172,13n_2300,1,115,114,0.02534002857431121,13,knot_research.db
40173,13n_996,1,109,107,0.01474178476959643,13,knot_research.db
40174,13n_1035,1,111,110,0.2012744967921535,13,knot_research.db
40175,13n_985,1,107,106,0.006078809734083532,13,knot_research.db
40176,13n_1049,1,107,106,0.011681649159954536,13,knot_research.db
40177,13n_208,1,105,104,0.06518036876178128,13,knot_research.db
40178,13n_2559,1,113,112,0.010837075265308964,13,knot_research.db
40179,13n_2461,1,109,108,0.08518612733332788,13,knot_research.db
40180,13n_2324,1,115,114,0.2016350837040154,13,knot_research.db
40181,13n_1183,1,109,108,0.012280768796502965,13,knot_research.db
40182,13n_1302,1,109,108,0.04727878648346753,13,knot_research.db
40183,13n_2331,1,111,110,0.09176806773786896,13,knot_research.db
40184,13n_2433,1,115,114,0.013475850783640967,13,knot_research.db
40185,13n_2250,1,109,107,0.026522478988792758,13,knot_research.db
40186,13n_2178,1,109,108,0.18463622458386178,13,knot_research.db
40187,13n_872,1,109,107,0.010762467384485806,13,knot_research.db
40188,13n_1166,1,119,118,0.019254975284618593,13,knot_research.db
40189,13n_1094,1,113,112,0.0973330822839114,13,knot_research.db
40190,13n_2320,1,115,114,0.2715992638608715,13,knot_research.db
40191,13n_2481,1,113,112,0.12439440165508488,13,knot_research.db
40192,13n_1005,1,109,108,0.07990561909054045,13,knot_research.db
40193,13n_1069,1,111,109,0.05689046331633928,13,knot_research.db
40194,13n_1055,1,111,110,0.08858658282472333,13,knot_research.db
40195,13n_2344,1,109,108,0.05596320854457058,13,knot_research.db
40196,13n_2579,1,107,106,0.2694506419875347,13,knot_research.db
40197,13n_1016,1,109,107,0.012851150992581632,13,knot_research.db
40198,13n_1157,1,119,118,0.1365771908801842,13,knot_research.db
40199,13n_228,1,107,106,0.022892201463323346,13,knot_research.db
40200,13n_1322,1,113,112,0.02494936812733882,13,knot_research.db
40201,13n_2270,1,105,104,0.09206782364671183,13,knot_research.db
40202,13n_1203,1,113,112,0.10619361476822463,13,knot_research.db
40203,13a_4845,1,119,117,0.21438835264049863,13,knot_research.db
40204,13n_2351,1,113,112,0.12767267022531753,13,knot_research.db
40205,13n_2453,1,109,108,0.04020918095362237,13,knot_research.db
40206,13n_2198,1,105,104,0.021547870188453864,13,knot_research.db
40207,13n_892,1,117,116,0.16991843269749118,13,knot_research.db
40208,13n_2340,1,105,104,0.3597672194962967,13,knot_research.db
40209,13n_1025,1,113,112,0.16755167288893347,13,knot_research.db
40210,13n_1114,1,107,105,0.06450269660662926,13,knot_research.db
40211,13n_2364,1,117,116,0.034701778647593426,13,knot_research.db
40212,13n_2501,1,105,105,0.05482004608044932,13,knot_research.db
40213,13n_1089,1,115,114,0.06701016811638962,13,knot_research.db
40214,13n_2290,1,101,101,0.12196484619586152,13,knot_research.db
40215,13n_2599,1,109,108,0.010479660930663624,13,knot_research.db
40216,13n_1075,1,109,108,0.2957850541726806,13,knot_research.db
40217,13n_1186,1,115,114,0.13317687328517716,13,knot_research.db
40218,13n_2473,1,115,114,0.10221094599965154,13,knot_research.db
40219,13n_2371,1,117,116,0.0635313517654586,13,knot_research.db
40220,13n_2218,1,107,106,0.166322463799882,13,knot_research.db
40221,13n_1342,1,117,116,0.11799595442427596,13,knot_research.db
40222,13n_2360,1,115,114,0.22952542889696761,13,knot_research.db
40223,13n_1177,1,101,100,0.02374021667778147,13,knot_research.db
40224,13n_1036,1,111,110,0.023129504963656688,13,knot_research.db
40225,13n_2521,1,121,120,0.1145510656647253,13,knot_research.db
40226,13n_248,1,117,116,0.01683617206944664,13,knot_research.db
40227,13n_2310,1,115,114,0.027351525383796097,13,knot_research.db
40228,13n_2619,1,99,98,0.128686940985394,13,knot_research.db
40229,13n_1045,1,107,105,0.016959070282262047,13,knot_research.db
40230,13n_1223,1,109,108,0.008267044276289005,13,knot_research.db
40231,13n_2384,1,113,112,0.1734659766535518,13,knot_research.db
40232,13n_2238,1,111,110,0.04819852453618114,13,knot_research.db
40233,13n_1134,1,117,116,0.0251864547504011,13,knot_research.db
40234,13a_4865,1,123,121,0.16734318999499906,13,knot_research.db
40235,13n_1095,1,113,112,0.23533093510331884,13,knot_research.db
40236,13n_2493,1,109,108,0.29038673125040804,13,knot_research.db
40237,13n_1109,1,113,112,0.10216721770387872,13,knot_research.db
40238,13n_912,1,113,112,0.0027636736739273067,13,knot_research.db
40239,13n_2380,1,117,116,0.09262484024358919,13,knot_research.db
40240,13n_2391,1,117,116,0.05028587758658844,13,knot_research.db
40241,13n_2639,1,117,116,0.06996458117526948,13,knot_research.db
40242,13n_1056,1,111,110,0.20087343820608353,13,knot_research.db
40243,13n_1197,1,113,112,0.14858118929683575,13,knot_research.db
40244,13n_2541,1,107,106,0.06029029511561479,13,knot_research.db
40245,13n_1065,1,111,110,0.02742447182431962,13,knot_research.db
40246,13n_1362,1,109,108,0.12300008006288259,13,knot_research.db
40247,13n_1206,1,113,112,0.019567620747277702,13,knot_research.db
40248,13n_2330,1,103,102,0.1025192712258612,13,knot_research.db
40249,13n_2258,1,117,116,0.1283944321198772,13,knot_research.db
40250,13n_2404,1,113,112,0.017067972275949243,13,knot_research.db
40251,13n_2513,1,109,107,0.016429648963829417,13,knot_research.db
40252,13n_1243,1,109,108,0.048512533296484715,13,knot_research.db
40253,13n_1115,1,117,115,0.013524913917611755,13,knot_research.db
40254,13n_1154,1,119,118,0.012810694117038354,13,knot_research.db
40255,13n_2561,1,105,104,0.016362329615645634,13,knot_research.db
40256,13n_2350,1,115,114,0.08196425831003261,13,knot_research.db
40257,13n_2411,1,109,107,0.01694102631961848,13,knot_research.db
40258,13n_1129,1,109,108,0.15537287795787316,13,knot_research.db
40259,13n_2400,1,113,111,0.015185617942169143,13,knot_research.db
40260,13n_2659,1,109,108,0.3180443499323931,13,knot_research.db
40261,13n_268,1,117,116,0.14131004659109175,13,knot_research.db
40262,13n_1217,1,109,108,0.18762022185832433,13,knot_research.db
40263,13n_1076,1,113,111,0.009991482193420545,13,knot_research.db
40264,13n_2278,1,113,112,0.006569961571161066,13,knot_research.db
40265,13n_1085,1,113,112,0.07490560652064476,13,knot_research.db
40266,13n_1382,1,109,108,0.024555795131197915,13,knot_research.db
40267,13n_7,1,117,116,0.027024770802170205,13,knot_research.db
40268,13n_1263,1,109,108,0.12873301482219396,13,knot_research.db
40269,13n_2424,1,119,118,0.15574609897878308,13,knot_research.db
40270,13n_2533,1,105,105,0.014768775077745131,13,knot_research.db
40271,13n_1226,1,111,109,0.011757399333294212,13,knot_research.db
40272,13n_932,1,109,108,0.24003229714986185,13,knot_research.db
40273,13n_2581,1,115,114,0.04432912793045916,13,knot_research.db
40274,13n_2431,1,107,106,0.24933122245533731,13,knot_research.db
40275,13n_2679,1,109,108,0.12236834627463303,13,knot_research.db
40276,13n_2370,1,123,122,0.029685042897816226,13,knot_research.db
40277,13n_1149,1,115,114,0.060088385312924646,13,knot_research.db
40278,13n_2420,1,113,112,0.15774370408169994,13,knot_research.db
40279,13n_2553,1,111,110,0.036316699547135387,13,knot_research.db
40280,13n_1237,1,111,110,0.004392218264630703,13,knot_research.db
40281,13n_1402,1,115,114,0.08318862698558048,13,knot_research.db
40282,13n_1135,1,115,114,0.16165107896172928,13,knot_research.db
40283,13n_1174,1,111,110,0.058363230826055656,13,knot_research.db
40284,13n_2298,1,107,106,0.2957850541701923,13,knot_research.db
40285,13n_1105,1,113,111,0.013692146598299286,13,knot_research.db
40286,13n_2444,1,107,106,0.2445218702895845,13,knot_research.db
40287,13n_1096,1,111,109,0.0060129583385742785,13,knot_research.db
40288,13n_1283,1,111,110,0.18839724868833718,13,knot_research.db
40289,13n_2699,1,107,106,0.02913364147230837,13,knot_research.db
40290,13n_952,1,115,114,0.005807470413515211,13,knot_research.db
40291,13n_2451,1,115,114,0.15914668496209472,13,knot_research.db
40292,13n_1246,1,105,104,0.05601314134651996,13,knot_research.db
40293,13n_2601,1,107,106,0.03589418070975861,13,knot_research.db
40294,13n_27,1,111,110,0.105228234564896,13,knot_research.db
40295,13n_2573,1,107,106,0.2670901135009167,13,knot_research.db
40296,13n_2318,1,107,106,0.25728110793853426,13,knot_research.db
40297,13n_1169,1,111,110,0.007333353088584099,13,knot_research.db
40298,13n_288,1,109,109,0.17453094521331447,13,knot_research.db
40299,13n_2719,1,103,102,0.013668182206747771,13,knot_research.db
40300,13n_2390,1,115,114,0.0499323830359685,13,knot_research.db
40301,13n_1194,1,111,110,0.018598903390241263,13,knot_research.db
40302,13n_2464,1,113,112,0.1603386820796452,13,knot_research.db
40303,13n_1422,1,107,106,0.10414841202538766,13,knot_research.db
40304,13n_1116,1,113,112,0.18756698396596214,13,knot_research.db
40305,13n_2621,1,111,110,0.01186639277963211,13,knot_research.db
40306,13n_2440,1,115,115,0.1973191109295849,13,knot_research.db
40307,13n_1125,1,117,115,0.023391637244833764,13,knot_research.db
40308,13n_2471,1,109,108,0.013909722212046984,13,knot_research.db
40309,13n_1303,1,111,110,0.16471803961143122,13,knot_research.db
40310,13n_1155,1,117,116,0.01649214048768562,13,knot_research.db
40311,13n_2593,1,111,110,0.1898937991814506,13,knot_research.db
40312,13n_1257,1,109,108,0.026472787083928962,13,knot_research.db
40313,13n_1266,1,107,105,0.04521498452952463,13,knot_research.db
40314,13n_2338,1,105,104,0.017493753559950496,13,knot_research.db
40315,13n_2739,1,109,108,0.2719157549280632,13,knot_research.db
40316,13n_972,1,107,106,0.025597046959812284,13,knot_research.db
40317,13n_1442,1,109,108,0.008560805717477568,13,knot_research.db
40318,13n_2484,1,111,110,0.09583786394913275,13,knot_research.db
40319,13n_2641,1,107,106,0.044895399212398254,13,knot_research.db
40320,13n_47,1,111,110,0.20760313940696698,13,knot_research.db
40321,13n_2460,1,109,108,0.08322392577669388,13,knot_research.db
40322,13n_1214,1,109,109,0.08608829056725571,13,knot_research.db
40323,13n_308,1,109,108,0.22487911097100252,13,knot_research.db
40324,13n_2491,1,103,103,0.04570445429721581,13,knot_research.db
40325,13n_1189,1,119,118,0.09758250010499457,13,knot_research.db
40326,13n_2358,1,117,116,0.0349557881605837,13,knot_research.db
40327,13n_1277,1,111,110,0.09727138749285477,13,knot_research.db
40328,13n_1286,1,105,103,0.008215485939109502,13,knot_research.db
40329,13n_2410,1,115,114,0.027477814255081386,13,knot_research.db
40330,13n_2613,1,113,112,0.009326085325359154,13,knot_research.db
40331,13n_2759,1,111,110,0.2443105743282325,13,knot_research.db
40332,13n_1323,1,111,109,0.06841765490817389,13,knot_research.db
40333,13n_992,1,109,108,0.10011344831639457,13,knot_research.db
40334,13n_1145,1,115,114,0.18892360153485396,13,knot_research.db
40335,13n_1175,1,109,108,0.013736235135302536,13,knot_research.db
40336,13n_2661,1,123,122,0.10127675617158216,13,knot_research.db
40337,13n_1136,1,113,112,0.17246820299057364,13,knot_research.db
40338,13n_2480,1,111,110,0.009295377037136955,13,knot_research.db
40339,13n_2511,1,109,108,0.013425172623870912,13,knot_research.db
40340,13n_2504,1,107,106,0.020162106483094747,13,knot_research.db
40341,13n_1462,1,115,114,0.2272918733807285,13,knot_research.db
40342,13n_1234,1,111,110,0.08968259875668178,13,knot_research.db
40343,13n_328,1,105,105,0.07248324226390997,13,knot_research.db
40344,13n_2378,1,117,116,0.0551138542475567,13,knot_research.db
40345,13n_67,1,109,108,0.1444800951006387,13,knot_research.db
40346,13n_1297,1,109,108,0.001800948532902183,13,knot_research.db
40347,13n_2779,1,111,110,0.14464930005810062,13,knot_research.db
40348,13n_1306,1,113,111,0.009077830790116656,13,knot_research.db
40349,13n_1209,1,117,116,0.09682160454968741,13,knot_research.db
40350,13n_2430,1,113,112,0.18008238983494346,13,knot_research.db
40351,13n_2633,1,105,105,0.033790687278023784,13,knot_research.db
40352,13n_1195,1,113,112,0.02425117164923107,13,knot_research.db
40353,13n_1343,1,113,112,0.20940814570434033,13,knot_research.db
40354,13n_1012,1,109,108,0.10230802245228239,13,knot_research.db
40355,13n_2524,1,109,108,0.052688058909471924,13,knot_research.db
40356,13n_2531,1,111,110,0.05340860916890744,13,knot_research.db
40357,13n_1165,1,113,112,0.011242817537296885,13,knot_research.db
40358,13n_2681,1,115,113,0.03620140966106895,13,knot_research.db
40359,13n_2500,1,111,110,0.036007013001370734,13,knot_research.db
40360,13n_1156,1,119,118,0.03830723900378331,13,knot_research.db
40361,13n_1482,1,107,107,0.11456437276363667,13,knot_research.db
40362,13n_1254,1,107,106,0.07604950358022818,13,knot_research.db
40363,13n_2653,1,103,102,0.286233276643352,13,knot_research.db
40364,13n_2450,1,111,110,0.0346124044304411,13,knot_research.db
40365,13n_2544,1,109,108,0.1953408221162007,13,knot_research.db
40366,13n_348,1,109,108,0.018361420634331296,13,knot_research.db
40367,13n_2398,1,109,108,0.017103168507173888,13,knot_research.db
40368,13n_2551,1,111,110,0.23414077566029343,13,knot_research.db
40369,13n_87,1,113,112,0.07675167869901778,13,knot_research.db
40370,13n_1326,1,111,110,0.09514711819556267,13,knot_research.db
40371,13n_1215,1,109,109,0.18229977228647035,13,knot_research.db
40372,13n_1032,1,115,114,0.0412184931771963,13,knot_research.db
40373,13n_1185,1,115,114,0.0653509825141553,13,knot_research.db
40374,13n_2520,1,111,110,0.2608136609336041,13,knot_research.db
40375,13n_1317,1,111,110,0.05185333101907276,13,knot_research.db
40376,13n_2799,1,117,116,0.1948047189550725,13,knot_research.db
40377,13n_1363,1,109,107,0.010516211909724226,13,knot_research.db
40378,13n_2673,1,111,110,0.005020900394015562,13,knot_research.db
40379,13n_2701,1,111,110,0.145390985983179,13,knot_research.db
40380,13n_1274,1,111,110,0.0667105965389373,13,knot_research.db
40381,13n_1502,1,109,108,0.023765636537568514,13,knot_research.db
40382,13n_2418,1,117,116,0.205914338098891,13,knot_research.db
40383,13n_2564,1,109,108,0.09198644404888896,13,knot_research.db
40384,13n_1229,1,117,116,0.061699257402332106,13,knot_research.db
40385,13n_1176,1,99,98,0.12907351223555757,13,knot_research.db
40386,13n_2571,1,113,112,0.01643112050840341,13,knot_research.db
40387,13n_2470,1,109,108,0.180333809549187,13,knot_research.db
40388,13n_368,1,109,108,0.24213970346460303,13,knot_research.db
40389,13n_1235,1,115,114,0.22594807516132429,13,knot_research.db
40390,13n_1346,1,117,116,0.05260064170543339,13,knot_research.db
40391,13n_107,1,117,116,0.07556027204730965,13,knot_research.db
40392,13n_2693,1,107,106,0.15876316424750636,13,knot_research.db
40393,13n_1205,1,111,110,0.003784570930526364,13,knot_research.db
40394,13n_2584,1,105,104,0.16102212944052832,13,knot_research.db
40395,13n_2819,1,113,112,0.01759807122267656,13,knot_research.db
40396,13n_2540,1,109,108,0.07021220776067429,13,knot_research.db
40397,13n_1294,1,115,113,0.0517264482344181,13,knot_research.db
40398,13n_1337,1,109,107,0.04474309796603135,13,knot_research.db
40399,13n_2438,1,113,112,0.05378012166519427,13,knot_research.db
40400,13n_1522,1,119,118,0.22174314789292357,13,knot_research.db
40401,13n_1196,1,113,112,0.07830955265585432,13,knot_research.db
40402,13n_1052,1,111,110,0.029016150639484074,13,knot_research.db
40403,13n_1383,1,111,110,0.05613209986008006,13,knot_research.db
40404,13n_2591,1,111,110,0.11069304496484098,13,knot_research.db
40405,13n_2713,1,109,108,0.0035835173567361094,13,knot_research.db
40406,13n_2721,1,113,112,0.01765832454544159,13,knot_research.db
40407,13n_1249,1,109,109,0.17676893656977102,13,knot_research.db
40408,13n_2560,1,115,114,0.02269159963063744,13,knot_research.db
40409,13n_2604,1,111,110,0.17366710585998799,13,knot_research.db
40410,13n_388,1,113,111,0.014110739236001873,13,knot_research.db
40411,13n_2490,1,109,108,0.011651318407196227,13,knot_research.db
40412,13n_2839,1,107,106,0.27319109709883777,13,knot_research.db
40413,13n_1255,1,109,108,0.10753996079989128,13,knot_research.db
40414,13n_2458,1,111,109,0.008795734232793504,13,knot_research.db
40415,13n_1366,1,109,107,0.021139185649771693,13,knot_research.db
40416,13n_1072,1,115,114,0.1738928500287426,13,knot_research.db
40417,13n_2611,1,109,107,0.013041509611987901,13,knot_research.db
40418,13n_1314,1,105,103,0.004817131119468549,13,knot_research.db
40419,13n_1403,1,111,110,0.090547286560276,13,knot_research.db
40420,13n_1216,1,107,106,0.005660118483048035,13,knot_research.db
40421,13n_1357,1,113,112,0.038472997734391695,13,knot_research.db
40422,13n_2733,1,107,106,0.0066482062254451055,13,knot_research.db
40423,13n_1225,1,109,108,0.20498693171885268,13,knot_research.db
40424,13n_2859,1,111,110,0.06497413009012297,13,knot_research.db
40425,13n_2510,1,111,110,0.020163018405372587,13,knot_research.db
40426,13n_1542,1,115,114,0.04326933204622509,13,knot_research.db
40427,13n_2624,1,115,114,0.16979586564873037,13,knot_research.db
40428,13n_2741,1,113,112,0.11004502455750999,13,knot_research.db
40429,13n_127,1,111,110,0.1250294102713172,13,knot_research.db
40430,13n_2580,1,115,114,0.018824978236866543,13,knot_research.db
40431,13n_1269,1,115,113,0.003251873256315029,13,knot_research.db
40432,13n_2478,1,107,106,0.11003176894810611,13,knot_research.db
40433,13n_1275,1,109,107,0.03553690693297439,13,knot_research.db
40434,13n_2753,1,109,108,0.05232149919578668,13,knot_research.db
40435,13n_2879,1,113,112,0.2672576699968912,13,knot_research.db
40436,13n_1423,1,121,120,0.23240068093979036,13,knot_research.db
40437,13n_1334,1,107,106,0.00558185088612921,13,knot_research.db
40438,13n_1236,1,109,107,0.005855988671512519,13,knot_research.db
40439,13n_2530,1,107,106,0.12699519013681246,13,knot_research.db
40440,13n_408,1,115,114,0.24010249037946851,13,knot_research.db
40441,13n_1386,1,115,114,0.004362160559922855,13,knot_research.db
40442,13n_2498,1,109,109,0.10906846331228773,13,knot_research.db
40443,13n_2644,1,109,108,0.2118627988978976,13,knot_research.db
40444,13n_2761,1,113,112,0.09097588490829078,13,knot_research.db
40445,13n_1377,1,107,106,0.012542396135920566,13,knot_research.db
40446,13n_1245,1,109,107,0.036340381036115546,13,knot_research.db
40447,13n_1092,1,113,112,0.10491373015936432,13,knot_research.db
40448,13n_2631,1,115,114,0.3031899481161778,13,knot_research.db
40449,13n_1562,1,107,106,0.25670580715866187,13,knot_research.db
40450,13n_1295,1,117,116,0.0250296116780729,13,knot_research.db
40451,13n_2600,1,107,106,0.02649299722473178,13,knot_research.db
40452,13n_2773,1,117,116,0.20683015944181554,13,knot_research.db
40453,13n_147,1,109,108,0.10478974151559375,13,knot_research.db
40454,13n_2550,1,105,105,0.057480323244249745,13,knot_research.db
40455,13n_2899,1,117,116,0.0191857271362551,13,knot_research.db
40456,13n_1397,1,113,112,0.13191524456948037,13,knot_research.db
40457,13n_2518,1,109,108,0.19682702991317969,13,knot_research.db
40458,13n_1256,1,107,105,0.03504144398204702,13,knot_research.db
40459,13n_1289,1,111,110,0.12773466565704208,13,knot_research.db
40460,13n_2664,1,105,104,0.3121014490546789,13,knot_research.db
40461,13n_1354,1,109,108,0.030188219418725324,13,knot_research.db
40462,13n_2781,1,111,110,0.10697409378249105,13,knot_research.db
40463,13n_1265,1,109,108,0.11865412003800029,13,knot_research.db
40464,13n_2651,1,101,100,0.007170467551224717,13,knot_research.db
40465,13n_1443,1,115,114,0.14682075368828526,13,knot_research.db
40466,13n_1406,1,111,110,0.022663167137661377,13,knot_research.db
40467,13n_2620,1,105,104,0.2820239831900237,13,knot_research.db
40468,13n_1582,1,117,116,0.14294655454673594,13,knot_research.db
40469,13n_2570,1,117,116,0.03670965790382886,13,knot_research.db
40470,13n_1112,1,117,115,0.021534451134861014,13,knot_research.db
40471,13n_428,1,111,110,0.04726717627201333,13,knot_research.db
40472,13n_2793,1,111,110,0.12408546588676816,13,knot_research.db
40473,13n_1315,1,115,114,0.12186289403138616,13,knot_research.db
40474,13n_2671,1,105,105,0.05869111312113803,13,knot_research.db
40475,13n_2919,1,117,116,0.1615962567704708,13,knot_research.db
40476,13n_2684,1,109,108,0.06629124288178306,13,knot_research.db
40477,13n_2538,1,107,106,0.012397145462159457,13,knot_research.db
40478,13n_167,1,111,110,0.08773529760803868,13,knot_research.db
40479,13n_2801,1,113,112,0.006856515950143298,13,knot_research.db
40480,13n_1276,1,111,110,0.012534335823293882,13,knot_research.db
40481,13n_2640,1,109,108,0.005227992724781628,13,knot_research.db
40482,13n_1374,1,109,108,0.08169083008774808,13,knot_research.db
40483,13n_1417,1,109,108,0.2118547367425295,13,knot_research.db
40484,13n_1285,1,111,110,0.05201071606128832,13,knot_research.db
40485,13n_1309,1,113,111,0.005334483947560353,13,knot_research.db
40486,13n_2813,1,109,108,0.27281894826605574,13,knot_research.db
40487,13n_1426,1,99,98,0.012343405474027236,13,knot_research.db
40488,13n_1463,1,119,118,0.23342195882491323,13,knot_research.db
40489,13n_2691,1,111,110,0.20613622595461967,13,knot_research.db
40490,13n_2558,1,109,108,0.05736310249715148,13,knot_research.db
40491,13n_2704,1,109,108,0.006882430228721661,13,knot_research.db
40492,13n_2590,1,107,106,0.07504190778667813,13,knot_research.db
40493,13n_1335,1,107,105,0.062012931688368654,13,knot_research.db
40494,13n_1602,1,109,108,0.0944703143169384,13,knot_research.db
40495,13n_1394,1,113,112,0.008433498790591788,13,knot_research.db
40496,13n_2660,1,117,116,0.035886166094684264,13,knot_research.db
40497,13n_2939,1,117,116,0.1287712135708292,13,knot_research.db
40498,13n_448,1,113,112,0.06814190009147673,13,knot_research.db
40499,13n_2821,1,107,106,0.0585574125153749,13,knot_research.db
40500,13n_1132,1,111,110,0.09063990973037148,13,knot_research.db
40501,13n_1296,1,111,110,0.0126038626853151,13,knot_research.db
40502,13n_2833,1,103,102,0.0716211727855253,13,knot_research.db
40503,13n_1305,1,115,114,0.20093982440069524,13,knot_research.db
40504,13n_1446,1,103,102,0.11432167684029002,13,knot_research.db
40505,13n_187,1,117,116,0.182952513263004,13,knot_research.db
40506,13n_2711,1,113,112,0.03356783660222271,13,knot_research.db
40507,13n_2724,1,105,104,0.2516321777571106,13,knot_research.db
40508,13n_2610,1,107,106,0.2196664695656904,13,knot_research.db
40509,13n_1437,1,103,102,0.016008029403889148,13,knot_research.db
40510,13n_2578,1,107,106,0.15516659475126482,13,knot_research.db
40511,13n_1329,1,109,108,0.23031248665663473,13,knot_research.db
40512,13n_1355,1,111,110,0.08205335710592003,13,knot_research.db
40513,13n_2853,1,111,110,0.07471232177785839,13,knot_research.db
40514,13n_2841,1,107,106,0.15655362472224663,13,knot_research.db
40515,13n_2959,1,111,110,0.08192548221324666,13,knot_research.db
40516,13n_1622,1,113,112,0.015048256733482583,13,knot_research.db
40517,13n_2680,1,111,110,0.25838182613281396,13,knot_research.db
40518,13n_1483,1,107,106,0.036396576069641876,13,knot_research.db
40519,13n_1316,1,109,107,0.010021387397283534,13,knot_research.db
40520,13n_1414,1,109,108,0.024282007261237703,13,knot_research.db
40521,13n_1466,1,109,108,0.016869777514712834,13,knot_research.db
40522,13n_2630,1,113,112,0.07437193959525726,13,knot_research.db
40523,13n_2744,1,117,116,0.026108827671346417,13,knot_research.db
40524,13n_2598,1,111,110,0.14141932953702824,13,knot_research.db
40525,13n_468,1,119,118,0.012551616300003673,13,knot_research.db
40526,13n_1152,1,111,110,0.04928896242222771,13,knot_research.db
40527,13n_2731,1,111,110,0.0178564756116867,13,knot_research.db
40528,13n_1457,1,107,106,0.2498824217245749,13,knot_research.db
40529,13n_2873,1,107,106,0.16608823358402694,13,knot_research.db
40530,13n_2861,1,107,106,0.15822528017777218,13,knot_research.db
40531,13n_1325,1,109,108,0.02743607334780793,13,knot_research.db
40532,13n_1375,1,107,106,0.19076667379994097,13,knot_research.db
40533,13n_207,1,105,104,0.049499079236819475,13,knot_research.db
40534,13n_1349,1,107,106,0.27207124061045956,13,knot_research.db
40535,13n_2979,1,107,106,0.03266151685686484,13,knot_research.db
40536,13n_1486,1,111,110,0.04455701947398807,13,knot_research.db
40537,13n_2650,1,107,106,0.013101082165247689,13,knot_research.db
40538,13n_1503,1,111,110,0.09023091176951324,13,knot_research.db
40539,13n_2700,1,117,116,0.10810851586561768,13,knot_research.db
40540,13n_1336,1,105,104,0.042828716924965135,13,knot_research.db
40541,13n_1434,1,115,114,0.01700589130220018,13,knot_research.db
40542,13n_1642,1,101,101,0.09030219772949054,13,knot_research.db
40543,13n_2618,1,107,106,0.010536025360134298,13,knot_research.db
40544,13n_2893,1,117,116,0.12591943868099303,13,knot_research.db
40545,13n_2751,1,111,110,0.18104721787364336,13,knot_research.db
40546,13n_2881,1,109,108,0.011705995939311285,13,knot_research.db
40547,13n_2999,1,115,114,0.025469456906553306,13,knot_research.db
40548,13n_2764,1,111,110,0.12592990530210027,13,knot_research.db
40549,13n_1395,1,117,116,0.0027009611892036384,13,knot_research.db
40550,13n_1345,1,115,113,0.015261815035220255,13,knot_research.db
40551,13n_1477,1,109,108,0.03623540218375982,13,knot_research.db
40552,13n_1172,1,113,112,0.03402521307725219,13,knot_research.db
40553,13n_2670,1,107,106,0.04986392993981549,13,knot_research.db
40554,13n_2638,1,113,112,0.002360672468261188,13,knot_research.db
40555,13n_1369,1,107,107,0.27392062363071734,13,knot_research.db
40556,13n_1506,1,113,112,0.07233079792080788,13,knot_research.db
40557,13n_1356,1,107,106,0.024878887927563754,13,knot_research.db
40558,13n_227,1,105,104,0.013823966354885505,13,knot_research.db
40559,13n_2901,1,111,110,0.10085170702636147,13,knot_research.db
40560,13n_1523,1,107,106,0.09522809617078302,13,knot_research.db
40561,13n_2720,1,111,110,0.14169020250512365,13,knot_research.db
40562,13n_2913,1,109,108,0.03344205370454386,13,knot_research.db
40563,13n_1662,1,113,112,0.1593957179963678,13,knot_research.db
40564,13n_2771,1,115,114,0.022754061345493456,13,knot_research.db
40565,13n_1454,1,109,108,0.1713635516539258,13,knot_research.db
40566,13n_488,1,111,110,0.13281747108259934,13,knot_research.db
40567,13n_2690,1,107,106,0.2568575541052556,13,knot_research.db
40568,13n_2784,1,105,104,0.01151425585551471,13,knot_research.db
40569,13n_1497,1,109,108,0.023351974104590983,13,knot_research.db
40570,13n_2658,1,107,106,0.2271759981519818,13,knot_research.db
40571,13n_1192,1,107,107,0.058770701172629794,13,knot_research.db
40572,13n_3019,1,107,106,0.24047560037698082,13,knot_research.db
40573,13n_1389,1,107,106,0.018483552057002084,13,knot_research.db
40574,13n_2921,1,115,114,0.16156951610977224,13,knot_research.db
40575,13n_1526,1,113,112,0.00738343334822557,13,knot_research.db
40576,13n_1376,1,107,105,0.01856577096235982,13,knot_research.db
40577,13n_1365,1,107,106,0.2705096048398416,13,knot_research.db
40578,13n_1543,1,113,112,0.20733831371770375,13,knot_research.db
40579,13n_2933,1,111,110,0.02225357351678407,13,knot_research.db
40580,13n_2740,1,111,110,0.005638965996753975,13,knot_research.db
40581,13n_1415,1,109,108,0.17865314151779735,13,knot_research.db
40582,13n_2804,1,111,110,0.06602888133140643,13,knot_research.db
40583,13n_2710,1,109,108,0.022738461890100654,13,knot_research.db
40584,13n_2791,1,109,108,0.011670943859569094,13,knot_research.db
40585,13n_1474,1,113,112,0.009657749478692895,13,knot_research.db
40586,13n_247,1,111,110,0.004550067302000958,13,knot_research.db
40587,13n_2678,1,109,108,0.1970243405988191,13,knot_research.db
40588,13n_508,1,109,108,0.22344229713846267,13,knot_research.db
40589,13n_1517,1,107,105,0.04467662354829344,13,knot_research.db
40590,13n_1409,1,113,112,0.07714377155104124,13,knot_research.db
40591,13n_3039,1,107,106,0.10443292430533767,13,knot_research.db
40592,13n_2953,1,125,124,0.1564580350275922,13,knot_research.db
40593,13n_2730,1,113,112,0.07982194766663883,13,knot_research.db
40594,13n_1396,1,113,112,0.014800372373965693,13,knot_research.db
40595,13n_2824,1,113,112,0.07610791142359405,13,knot_research.db
40596,13n_1682,1,121,120,0.20909662550572836,13,knot_research.db
40597,13n_2760,1,115,114,0.27108893341647766,13,knot_research.db
40598,13n_1385,1,111,110,0.0026507778418216692,13,knot_research.db
40599,13n_2811,1,109,108,0.03684343778319787,13,knot_research.db
40600,13n_1546,1,113,112,0.10369274185636014,13,knot_research.db
40601,13n_1212,1,109,108,0.01449310319443338,13,knot_research.db
40602,13n_1435,1,109,108,0.057195539350862634,13,knot_research.db
40603,13n_2941,1,107,106,0.06981793916181003,13,knot_research.db
40604,13n_1563,1,109,108,0.06510905534753035,13,knot_research.db
40605,13n_2698,1,111,110,0.02956105768352562,13,knot_research.db
40606,13n_1494,1,109,108,0.16472315773233998,13,knot_research.db
40607,13n_3059,1,115,114,0.08335030724318573,13,knot_research.db
40608,13n_2831,1,111,110,0.007845164678545166,13,knot_research.db
40609,13n_528,1,109,107,0.022633276042591483,13,knot_research.db
40610,13n_2750,1,111,110,0.1683657204948295,13,knot_research.db
40611,13n_267,1,119,118,0.012009136335531299,13,knot_research.db
40612,13n_2780,1,115,114,0.14409674742108272,13,knot_research.db
40613,13n_1537,1,109,108,0.1516255228704922,13,knot_research.db
40614,13n_2718,1,115,114,0.09694264228030734,13,knot_research.db
40615,13n_2961,1,105,105,0.20620826690300503,13,knot_research.db
40616,13n_2844,1,117,116,0.0728283362943952,13,knot_research.db
40617,13n_1416,1,109,108,0.01802060569222641,13,knot_research.db
40618,13n_1583,1,113,112,0.08345799564848161,13,knot_research.db
40619,13n_1455,1,113,112,0.01830939023446324,13,knot_research.db
40620,13n_1232,1,117,116,0.20695660095252036,13,knot_research.db
40621,13n_1429,1,107,106,0.09598687056420156,13,knot_research.db
40622,13n_1566,1,107,106,0.09997360612592641,13,knot_research.db
40623,13n_2973,1,117,116,0.16224943618189677,13,knot_research.db
40624,13n_1702,1,101,101,0.2077952588810112,13,knot_research.db
40625,13n_1514,1,105,105,0.21108066362851535,13,knot_research.db
40626,13n_2770,1,123,122,0.07383171758266274,13,knot_research.db
40627,13n_2851,1,111,110,0.16184666224481822,13,knot_research.db
40628,13n_1405,1,111,110,0.025924227324291005,13,knot_research.db
40629,13n_3079,1,111,110,0.0394713412914554,13,knot_research.db
40630,13n_2738,1,109,108,0.0030683425800827257,13,knot_research.db
40631,13n_548,1,109,107,0.02170979646001241,13,knot_research.db
40632,13n_2981,1,105,104,0.030385012730975818,13,knot_research.db
40633,13n_2800,1,109,108,0.0019284392207465654,13,knot_research.db
40634,13n_2864,1,117,116,0.27645938809690873,13,knot_research.db
40635,13n_1557,1,111,110,0.2603621880409896,13,knot_research.db
40636,13n_1586,1,115,114,0.22820863794457616,13,knot_research.db
40637,13n_1722,1,105,104,0.030159412495445126,13,knot_research.db
40638,13n_2993,1,119,118,0.05488858881795622,13,knot_research.db
40639,13n_1603,1,113,112,0.024259371890547138,13,knot_research.db
40640,13n_1449,1,103,102,0.06537605747907613,13,knot_research.db
40641,13n_1475,1,107,107,0.1333386596594624,13,knot_research.db
40642,13n_1436,1,109,109,0.17912288475624158,13,knot_research.db
40643,13n_1534,1,101,100,0.07978857185045317,13,knot_research.db
40644,13n_3099,1,103,102,0.06777076586476105,13,knot_research.db
40645,13n_2758,1,117,116,0.13351844520374234,13,knot_research.db
40646,13n_3001,1,119,118,0.03737470560566216,13,knot_research.db
40647,13n_2871,1,101,100,0.18930965880209558,13,knot_research.db
40648,13n_1425,1,107,106,0.14480269337338073,13,knot_research.db
40649,13n_2790,1,109,108,0.0069630523175458455,13,knot_research.db
40650,13n_2820,1,109,108,0.032018787168705605,13,knot_research.db
40651,13n_2884,1,109,108,0.004821251236781366,13,knot_research.db
40652,13n_1252,1,111,110,0.03062941594063538,13,knot_research.db
40653,13n_1742,1,113,112,0.25001196699381484,13,knot_research.db
40654,13n_1469,1,107,106,0.00400007696945291,13,knot_research.db
40655,13n_3119,1,109,108,0.02955992870235634,13,knot_research.db
40656,13n_2891,1,111,110,0.23830390456767522,13,knot_research.db
40657,13n_1606,1,109,108,0.08087531032607559,13,knot_research.db
40658,13n_568,1,113,112,0.0863861234206447,13,knot_research.db
40659,13n_1577,1,113,112,0.04123308757795658,13,knot_research.db
40660,13n_1554,1,113,112,0.1932175077838532,13,knot_research.db
40661,13n_287,1,107,106,0.023036663852595302,13,knot_research.db
40662,13n_1623,1,113,111,0.008952218610227825,13,knot_research.db
40663,13n_2840,1,107,106,0.06048522040829335,13,knot_research.db
40664,13n_1495,1,109,107,0.015879878964973428,13,knot_research.db
40665,13n_1456,1,111,110,0.00986689646149217,13,knot_research.db
40666,13n_3013,1,127,126,0.17404124481237523,13,knot_research.db
40667,13n_2778,1,109,108,0.00443354624864077,13,knot_research.db
40668,13n_1445,1,97,96,0.009319598612182883,13,knot_research.db
40669,13n_2904,1,109,108,0.16080947045643076,13,knot_research.db
40670,13n_3021,1,109,109,0.1251289627151797,13,knot_research.db
40671,13n_2810,1,107,106,0.04012149451186213,13,knot_research.db
40672,13n_1272,1,111,110,0.23830390457040923,13,knot_research.db
40673,13n_3139,1,115,114,0.1856469466363516,13,knot_research.db
40674,13n_1489,1,117,116,0.04777550514441095,13,knot_research.db
40675,13n_2911,1,103,102,0.007958618520843725,13,knot_research.db
40676,13n_1762,1,105,105,0.0294385871054626,13,knot_research.db
40677,13n_2860,1,111,110,0.18277576447455696,13,knot_research.db
40678,13n_1626,1,109,108,0.06682226174855242,13,knot_research.db
40679,13n_1574,1,109,108,0.16194779728666941,13,knot_research.db
40680,13n_1597,1,113,112,0.1386016873054886,13,knot_research.db
40681,13n_1515,1,119,118,0.11372524823265627,13,knot_research.db
40682,13n_1643,1,107,106,0.1600902428894369,13,knot_research.db
40683,13n_2798,1,109,108,0.01099637393806213,13,knot_research.db
40684,13n_1465,1,113,112,0.00994665619112786,13,knot_research.db
40685,13n_2924,1,109,108,0.07598347003204806,13,knot_research.db
40686,13n_2830,1,117,116,0.14428643064922947,13,knot_research.db
40687,13n_1476,1,105,104,0.30101481267761154,13,knot_research.db
40688,13n_3041,1,111,110,0.050676759542290443,13,knot_research.db
40689,13n_307,1,111,110,0.005808797012829104,13,knot_research.db
40690,13n_3061,1,111,110,0.01973497981157362,13,knot_research.db
40691,13n_1646,1,111,110,0.0328382951407156,13,knot_research.db
40692,13n_327,1,109,109,0.20048470842282448,13,knot_research.db
40693,13n_1663,1,119,118,0.04305807905878342,13,knot_research.db
40694,13n_2818,1,107,106,0.029664601498009355,13,knot_research.db
40695,13n_1535,1,103,102,0.013730680285648217,13,knot_research.db
40696,13n_588,1,101,101,0.047050430275956165,13,knot_research.db
40697,13n_1292,1,115,114,0.008412743696927426,13,knot_research.db
40698,13n_1617,1,115,114,0.028460603438946304,13,knot_research.db
40699,13n_1496,1,117,116,0.014495507602555626,13,knot_research.db
40700,13n_3159,1,103,102,0.062050017616757214,13,knot_research.db
40701,13n_2880,1,111,110,0.206477356126199,13,knot_research.db
40702,13n_2850,1,109,108,0.0826089594848029,13,knot_research.db
40703,13n_2931,1,113,112,0.151420163189539,13,knot_research.db
40704,13n_1782,1,105,104,0.020574295062881717,13,knot_research.db
40705,13n_2944,1,113,112,0.2279562670687951,13,knot_research.db
40706,13n_1594,1,119,118,0.09374156074365077,13,knot_research.db
40707,13n_1485,1,113,112,0.1140029834807683,13,knot_research.db
40708,13n_3179,1,105,104,0.1782812381308071,13,knot_research.db
40709,13n_2838,1,109,108,0.14307326595911493,13,knot_research.db
40710,13n_1555,1,111,110,0.05838370980666614,13,knot_research.db
40711,13n_2951,1,113,112,0.008967169319696064,13,knot_research.db
40712,13n_608,1,103,103,0.14375369645810854,13,knot_research.db
40713,13n_2870,1,103,102,0.05797217067971172,13,knot_research.db
40714,13n_2900,1,113,112,0.05565991371737276,13,knot_research.db
40715,13n_347,1,107,105,0.029449214346764653,13,knot_research.db
40716,13n_1802,1,105,104,0.17878804333371845,13,knot_research.db
40717,13n_3081,1,115,114,0.09503972373605314,13,knot_research.db
40718,13n_1637,1,105,104,0.06285588044120595,13,knot_research.db
40719,13n_1666,1,109,107,0.010605114145504049,13,knot_research.db
40720,13n_3199,1,115,114,0.23363491364098138,13,knot_research.db
40721,13n_2964,1,113,112,0.10283536253163834,13,knot_research.db
40722,13n_1505,1,109,107,0.004672311306235599,13,knot_research.db
40723,13n_2858,1,105,105,0.21387662979436572,13,knot_research.db
40724,13n_1683,1,117,115,0.016014669165191554,13,knot_research.db
40725,13n_1312,1,111,110,0.05159022627187879,13,knot_research.db
40726,13n_2890,1,107,106,0.2709391036350211,13,knot_research.db
40727,13n_1516,1,119,118,0.2062203523900174,13,knot_research.db
40728,13n_1614,1,103,102,0.013130355542179407,13,knot_research.db
40729,13n_1575,1,115,114,0.018974695305644426,13,knot_research.db
40730,13n_2920,1,109,107,0.04750998870910417,13,knot_research.db
40731,13n_1822,1,105,104,0.032928038609734034,13,knot_research.db
40732,13n_1657,1,113,112,0.20498693171830956,13,knot_research.db
40733,13n_628,1,109,108,0.0057001544582701924,13,knot_research.db
40734,13n_3219,1,107,106,0.11144924048326244,13,knot_research.db
40735,13n_2984,1,113,112,0.007627069305942836,13,knot_research.db
40736,13n_2971,1,123,122,0.0808405080263229,13,knot_research.db
40737,13n_3101,1,109,108,0.012600988213564741,13,knot_research.db
40738,13n_2878,1,109,108,0.10582935641261511,13,knot_research.db
40739,13n_367,1,113,112,0.19068435075617537,13,knot_research.db
40740,13n_2910,1,111,110,0.20546716829655245,13,knot_research.db
40741,13n_1525,1,103,102,0.15483570671392624,13,knot_research.db
40742,13n_1686,1,107,106,0.09710952545329866,13,knot_research.db
40743,13n_1634,1,109,108,0.054802372505160374,13,knot_research.db
40744,13n_1332,1,111,110,0.08913662295198295,13,knot_research.db
40745,13n_3239,1,113,112,0.06950682986719804,13,knot_research.db
40746,13n_2940,1,113,112,0.006090138967095884,13,knot_research.db
40747,13n_1842,1,105,104,0.029035553435296593,13,knot_research.db
40748,13n_3121,1,107,106,0.1548247065765884,13,knot_research.db
40749,13n_1703,1,111,110,0.010309301945866677,13,knot_research.db
40750,13n_1595,1,119,118,0.04211565296486277,13,knot_research.db
40751,13n_3004,1,111,110,0.0026431864174858623,13,knot_research.db
40752,13n_2898,1,119,118,0.22302408953946665,13,knot_research.db
40753,13n_648,1,109,108,0.020531502761863055,13,knot_research.db
40754,13n_1677,1,119,118,0.1396387983312241,13,knot_research.db
40755,13n_1545,1,117,116,0.007016495202594185,13,knot_research.db
40756,13n_2930,1,111,109,0.03005165285702222,13,knot_research.db
40757,13n_1706,1,119,118,0.07235534926180366,13,knot_research.db
40758,13n_1536,1,109,108,0.18846316774095082,13,knot_research.db
40759,13n_1654,1,111,110,0.212632194629909,13,knot_research.db
40760,13n_2960,1,115,114,0.068259427403465,13,knot_research.db
40761,13n_1862,1,107,106,0.14569187595061786,13,knot_research.db
40762,13n_2991,1,117,116,0.20735950035716466,13,knot_research.db
40763,13n_1352,1,113,111,0.029622231318501682,13,knot_research.db
40764,13n_387,1,109,108,0.26094792368852876,13,knot_research.db
40765,13n_3024,1,107,106,0.025503815628488895,13,knot_research.db
40766,13n_3259,1,105,104,0.2749192698299154,13,knot_research.db
40767,13n_2918,1,105,103,0.059885162434385374,13,knot_research.db
40768,13n_3141,1,107,106,0.19452352235622683,13,knot_research.db
40769,13n_2950,1,115,113,0.012125698933435822,13,knot_research.db
40770,13n_1556,1,115,114,0.13774163219435392,13,knot_research.db
40771,13n_1615,1,103,102,0.13582547239096399,13,knot_research.db
40772,13n_1565,1,111,110,0.0729700262526316,13,knot_research.db
40773,13n_1723,1,105,104,0.11166508353915708,13,knot_research.db
40774,13n_668,1,121,120,0.18975129452918166,13,knot_research.db
40775,13n_2980,1,105,104,0.3485619141534934,13,knot_research.db
40776,13n_3011,1,115,114,0.01997735423600777,13,knot_research.db
40777,13n_3279,1,107,106,0.17830393240368678,13,knot_research.db
40778,13n_1882,1,113,112,0.04894539891372215,13,knot_research.db
40779,13n_3161,1,115,114,0.16235724326672948,13,knot_research.db
40780,13n_3044,1,105,104,0.019298209311536235,13,knot_research.db
40781,13n_2938,1,107,106,0.00479363855999443,13,knot_research.db
40782,13n_1697,1,97,96,0.083275464519643,13,knot_research.db
40783,13n_1726,1,105,104,0.07457603656051942,13,knot_research.db
40784,13n_1674,1,113,111,0.022167111506111115,13,knot_research.db
40785,13n_407,1,111,109,0.019627745989677682,13,knot_research.db
40786,13n_1635,1,105,104,0.1658124063260966,13,knot_research.db
40787,13n_2970,1,125,124,0.08162947475960045,13,knot_research.db
40788,13n_1372,1,105,104,0.031622440676247865,13,knot_research.db
40789,13n_1743,1,111,109,0.020976030534099504,13,knot_research.db
40790,13n_3000,1,117,116,0.02876085289608916,13,knot_research.db
40791,13n_1585,1,111,109,0.014478559200030333,13,knot_research.db
40792,13n_3299,1,113,112,0.23202123567332836,13,knot_research.db
40793,13n_3064,1,113,112,0.17433148998851233,13,knot_research.db
40794,13n_2958,1,107,107,0.10830188627540262,13,knot_research.db
40795,13n_1746,1,113,111,0.014813076848494571,13,knot_research.db
40796,13n_1576,1,115,113,0.0057260809811598085,13,knot_research.db
40797,13n_1717,1,97,96,0.029097702911018847,13,knot_research.db
40798,13n_1902,1,111,110,0.020661836848523504,13,knot_research.db
40799,13n_3181,1,109,107,0.030788224470370183,13,knot_research.db
40800,13n_1655,1,117,115,0.010605159051922134,13,knot_research.db
40801,13n_3031,1,119,118,0.2183423627831323,13,knot_research.db
40802,13n_1392,1,115,113,0.032666444897014695,13,knot_research.db
40803,13n_688,1,109,108,0.014113035620886285,13,knot_research.db
40804,13n_1694,1,103,102,0.00986417790344892,13,knot_research.db
40805,13n_427,1,109,109,0.2805153179142976,13,knot_research.db
40806,13n_3319,1,111,110,0.19381373757161288,13,knot_research.db
40807,13n_1605,1,113,112,0.0062867931282689525,13,knot_research.db
40808,13n_3020,1,105,104,0.1595000336786812,13,knot_research.db
40809,13n_3084,1,113,112,0.0022803023403925333,13,knot_research.db
40810,13n_2978,1,113,112,0.021982111425458917,13,knot_research.db
40811,13n_1737,1,99,98,0.05542929596705921,13,knot_research.db
40812,13n_1763,1,107,107,0.1328326334698264,13,knot_research.db
40813,13n_1766,1,111,110,0.09317199332323167,13,knot_research.db
40814,13n_2990,1,115,114,0.09166857750004752,13,knot_research.db
40815,13n_1596,1,109,108,0.03575789395062967,13,knot_research.db
40816,13n_1922,1,113,112,0.038788780189414895,13,knot_research.db
40817,13n_3051,1,109,108,0.09131882463782226,13,knot_research.db
40818,13n_1714,1,117,116,0.05832540016294106,13,knot_research.db
40819,13n_3040,1,107,106,0.07125451062004293,13,knot_research.db
40820,13n_3201,1,117,116,0.1990773724234161,13,knot_research.db
40821,13n_3104,1,111,110,0.25260586386802436,13,knot_research.db
40822,13n_2998,1,109,108,0.10066515749860679,13,knot_research.db
40823,13n_1675,1,119,118,0.03600882716663027,13,knot_research.db
40824,13n_1757,1,97,96,0.04840759482384842,13,knot_research.db
40825,13n_1412,1,109,108,0.17782153324356367,13,knot_research.db
40826,13n_1625,1,113,112,0.019368150229535502,13,knot_research.db
40827,13n_708,1,109,108,0.020747949074186058,13,knot_research.db
40828,13n_447,1,113,112,0.008133360761737086,13,knot_research.db
40829,13n_3071,1,105,104,0.03791001106968852,13,knot_research.db
40830,13n_1783,1,107,106,0.2253938173393875,13,knot_research.db
40831,13n_3010,1,115,114,0.16331790044431396,13,knot_research.db
40832,13n_3339,1,103,102,0.1475210920003906,13,knot_research.db
40833,13n_1786,1,109,109,0.259023055053033,13,knot_research.db
40834,13n_1616,1,113,112,0.00456441313129425,13,knot_research.db
40835,13n_3060,1,117,116,0.07533765366399651,13,knot_research.db
40836,13n_1942,1,109,108,0.18904226984656164,13,knot_research.db
40837,13n_3018,1,107,106,0.30002453196806617,13,knot_research.db
40838,13n_3221,1,109,108,0.0061887031229960875,13,knot_research.db
40839,13n_1777,1,113,111,0.01457299566782224,13,knot_research.db
40840,13n_1734,1,99,98,0.02874710683435344,13,knot_research.db
40841,13n_3124,1,115,114,0.05726041713844836,13,knot_research.db
40842,13n_3091,1,115,114,0.18084711918995416,13,knot_research.db
40843,13n_1645,1,113,112,0.018754190238767777,13,knot_research.db
40844,13n_1432,1,107,106,0.27434830604039045,13,knot_research.db
40845,13n_3359,1,111,110,0.010046337440704892,13,knot_research.db
40846,13n_1803,1,105,104,0.026637747603256552,13,knot_research.db
40847,13n_3030,1,119,118,0.208730093036724,13,knot_research.db
40848,13n_1695,1,103,102,0.10792350165011905,13,knot_research.db
40849,13n_3038,1,123,122,0.17536889571499215,13,knot_research.db
40850,13n_3241,1,111,110,0.07639557896336197,13,knot_research.db
40851,13n_1806,1,105,104,0.09358423843424714,13,knot_research.db
40852,13n_728,1,107,106,0.253487112377983,13,knot_research.db
40853,13n_467,1,109,107,0.005855807951162047,13,knot_research.db
40854,13n_1636,1,99,98,0.009731816533352157,13,knot_research.db
40855,13n_1754,1,101,101,0.08532811968981907,13,knot_research.db
40856,13n_3080,1,109,107,0.04615487369518862,13,knot_research.db
40857,13n_1962,1,111,110,0.04498165471346663,13,knot_research.db
40858,13n_1797,1,117,116,0.09594507942239913,13,knot_research.db
40859,13n_3379,1,111,110,0.09018413610636082,13,knot_research.db
40860,13n_3144,1,115,114,0.07876137078947626,13,knot_research.db
40861,13n_3111,1,111,110,0.029442675922100807,13,knot_research.db
40862,13n_1665,1,111,110,0.20498693171814508,13,knot_research.db
40863,13n_1715,1,107,106,0.007564524454023569,13,knot_research.db
40864,13n_1823,1,105,104,0.0170166975753919,13,knot_research.db
40865,13n_1452,1,115,114,0.27474876716137697,13,knot_research.db
40866,13n_3050,1,109,108,0.14358329329316852,13,knot_research.db
40867,13n_1826,1,109,108,0.1305043663121427,13,knot_research.db
40868,13n_3261,1,103,102,0.20499228925971294,13,knot_research.db
40869,13n_1774,1,111,109,0.02790922430746129,13,knot_research.db
40870,13n_3058,1,113,112,0.09767241052633392,13,knot_research.db
40871,13n_3100,1,103,102,0.14475921608827494,13,knot_research.db
40872,13n_1656,1,117,116,0.15291116244560365,13,knot_research.db
40873,13n_748,1,121,120,0.21604163500394047,13,knot_research.db
40874,13n_1982,1,111,110,0.12674978161520428,13,knot_research.db
40875,13n_1735,1,93,93,0.16539812889658295,13,knot_research.db
40876,13n_3399,1,111,110,0.1029987496772655,13,knot_research.db
40877,13n_3131,1,111,110,0.20498693171882623,13,knot_research.db
40878,13n_1843,1,105,104,0.1166992689352746,13,knot_research.db
40879,13n_1817,1,97,97,0.20904567604391203,13,knot_research.db
40880,13n_3281,1,113,112,0.04699462449781085,13,knot_research.db
40881,13n_3070,1,107,106,0.025038791244874146,13,knot_research.db
40882,13n_1685,1,117,115,0.01384344765861119,13,knot_research.db
40883,13n_487,1,113,111,0.017071920816862828,13,knot_research.db
40884,13n_3164,1,107,106,0.056448140640307204,13,knot_research.db
40885,13n_3120,1,107,106,0.1841254824853919,13,knot_research.db
40886,13n_1472,1,109,108,0.0494062170260847,13,knot_research.db
40887,13n_1846,1,123,122,0.13884091418139427,13,knot_research.db
40888,13n_3078,1,111,110,0.09040903635332369,13,knot_research.db
40889,13n_1755,1,103,102,0.053097359841302864,13,knot_research.db
40890,13n_3419,1,109,108,0.3079017400995766,13,knot_research.db
40891,13n_1794,1,115,114,0.22512319898967983,13,knot_research.db
40892,13n_3090,1,121,120,0.1808471191900254,13,knot_research.db
40893,13n_3151,1,109,108,0.2364426589907583,13,knot_research.db
40894,13n_3184,1,105,104,0.09697043761879111,13,knot_research.db
40895,13n_2002,1,109,108,0.014967787018616605,13,knot_research.db
40896,13n_1863,1,109,108,0.017767014699704053,13,knot_research.db
40897,13n_3140,1,111,110,0.0637320757943698,13,knot_research.db
40898,13n_1837,1,103,103,0.23798253683024798,13,knot_research.db
40899,13n_1676,1,121,120,0.11810275000365561,13,knot_research.db
40900,13n_3301,1,113,112,0.004186394867149903,13,knot_research.db
40901,13n_3098,1,107,106,0.014630481482916536,13,knot_research.db
40902,13n_1775,1,111,110,0.21438179847169567,13,knot_research.db
40903,13n_1492,1,113,112,0.03790257783564031,13,knot_research.db
40904,13n_768,1,107,105,0.023453291897160125,13,knot_research.db
40905,13n_3204,1,121,120,0.17980441355457857,13,knot_research.db
40906,13n_1705,1,123,122,0.041385871955574464,13,knot_research.db
40907,13n_3439,1,103,102,0.10035531258610102,13,knot_research.db
40908,13n_3160,1,121,120,0.04212368384568857,13,knot_research.db
40909,13n_3171,1,111,110,0.08978095255712333,13,knot_research.db
40910,13n_1866,1,105,104,0.2077925619493622,13,knot_research.db
40911,13n_1814,1,105,104,0.040503133187207004,13,knot_research.db
40912,13n_507,1,113,112,0.10810327924782319,13,knot_research.db
40913,13n_1857,1,113,112,0.014963848286435245,13,knot_research.db
40914,13n_2022,1,107,106,0.007535422393869118,13,knot_research.db
40915,13n_3321,1,115,114,0.021715770489855613,13,knot_research.db
40916,13n_1883,1,115,114,0.24485533857365308,13,knot_research.db
40917,13n_3118,1,109,108,0.04299875968924885,13,knot_research.db
40918,13n_3459,1,111,110,0.24731277249457356,13,knot_research.db
40919,13n_3110,1,111,110,0.06331252569283108,13,knot_research.db
40920,13n_1696,1,101,101,0.022397594798896924,13,knot_research.db
40921,13n_3191,1,119,118,0.16990772129164328,13,knot_research.db
40922,13n_788,1,115,114,0.24576435611464284,13,knot_research.db
40923,13n_1795,1,111,110,0.01552945147414771,13,knot_research.db
40924,13n_3138,1,107,106,0.23697070661261443,13,knot_research.db
40925,13n_3224,1,109,108,0.03846618969798035,13,knot_research.db
40926,13n_1834,1,107,107,0.10400891287501916,13,knot_research.db
40927,13n_1512,1,107,106,0.19320153658346093,13,knot_research.db
40928,13n_3479,1,107,106,0.0414407698650579,13,knot_research.db
40929,13n_1877,1,105,104,0.17852502168986623,13,knot_research.db
40930,13n_2042,1,111,110,0.04723406048812173,13,knot_research.db
40931,13n_3341,1,105,104,0.18911433156819982,13,knot_research.db
40932,13n_3180,1,119,118,0.03211232891015462,13,knot_research.db
40933,13n_3130,1,119,118,0.12538933760201634,13,knot_research.db
40934,13n_1886,1,105,104,0.006900954761639188,13,knot_research.db
40935,13n_1716,1,99,99,0.150122500474958,13,knot_research.db
40936,13n_1725,1,103,102,0.06584807464986048,13,knot_research.db
40937,13n_1903,1,113,112,0.1431760623820314,13,knot_research.db
40938,13n_527,1,109,108,0.2038946112579439,13,knot_research.db
40939,13n_3244,1,107,106,0.0026740441853069716,13,knot_research.db
40940,13n_3211,1,109,108,0.01158733982011123,13,knot_research.db
40941,13n_1854,1,109,108,0.14640101184411464,13,knot_research.db
40942,13n_3158,1,97,96,0.003619559026755824,13,knot_research.db
40943,13n_1815,1,103,102,0.05567461682450171,13,knot_research.db
40944,13n_3499,1,113,112,0.11873481572234157,13,knot_research.db
40945,13n_3361,1,113,112,0.10935796577891532,13,knot_research.db
40946,13n_1532,1,107,106,0.1761350057368994,13,knot_research.db
40947,13n_1897,1,111,110,0.00572007134803171,13,knot_research.db
40948,13n_1745,1,113,112,0.1284887506776491,13,knot_research.db
40949,13n_1736,1,91,90,0.09017882463238965,13,knot_research.db
40950,13n_1906,1,109,108,0.011261641184602707,13,knot_research.db
40951,13n_2062,1,119,118,0.054060712426972204,13,knot_research.db
40952,13n_3200,1,109,108,0.32981637747531806,13,knot_research.db
40953,13n_3150,1,107,106,0.013677104622785295,13,knot_research.db
40954,13n_3264,1,109,107,0.056902820541027604,13,knot_research.db
40955,13n_808,1,107,106,0.20077687280212705,13,knot_research.db
40956,13n_3231,1,107,106,0.21665449121648025,13,knot_research.db
40957,13n_3178,1,115,114,0.2428895506775919,13,knot_research.db
40958,13n_3381,1,99,99,0.23982818341652992,13,knot_research.db
40959,13n_1835,1,105,104,0.02756837652880537,13,knot_research.db
40960,13n_1874,1,105,104,0.01978845742131507,13,knot_research.db
40961,13n_1923,1,113,112,0.031923158973062776,13,knot_research.db
40962,13n_3519,1,121,120,0.025203508107055114,13,knot_research.db
40963,13n_547,1,111,109,0.018738289988822827,13,knot_research.db
40964,13n_1917,1,113,112,0.14681895047966365,13,knot_research.db
40965,13n_3170,1,107,106,0.17022334558831026,13,knot_research.db
40966,13n_1756,1,97,96,0.01613171414427289,13,knot_research.db
40967,13n_1552,1,107,105,0.014913196015103655,13,knot_research.db
40968,13n_3220,1,105,104,0.1772363055025124,13,knot_research.db
40969,13n_1926,1,109,108,0.04898898009382678,13,knot_research.db
40970,13n_1765,1,113,112,0.06705353780830023,13,knot_research.db
40971,13n_3284,1,109,108,0.13316652684531194,13,knot_research.db
40972,13n_3198,1,111,110,0.2658903061820869,13,knot_research.db
40973,13n_3401,1,111,110,0.039242646299376995,13,knot_research.db
40974,13n_3251,1,105,104,0.08754914702518306,13,knot_research.db
40975,13n_1855,1,103,103,0.16041098381179397,13,knot_research.db
40976,13n_1894,1,111,110,0.15786316449257964,13,knot_research.db
40977,13n_828,1,107,106,0.016668877485656562,13,knot_research.db
40978,13n_3240,1,105,104,0.2153249916117803,13,knot_research.db
40979,13n_2082,1,111,110,0.10757796689495015,13,knot_research.db
40980,13n_3190,1,111,110,0.005256969977867026,13,knot_research.db
40981,13n_1776,1,113,112,0.11872470843942573,13,knot_research.db
40982,13n_1943,1,113,112,0.01419118651654194,13,knot_research.db
40983,13n_1937,1,105,104,0.012735961441249619,13,knot_research.db
40984,13n_1572,1,111,110,0.17520724515879765,13,knot_research.db
40985,13n_3271,1,111,110,0.058562419884674186,13,knot_research.db
40986,13n_1946,1,105,105,0.18563973740841508,13,knot_research.db
40987,13n_3421,1,107,106,0.0039698078691339,13,knot_research.db
40988,13n_3304,1,107,106,0.09926278236467484,13,knot_research.db
40989,13n_567,1,107,106,0.003131323023788439,13,knot_research.db
40990,13n_1785,1,107,106,0.021951036268923026,13,knot_research.db
40991,13n_3218,1,105,104,0.2483069779370374,13,knot_research.db
40992,13n_3539,1,113,112,0.0686039303168889,13,knot_research.db
40993,13n_3260,1,105,104,0.28141882697582354,13,knot_research.db
40994,13n_1875,1,105,104,0.018960533890868797,13,knot_research.db
40995,13n_1914,1,109,108,0.27977348970330385,13,knot_research.db
40996,13n_3210,1,107,106,0.13460725544765567,13,knot_research.db
40997,13n_2102,1,105,105,0.053194598002827644,13,knot_research.db
40998,13n_3324,1,111,110,0.051675294380538535,13,knot_research.db
40999,13n_1796,1,117,116,0.0650854344410404,13,knot_research.db
41000,13n_3441,1,103,102,0.15631504840316335,13,knot_research.db
41001,13n_848,1,107,105,0.025346566791936677,13,knot_research.db
41002,13n_1957,1,103,102,0.028140002193825765,13,knot_research.db
41003,13n_3291,1,109,108,0.019674450963978362,13,knot_research.db
41004,13n_1966,1,107,106,0.07345898304502074,13,knot_research.db
41005,13n_1963,1,109,108,0.011153796685500254,13,knot_research.db
41006,13n_1805,1,101,100,0.010771047157966977,13,knot_research.db
41007,13n_1592,1,123,122,0.1777570859335906,13,knot_research.db
41008,13n_3238,1,109,108,0.0020080340564315492,13,knot_research.db
41009,13n_3280,1,107,106,0.013725051468567463,13,knot_research.db
41010,13n_3559,1,109,108,0.11997805434306319,13,knot_research.db
41011,13n_587,1,103,103,0.12812814165429348,13,knot_research.db
41012,13n_1895,1,113,112,0.03481853296470799,13,knot_research.db
41013,13n_3461,1,107,106,0.2840201906927328,13,knot_research.db
41014,13n_3344,1,111,110,0.1589772445757359,13,knot_research.db
41015,13n_3230,1,107,106,0.2138763272582496,13,knot_research.db
41016,13n_1934,1,109,108,0.09050173307125468,13,knot_research.db
41017,13n_3311,1,113,112,0.13082014436107267,13,knot_research.db
41018,13n_2122,1,107,106,0.008903693047644223,13,knot_research.db
41019,13n_1977,1,119,118,0.013373421402927617,13,knot_research.db
41020,13n_1986,1,111,110,0.20827132857098118,13,knot_research.db
41021,13n_1983,1,109,108,0.04590500702119215,13,knot_research.db
41022,13n_1825,1,111,110,0.028739833913671794,13,knot_research.db
41023,13n_868,1,109,108,0.03056577665518285,13,knot_research.db
41024,13n_3258,1,111,110,0.05117063595803288,13,knot_research.db
41025,13n_1816,1,105,104,0.015800994720377746,13,knot_research.db
41026,13n_3300,1,109,108,0.10309571264070908,13,knot_research.db
41027,13n_3579,1,107,106,0.20315036626151659,13,knot_research.db
41028,13n_3481,1,109,109,0.1658219585635758,13,knot_research.db
41029,13n_3364,1,103,102,0.025750740883715553,13,knot_research.db
41030,13n_1915,1,113,112,0.004211909595010394,13,knot_research.db
41031,13n_607,1,103,103,0.143778155081589,13,knot_research.db
41032,13n_1954,1,103,102,0.06723755011115813,13,knot_research.db
41033,13n_3250,1,111,110,0.0052581713914386695,13,knot_research.db
41034,13n_2142,1,111,110,0.005449552804046132,13,knot_research.db
41035,13n_2003,1,107,106,0.014077040409727497,13,knot_research.db
41036,13n_3320,1,111,110,0.0017006309742350154,13,knot_research.db
41037,13n_1612,1,117,116,0.027630005660968713,13,knot_research.db
41038,13n_1836,1,99,99,0.017874163436843872,13,knot_research.db
41039,13n_3278,1,109,108,0.056402406047869655,13,knot_research.db
41040,13n_3599,1,107,106,0.0748530325379022,13,knot_research.db
41041,13n_1845,1,113,112,0.09462894471972282,13,knot_research.db
41042,13n_3384,1,107,106,0.10631802668989437,13,knot_research.db
41043,13n_3501,1,111,110,0.00393093578746177,13,knot_research.db
41044,13n_888,1,109,108,0.007385310688063909,13,knot_research.db
41045,13n_1997,1,121,120,0.1984526514052161,13,knot_research.db
41046,13n_3331,1,113,112,0.06083935877602402,13,knot_research.db
41047,13n_2006,1,109,108,0.003003375413456108,13,knot_research.db
41048,13n_1974,1,117,116,0.05125925120462916,13,knot_research.db
41049,13n_1935,1,105,104,0.192331965125844,13,knot_research.db
41050,13n_3619,1,105,104,0.26130351523670187,13,knot_research.db
41051,13n_627,1,111,110,0.01142222095829852,13,knot_research.db
41052,13n_3270,1,109,108,0.18313970715074945,13,knot_research.db
41053,13n_1856,1,107,106,0.017333767774973686,13,knot_research.db
41054,13n_3340,1,107,106,0.050517613503433006,13,knot_research.db
41055,13n_3298,1,117,116,0.034714584768436474,13,knot_research.db
41056,13n_3404,1,113,112,0.050039065114080766,13,knot_research.db
41057,13n_2162,1,107,106,0.14557636659981402,13,knot_research.db
41058,13n_2023,1,107,106,0.07808043315027151,13,knot_research.db
41059,13n_3351,1,105,105,0.005486500016573452,13,knot_research.db
41060,13n_3639,1,115,114,0.06627397738483498,13,knot_research.db
41061,13n_1955,1,105,104,0.04956715764273896,13,knot_research.db
41062,13n_3360,1,109,108,0.27662510170064686,13,knot_research.db
41063,13n_3521,1,121,120,0.10179267906843577,13,knot_research.db
41064,13n_3290,1,111,110,0.14331745578027064,13,knot_research.db
41065,13n_1865,1,107,106,0.0538878144431158,13,knot_research.db
41066,13n_908,1,107,106,0.20521655153287185,13,knot_research.db
41067,13n_2026,1,111,110,0.2201181898108481,13,knot_research.db
41068,13n_3424,1,103,102,0.06175407146815165,13,knot_research.db
41069,13n_2017,1,115,114,0.20957748378135393,13,knot_research.db
41070,13n_1632,1,105,104,0.12843657114650264,13,knot_research.db
41071,13n_3371,1,113,112,0.003217945851736087,13,knot_research.db
41072,13n_1876,1,103,103,0.2461177834087645,13,knot_research.db
41073,13n_2043,1,111,110,0.18321426509223301,13,knot_research.db
41074,13n_1994,1,107,106,0.036010332004784464,13,knot_research.db
41075,13n_3318,1,109,108,0.16044206430814822,13,knot_research.db
41076,13n_647,1,111,110,0.12042548272711028,13,knot_research.db
41077,13n_2182,1,117,116,0.0021607948792497105,13,knot_research.db
41078,13n_3659,1,107,106,0.02082379751103571,13,knot_research.db
41079,13n_3380,1,107,106,0.03248184400584908,13,knot_research.db
41080,13n_3444,1,105,104,0.04744199668024313,13,knot_research.db
41081,13n_1975,1,111,110,0.007662719795811227,13,knot_research.db
41082,13n_1885,1,107,106,0.007654124976590007,13,knot_research.db
41083,13n_1896,1,115,114,0.27108893341619056,13,knot_research.db
41084,13n_928,1,109,108,0.16410357672417472,13,knot_research.db
41085,13n_1652,1,121,120,0.10186183891265242,13,knot_research.db
41086,13n_3679,1,115,114,0.026856665844404267,13,knot_research.db
41087,13n_2014,1,109,108,0.05086134116681782,13,knot_research.db
41088,13n_3464,1,111,110,0.09341073428034442,13,knot_research.db
41089,13n_3400,1,105,104,0.2375676565913645,13,knot_research.db
41090,13n_2063,1,111,110,0.0026123291452733724,13,knot_research.db
41091,13n_2037,1,117,116,0.18628654394664815,13,knot_research.db
41092,13n_3310,1,113,112,0.16016245690485773,13,knot_research.db
41093,13n_2046,1,107,107,0.11731620009683098,13,knot_research.db
41094,13n_3391,1,105,104,0.17807106107368137,13,knot_research.db
41095,13n_667,1,119,118,0.03558901634482393,13,knot_research.db
41096,13n_3541,1,109,108,0.004827218037045246,13,knot_research.db
41097,13n_2202,1,107,106,0.05255315434625592,13,knot_research.db
41098,13n_1905,1,107,106,0.022427139769628228,13,knot_research.db
41099,13n_3338,1,107,106,0.06727881426793399,13,knot_research.db
41100,13n_3484,1,111,110,0.061694111741771994,13,knot_research.db
41101,13n_3411,1,109,108,0.08951197195900917,13,knot_research.db
41102,13n_3420,1,109,108,0.1602638004695583,13,knot_research.db
41103,13n_3699,1,109,108,0.02906160938038455,13,knot_research.db
41104,13n_3330,1,117,116,0.08118770243111868,13,knot_research.db
41105,13n_2066,1,115,114,0.006154769360977313,13,knot_research.db
41106,13n_2034,1,109,108,0.0373756053633142,13,knot_research.db
41107,13n_1916,1,109,109,0.01578422499701282,13,knot_research.db
41108,13n_1995,1,119,118,0.03283115396884958,13,knot_research.db
41109,13n_3561,1,109,108,0.17473020551703478,13,knot_research.db
41110,13n_948,1,107,105,0.007699360403585886,13,knot_research.db
41111,13n_3358,1,109,109,0.08224158469847487,13,knot_research.db
41112,13n_2057,1,105,104,0.20557441642376617,13,knot_research.db
41113,13n_2222,1,107,106,0.007891366587364375,13,knot_research.db
41114,13n_1925,1,107,106,0.08304397533312517,13,knot_research.db
41115,13n_1672,1,113,112,0.05426444113949489,13,knot_research.db
41116,13n_2083,1,109,108,0.07274122172235271,13,knot_research.db
41117,13n_3504,1,119,118,0.15707479587535905,13,knot_research.db
41118,13n_3440,1,107,106,0.1352520341055651,13,knot_research.db
41119,13n_3431,1,103,103,0.009508415279301253,13,knot_research.db
41120,13n_3719,1,109,108,0.24485691684742492,13,knot_research.db
41121,13n_3350,1,109,108,0.05130536973234986,13,knot_research.db
41122,13n_3581,1,107,106,0.026568795704849452,13,knot_research.db
41123,13n_1936,1,105,104,0.04851758417894111,13,knot_research.db
41124,13n_3378,1,117,116,0.12442733705480892,13,knot_research.db
41125,13n_2077,1,109,108,0.09989994281644163,13,knot_research.db
41126,13n_687,1,109,108,0.2170417685966089,13,knot_research.db
41127,13n_2054,1,109,108,0.09673549092640077,13,knot_research.db
41128,13n_968,1,109,107,0.02529696978980103,13,knot_research.db
41129,13n_2242,1,107,106,0.11424986601731776,13,knot_research.db
41130,13n_2103,1,113,112,0.21982635691408395,13,knot_research.db
41131,13n_3460,1,107,106,0.24207575156211295,13,knot_research.db
41132,13n_2015,1,109,108,0.010020699646970251,13,knot_research.db
41133,13n_3451,1,105,104,0.025896373121932135,13,knot_research.db
41134,13n_1945,1,105,105,0.018827683358268777,13,knot_research.db
41135,13n_3739,1,115,113,0.014903697877153793,13,knot_research.db
41136,13n_3601,1,107,106,0.005089505744652544,13,knot_research.db
41137,13n_3524,1,109,108,0.012795798498928309,13,knot_research.db
41138,13n_3370,1,115,114,0.004432114393369149,13,knot_research.db
41139,13n_1692,1,93,93,0.1560237375436795,13,knot_research.db
41140,13n_1956,1,109,108,0.11038461214591715,13,knot_research.db
41141,13n_3480,1,107,106,0.026853022134847297,13,knot_research.db
41142,13n_3471,1,109,108,0.20347425923867873,13,knot_research.db
41143,13n_2097,1,119,118,0.14833407728682374,13,knot_research.db
41144,13n_3398,1,109,109,0.18644271284439343,13,knot_research.db
41145,13n_2262,1,117,116,0.1583313444339436,13,knot_research.db
41146,13n_2074,1,107,107,0.15669448759943747,13,knot_research.db
41147,13n_1965,1,103,102,0.03274536965177821,13,knot_research.db
41148,13n_3759,1,105,103,0.005538924776749157,13,knot_research.db
41149,13n_3544,1,107,106,0.02254682348658311,13,knot_research.db
41150,13n_3621,1,109,108,0.010909152907509228,13,knot_research.db
41151,13n_2086,1,117,116,0.1627099043972602,13,knot_research.db
41152,13n_2035,1,113,112,0.042453524122000943,13,knot_research.db
41153,13n_707,1,111,110,0.12176163963481634,13,knot_research.db
41154,13n_1712,1,113,112,0.18103017169909502,13,knot_research.db
41155,13n_988,1,109,107,0.013096928309178467,13,knot_research.db
41156,13n_2123,1,109,108,0.0959361999977287,13,knot_research.db
41157,13n_3500,1,109,108,0.18308449301294524,13,knot_research.db
41158,13n_3390,1,113,111,0.015218808065241398,13,knot_research.db
41159,13n_1976,1,115,114,0.23154186645332095,13,knot_research.db
41160,13n_3418,1,111,110,0.07342260898976768,13,knot_research.db
41161,13n_3641,1,109,107,0.01817748891319894,13,knot_research.db
41162,13n_2094,1,113,112,0.011978579595100984,13,knot_research.db
41163,13n_1985,1,119,118,0.06691970136938569,13,knot_research.db
41164,13n_3779,1,109,107,0.01816317412830317,13,knot_research.db
41165,13n_3491,1,105,104,0.01025041085482401,13,knot_research.db
41166,13n_2117,1,107,106,0.031462739517984145,13,knot_research.db
41167,13n_2055,1,107,106,0.30215090498511965,13,knot_research.db
41168,13n_3564,1,105,105,0.15226498153781734,13,knot_research.db
41169,13n_2143,1,111,110,0.26110630384393574,13,knot_research.db
41170,13n_2282,1,113,112,0.011030289780601148,13,knot_research.db
41171,13n_3520,1,121,120,0.11999541897042722,13,knot_research.db
41172,13n_2106,1,109,109,0.16557488664110684,13,knot_research.db
41173,13n_727,1,101,100,0.010403815205841379,13,knot_research.db
41174,13n_1008,1,107,106,0.011577242499376604,13,knot_research.db
41175,13n_3438,1,111,110,0.052234648178413993,13,knot_research.db
41176,13n_3661,1,105,104,0.0037910830871666426,13,knot_research.db
41177,13n_3410,1,109,107,0.04373705599121793,13,knot_research.db
41178,13n_1732,1,105,104,0.032056603326543996,13,knot_research.db
41179,13n_3799,1,101,101,0.19485559221354004,13,knot_research.db
41180,13n_3511,1,107,106,0.020153593980164076,13,knot_research.db
41181,13n_1996,1,107,106,0.15482470657658728,13,knot_research.db
41182,13n_3584,1,105,104,0.07928338221516637,13,knot_research.db
41183,13n_2137,1,105,104,0.01289715915083091,13,knot_research.db
41184,13n_2114,1,101,100,0.018565017881525463,13,knot_research.db
41185,13n_3681,1,109,108,0.12620160410053533,13,knot_research.db
41186,13n_2075,1,103,102,0.08656512800078914,13,knot_research.db
41187,13n_2005,1,113,112,0.023219967278840414,13,knot_research.db
41188,13n_2302,1,113,113,0.1387394112054646,13,knot_research.db
41189,13n_3819,1,115,113,0.013251274095928566,13,knot_research.db
41190,13n_3458,1,115,114,0.10225106907709065,13,knot_research.db
41191,13n_747,1,121,120,0.18076812799432262,13,knot_research.db
41192,13n_2163,1,109,108,0.010202698689489038,13,knot_research.db
41193,13n_1752,1,99,99,0.1399896491805062,13,knot_research.db
41194,13n_3531,1,107,106,0.2300613403940931,13,knot_research.db
41195,13n_2126,1,113,112,0.015176075840651233,13,knot_research.db
41196,13n_3604,1,113,112,0.04649378572798439,13,knot_research.db
41197,13n_3430,1,105,104,0.0659916603805338,13,knot_research.db
41198,13n_3540,1,109,108,0.2332128113243483,13,knot_research.db
41199,13n_1028,1,115,114,0.17843506500370832,13,knot_research.db
41200,13n_2157,1,109,108,0.003086891289770565,13,knot_research.db
41201,13n_3701,1,109,108,0.03042944841657654,13,knot_research.db
41202,13n_2134,1,103,102,0.023336787532932536,13,knot_research.db
41203,13n_2095,1,111,110,0.006814933912935665,13,knot_research.db
41204,13n_3478,1,105,105,0.04532934167617547,13,knot_research.db
41205,13n_3624,1,111,110,0.0034719958197368863,13,knot_research.db
41206,13n_2016,1,115,113,0.01258077309771348,13,knot_research.db
41207,13n_3551,1,115,114,0.11382624806904504,13,knot_research.db
41208,13n_2025,1,115,114,0.27108893341561036,13,knot_research.db
41209,13n_3450,1,107,106,0.021272025296246062,13,knot_research.db
41210,13n_3839,1,109,108,0.05653663746730539,13,knot_research.db
41211,13n_2322,1,109,108,0.2936352797513368,13,knot_research.db
41212,13n_3560,1,109,108,0.054698979831038275,13,knot_research.db
41213,13n_1772,1,115,114,0.041478648524649005,13,knot_research.db
41214,13n_3721,1,111,110,0.2820179991268019,13,knot_research.db
41215,13n_2146,1,111,110,0.06502594905576094,13,knot_research.db
41216,13n_2154,1,107,106,0.21369736673393977,13,knot_research.db
41217,13n_2177,1,115,114,0.13365104594303717,13,knot_research.db
41218,13n_3498,1,109,108,0.1321881277947148,13,knot_research.db
41219,13n_2183,1,111,110,0.16012087867763727,13,knot_research.db
41220,13n_3470,1,115,114,0.0833350431892147,13,knot_research.db
41221,13n_767,1,107,106,0.22009643721398656,13,knot_research.db
41222,13n_3644,1,103,102,0.0429516618359056,13,knot_research.db
41223,13n_2115,1,107,106,0.2123894220599533,13,knot_research.db
41224,13n_3580,1,109,108,0.007179061993124007,13,knot_research.db
41225,13n_3571,1,107,106,0.011860148018374558,13,knot_research.db
41226,13n_3859,1,117,115,0.016129510568576703,13,knot_research.db
41227,13n_2342,1,115,114,0.012501403286152875,13,knot_research.db
41228,13n_1048,1,107,105,0.022252763406291565,13,knot_research.db
41229,13n_3741,1,115,113,0.006691257565466187,13,knot_research.db
41230,13n_2036,1,117,116,0.0040449297981364945,13,knot_research.db
41231,13n_2045,1,109,108,0.06862406768830381,13,knot_research.db
41232,13n_3518,1,109,108,0.006083008869132167,13,knot_research.db
41233,13n_1792,1,113,112,0.01631964113411921,13,knot_research.db
41234,13n_3664,1,105,104,0.03620639508228614,13,knot_research.db
41235,13n_2166,1,111,110,0.03421383275417408,13,knot_research.db
41236,13n_2174,1,115,114,0.08795839735841285,13,knot_research.db
41237,13n_3490,1,103,102,0.01666574229683565,13,knot_research.db
41238,13n_2135,1,103,102,0.033093218240136286,13,knot_research.db
41239,13n_2197,1,107,106,0.015713720270171053,13,knot_research.db
41240,13n_3879,1,111,111,0.11017885317331898,13,knot_research.db
41241,13n_3591,1,105,104,0.11257269493510376,13,knot_research.db
41242,13n_3600,1,113,112,0.010615469203801948,13,knot_research.db
41243,13n_787,1,111,110,0.04243961675280445,13,knot_research.db
41244,13n_3684,1,113,112,0.058594345475049964,13,knot_research.db
41245,13n_2203,1,103,102,0.0387577911809138,13,knot_research.db
41246,13n_1068,1,113,112,0.08219742914781392,13,knot_research.db
41247,13n_2065,1,115,114,0.167606323921164,13,knot_research.db
41248,13n_3761,1,107,105,0.022856994811273505,13,knot_research.db
41249,13n_2362,1,115,114,0.0305637202776432,13,knot_research.db
41250,13n_2186,1,109,107,0.019474487183539665,13,knot_research.db
41251,13n_1812,1,115,114,0.10262547843444626,13,knot_research.db
41252,13n_3538,1,107,106,0.278666191114227,13,knot_research.db
41253,13n_2194,1,109,108,0.012593666041473972,13,knot_research.db
41254,13n_3510,1,111,109,0.013387402015506998,13,knot_research.db
41255,13n_3611,1,107,106,0.015146648375535237,13,knot_research.db
41256,13n_2056,1,111,110,0.18349129164212874,13,knot_research.db
41257,13n_2217,1,105,104,0.014088892196078428,13,knot_research.db
41258,13n_2155,1,107,106,0.2673855831361123,13,knot_research.db
41259,13n_3899,1,105,103,0.040790055877210456,13,knot_research.db
41260,13n_2223,1,105,104,0.2691441697561451,13,knot_research.db
41261,13n_3620,1,107,106,0.15204032412038748,13,knot_research.db
41262,13n_3704,1,111,110,0.11072004932110109,13,knot_research.db
41263,13n_3781,1,109,107,0.030270268284171425,13,knot_research.db
41264,13n_3558,1,115,114,0.09867698826508507,13,knot_research.db
41265,13n_3631,1,109,108,0.28926769972720445,13,knot_research.db
41266,13n_807,1,109,108,0.1043044611559721,13,knot_research.db
41267,13n_3530,1,105,104,0.08500022648209726,13,knot_research.db
41268,13n_2206,1,111,110,0.03131784617802136,13,knot_research.db
41269,13n_2382,1,119,118,0.1574410503875213,13,knot_research.db
41270,13n_2085,1,107,106,0.16123162165198243,13,knot_research.db
41271,13n_3919,1,107,105,0.0368870622664074,13,knot_research.db
41272,13n_2237,1,105,104,0.03469602383672407,13,knot_research.db
41273,13n_3724,1,113,112,0.08592218076112909,13,knot_research.db
41274,13n_2214,1,111,110,0.10997751615322093,13,knot_research.db
41275,13n_1088,1,107,106,0.007794981023827311,13,knot_research.db
41276,13n_1832,1,109,108,0.04271276595592149,13,knot_research.db
41277,13n_3640,1,107,106,0.1613170782141718,13,knot_research.db
41278,13n_2076,1,109,108,0.09521929837957016,13,knot_research.db
41279,13n_2243,1,111,110,0.23987470758240137,13,knot_research.db
41280,13n_3801,1,107,106,0.2630521372499799,13,knot_research.db
41281,13n_2175,1,115,114,0.04775754121985396,13,knot_research.db
41282,13n_3651,1,107,106,0.0675324521304974,13,knot_research.db
41283,13n_3550,1,109,108,0.02876609197382845,13,knot_research.db
41284,13n_3939,1,105,103,0.04076126628386114,13,knot_research.db
41285,13n_3578,1,105,104,0.023357564342551675,13,knot_research.db
41286,13n_2226,1,111,110,0.015890325894470935,13,knot_research.db
41287,13n_2105,1,109,108,0.19068435075617643,13,knot_research.db
41288,13n_3660,1,101,100,0.045809666055154914,13,knot_research.db
41289,13n_827,1,105,104,0.019967521905780165,13,knot_research.db
41290,13n_2257,1,115,114,0.03161998886069493,13,knot_research.db
41291,13n_2234,1,109,108,0.04802625526149602,13,knot_research.db
41292,13n_3744,1,109,107,0.03305155551864133,13,knot_research.db
41293,13n_2402,1,113,112,0.06754743864011364,13,knot_research.db
41294,13n_3671,1,109,108,0.17495889210341078,13,knot_research.db
41295,13n_1852,1,119,118,0.1936856170216965,13,knot_research.db
41296,13n_2096,1,113,112,0.2407521677142449,13,knot_research.db
41297,13n_3570,1,115,114,0.22491365104551264,13,knot_research.db
41298,13n_1108,1,111,110,0.24143220576515026,13,knot_research.db
41299,13n_3821,1,109,107,0.03174546417741473,13,knot_research.db
41300,13n_2263,1,109,108,0.07086252932630477,13,knot_research.db
41301,13n_3598,1,109,108,0.18833210782365767,13,knot_research.db
41302,13n_3959,1,105,105,0.288600628674814,13,knot_research.db
41303,13n_3680,1,107,106,0.028805257593528182,13,knot_research.db
41304,13n_2246,1,111,110,0.19022074390791124,13,knot_research.db
41305,13n_3764,1,119,117,0.012112381616955943,13,knot_research.db
41306,13n_2195,1,109,108,0.10212018102045631,13,knot_research.db
41307,13n_2254,1,111,110,0.2492654766159985,13,knot_research.db
41308,13n_3691,1,113,112,0.22180464556518276,13,knot_research.db
41309,13n_2277,1,113,112,0.03680917375800141,13,knot_research.db
41310,13n_2125,1,113,112,0.14015049772759944,13,knot_research.db
41311,13n_847,1,109,108,0.13263583307887705,13,knot_research.db
41312,13n_3979,1,93,93,0.02108251422784633,13,knot_research.db
41313,13n_2422,1,117,116,0.018261163304505258,13,knot_research.db
41314,13n_3700,1,115,114,0.03635726770032463,13,knot_research.db
41315,13n_3841,1,105,103,0.06893875841317235,13,knot_research.db
41316,13n_3590,1,107,106,0.03216062346751548,13,knot_research.db
41317,13n_2283,1,109,108,0.017659422585573764,13,knot_research.db
41318,13n_1872,1,111,110,0.027666707700789026,13,knot_research.db
41319,13n_3618,1,113,112,0.08088297565469992,13,knot_research.db
41320,13n_2116,1,109,108,0.14474718026830635,13,knot_research.db
41321,13n_3999,1,103,102,0.03253679526688137,13,knot_research.db
41322,13n_3711,1,107,106,0.17068637279946536,13,knot_research.db
41323,13n_2215,1,105,104,0.005972207727822575,13,knot_research.db
41324,13n_2266,1,103,102,0.06998049150418288,13,knot_research.db
41325,13n_1128,1,113,111,0.024013096203810414,13,knot_research.db
41326,13n_2274,1,115,114,0.20714171838371356,13,knot_research.db
41327,13n_3610,1,109,107,0.04484929942633893,13,knot_research.db
41328,13n_3861,1,115,114,0.011780169442220073,13,knot_research.db
41329,13n_3784,1,111,110,0.23649051107951216,13,knot_research.db
41330,13n_3720,1,107,106,0.025970579852384847,13,knot_research.db
41331,13n_3638,1,111,110,0.03185974007723473,13,knot_research.db
41332,13n_2297,1,115,114,0.07663238620466685,13,knot_research.db
41333,13n_4019,1,113,112,0.1252487695533921,13,knot_research.db
41334,13n_2145,1,111,110,0.06086819152916883,13,knot_research.db
41335,13n_2303,1,115,115,0.04520792116130151,13,knot_research.db
41336,13n_2442,1,113,113,0.14665418707522995,13,knot_research.db
41337,13n_867,1,107,106,0.17196304858218486,13,knot_research.db
41338,13n_1892,1,109,108,0.04353397749826175,13,knot_research.db
41339,13n_2235,1,107,106,0.061997507814519584,13,knot_research.db
41340,13n_3731,1,115,114,0.04416730633130857,13,knot_research.db
41341,13n_2286,1,109,108,0.007216812762189506,13,knot_research.db
41342,13n_3740,1,109,108,0.28986889061188353,13,knot_research.db
41343,13n_2136,1,103,102,0.30088087222413445,13,knot_research.db
41344,13n_3658,1,113,111,0.03097289511619179,13,knot_research.db
41345,13n_3630,1,109,108,0.007960829502310049,13,knot_research.db
41346,13n_3881,1,115,114,0.17676595940953796,13,knot_research.db
41347,13n_4039,1,123,122,0.14006642510328496,13,knot_research.db
41348,13n_3804,1,119,118,0.12436277745404664,13,knot_research.db
41349,13n_1148,1,117,116,0.08080164162413395,13,knot_research.db
41350,13n_2294,1,109,108,0.09899100150654135,13,knot_research.db
41351,13n_2165,1,111,110,0.2931832398661731,13,knot_research.db
41352,13n_2317,1,105,105,0.1603919984042644,13,knot_research.db
41353,13n_2462,1,117,116,0.005977967623216793,13,knot_research.db
41354,13n_2255,1,113,112,0.003192826338086255,13,knot_research.db
41355,13n_3760,1,117,115,0.007521982926235388,13,knot_research.db
41356,13n_2323,1,113,112,0.2391197813770524,13,knot_research.db
41357,13n_1912,1,103,102,0.009543234304002899,13,knot_research.db
41358,13n_3751,1,117,115,0.011857490588991578,13,knot_research.db
41359,13n_3650,1,109,108,0.09521390555671094,13,knot_research.db
41360,13n_2306,1,107,107,0.14105128487296592,13,knot_research.db
41361,13n_2156,1,109,108,0.002498895039010662,13,knot_research.db
41362,13n_3678,1,109,108,0.027442096768598673,13,knot_research.db
41363,13n_887,1,107,106,0.10135282939250727,13,knot_research.db
41364,13n_3901,1,109,107,0.027144450963061832,13,knot_research.db
41365,13n_2314,1,113,112,0.013969392086966907,13,knot_research.db
41366,13n_3824,1,115,114,0.09016631807640446,13,knot_research.db
41367,13n_3670,1,109,108,0.07449777266430245,13,knot_research.db
41368,13n_4059,1,107,107,0.1235011136779545,13,knot_research.db
41369,13n_2337,1,107,106,0.04536558332802067,13,knot_research.db
41370,13n_1932,1,109,108,0.04804267200404465,13,knot_research.db
41371,13n_3698,1,107,106,0.013592365621257896,13,knot_research.db
41372,13n_3921,1,113,111,0.03028720684445307,13,knot_research.db
41373,13n_3771,1,109,108,0.28986888896162316,13,knot_research.db
41374,13n_2185,1,109,108,0.2947022514121014,13,knot_research.db
41375,13n_2482,1,117,116,0.19480471895270285,13,knot_research.db
41376,13n_2343,1,113,112,0.036016929601007885,13,knot_research.db
41377,13n_3780,1,113,112,0.2036152285690187,13,knot_research.db
41378,13n_2275,1,115,114,0.15410016883964978,13,knot_research.db
41379,13n_2326,1,119,118,0.10289883787185843,13,knot_research.db
41380,13n_2176,1,113,112,0.04326533783588092,13,knot_research.db
41381,13n_3844,1,113,111,0.010145614668942392,13,knot_research.db
41382,13n_1168,1,111,110,0.05629235341299741,13,knot_research.db
41383,13n_2334,1,109,108,0.07881873203025114,13,knot_research.db
41384,13n_4079,1,103,102,0.05501101791865045,13,knot_research.db
41385,13n_907,1,109,108,0.15611544421090687,13,knot_research.db
41386,13n_3690,1,107,106,0.01668560300919259,13,knot_research.db
41387,13n_2357,1,115,114,0.01725458535053177,13,knot_research.db
41388,13n_3718,1,107,106,0.010750296896547983,13,knot_research.db
41389,13n_3941,1,105,103,0.041633587363899625,13,knot_research.db
41390,13n_3791,1,119,118,0.19425662626835116,13,knot_research.db
41391,13n_1952,1,109,108,0.08419895144931568,13,knot_research.db
41392,13n_3800,1,119,117,0.011554434242078153,13,knot_research.db
41393,13n_2205,1,109,107,0.022389336852413066,13,knot_research.db
41394,13n_4099,1,105,104,0.21409480297068076,13,knot_research.db
41395,13n_3864,1,119,117,0.03689720750045968,13,knot_research.db
41396,13n_2295,1,119,118,0.007973786121221465,13,knot_research.db
41397,13n_3738,1,105,103,0.006902460493892928,13,knot_research.db
41398,13n_2346,1,115,115,0.23091767850503492,13,knot_research.db
41399,13n_2354,1,115,114,0.04633189239106175,13,knot_research.db
41400,13n_3961,1,105,105,0.24441323998029718,13,knot_research.db
41401,13n_3710,1,109,108,0.059205318708476874,13,knot_research.db
41402,13n_1188,1,115,114,0.009237567747668197,13,knot_research.db
41403,13n_927,1,105,105,0.11519734026988547,13,knot_research.db
41404,13n_2363,1,115,114,0.09443210185303433,13,knot_research.db
41405,13n_2196,1,109,108,0.08494547731036367,13,knot_research.db
41406,13n_2502,1,113,112,0.1905377363763201,13,knot_research.db
41407,13n_1972,1,111,110,0.1725200440416513,13,knot_research.db
41408,13n_4119,1,113,112,0.23661945633031167,13,knot_research.db
41409,13n_3811,1,117,115,0.005573311049453632,13,knot_research.db
41410,13n_2225,1,109,108,0.05457690968060665,13,knot_research.db
41411,13n_3981,1,101,100,0.07199515147561229,13,knot_research.db
41412,13n_3730,1,115,114,0.1099584268217077,13,knot_research.db
41413,13n_3758,1,111,110,0.17809802155648885,13,knot_research.db
41414,13n_3820,1,109,107,0.03614627785230672,13,knot_research.db
41415,13n_2377,1,117,116,0.19480471895518678,13,knot_research.db
41416,13n_3884,1,117,116,0.06912858989963652,13,knot_research.db
41417,13n_2366,1,113,112,0.016056159924540278,13,knot_research.db
41418,13n_947,1,109,108,0.17884333004724562,13,knot_research.db
41419,13n_2216,1,103,102,0.28168906951913636,13,knot_research.db
41420,13n_4001,1,99,98,0.06675796051362008,13,knot_research.db
41421,13n_2315,1,109,108,0.035201336072989704,13,knot_research.db
41422,13n_4139,1,105,104,0.27085002658654994,13,knot_research.db
41423,13n_2383,1,109,108,0.0020351333235806898,13,knot_research.db
41424,13n_1992,1,109,108,0.008808364301037406,13,knot_research.db
41425,13n_2522,1,105,104,0.007710952782099408,13,knot_research.db
41426,13n_2245,1,107,106,0.31749172523126745,13,knot_research.db
41427,13n_3750,1,109,107,0.030124823370266795,13,knot_research.db
41428,13n_3831,1,105,103,0.05000257631526224,13,knot_research.db
41429,13n_3840,1,111,109,0.02035773000186078,13,knot_research.db
41430,13n_2374,1,117,116,0.023917335308834775,13,knot_research.db
41431,13n_1208,1,121,120,0.08122550253869747,13,knot_research.db
41432,13n_3778,1,115,113,0.00752228710027621,13,knot_research.db
41433,13n_4021,1,103,102,0.048907893018787736,13,knot_research.db
41434,13n_3904,1,109,107,0.03177723160133767,13,knot_research.db
41435,13n_2236,1,109,108,0.2559363904094716,13,knot_research.db
41436,13n_4159,1,115,114,0.03782496480610309,13,knot_research.db
41437,13n_2386,1,115,114,0.02985798674237676,13,knot_research.db
41438,13n_2335,1,115,114,0.12003366544356685,13,knot_research.db
41439,13n_3770,1,115,113,0.01488995345605621,13,knot_research.db
41440,13n_3851,1,117,116,0.006621541153033037,13,knot_research.db
41441,13n_4041,1,103,102,0.3341265008323078,13,knot_research.db
41442,13n_3860,1,103,102,0.2781463350253969,13,knot_research.db
41443,13n_2012,1,113,112,0.07877139437342318,13,knot_research.db
41444,13n_2542,1,109,108,0.02409617637727345,13,knot_research.db
41445,13n_967,1,111,110,0.025496158072452358,13,knot_research.db
41446,13n_2397,1,115,114,0.1710033491624255,13,knot_research.db
41447,13n_2403,1,111,110,0.16929493211334642,13,knot_research.db
41448,13n_3798,1,107,106,0.01358240082821176,13,knot_research.db
41449,13n_3924,1,109,107,0.02674914445043353,13,knot_research.db
41450,13n_2265,1,105,105,0.03642026643677918,13,knot_research.db
41451,13n_4179,1,109,108,0.2345328679787257,13,knot_research.db
41452,13n_2394,1,121,120,0.17980441355457974,13,knot_research.db
41453,13n_2256,1,113,112,0.0054365714148633185,13,knot_research.db
41454,13n_3880,1,111,111,0.10934186970198302,13,knot_research.db
41455,13n_4061,1,101,100,0.15423033240745404,13,knot_research.db
41456,13n_3790,1,117,116,0.1938617938581405,13,knot_research.db
41457,13n_2355,1,119,118,0.011163336026805557,13,knot_research.db
41458,13n_3818,1,105,103,0.006108496499008303,13,knot_research.db
41459,13n_2562,1,111,110,0.182523888995806,13,knot_research.db
41460,13n_3944,1,111,110,0.1221439212785527,13,knot_research.db
41461,13n_2406,1,113,112,0.01685397125872108,13,knot_research.db
41462,13n_2285,1,111,110,0.2860010100520307,13,knot_research.db
41463,13n_4199,1,117,116,0.08632705685456618,13,knot_research.db
41464,13n_2423,1,113,112,0.2147832582209534,13,knot_research.db
41465,13n_2032,1,115,114,0.02005110514163742,13,knot_research.db
41466,13n_2417,1,117,116,0.13420411530812162,13,knot_research.db
41467,13n_3871,1,111,109,0.0364839090737805,13,knot_research.db
41468,13n_987,1,111,110,0.2073541963814425,13,knot_research.db
41469,13n_4081,1,107,106,0.2029243980696998,13,knot_research.db
41470,13n_3838,1,105,103,0.004214362325484337,13,knot_research.db
41471,13n_3900,1,111,109,0.020319023036453793,13,knot_research.db
41472,13n_3964,1,97,96,0.08134566491056511,13,knot_research.db
41473,13n_3810,1,107,106,0.17201452000590547,13,knot_research.db
41474,13n_1228,1,117,116,0.05618445457666663,13,knot_research.db
41475,13n_2582,1,123,122,0.19997834387649113,13,knot_research.db
41476,13n_2276,1,115,113,0.00762496414522098,13,knot_research.db
41477,13n_2414,1,115,114,0.027151039174044496,13,knot_research.db
41478,13n_3891,1,107,106,0.1953976525304359,13,knot_research.db
41479,13n_4219,1,111,110,0.26915855113990383,13,knot_research.db
41480,13n_4101,1,113,112,0.044515054748068786,13,knot_research.db
41481,13n_2305,1,107,106,0.04398852351474879,13,knot_research.db
41482,13n_3984,1,105,104,0.22415137837421695,13,knot_research.db
41483,13n_2375,1,119,118,0.19480471895607973,13,knot_research.db
41484,13n_2443,1,115,114,0.02201067596068137,13,knot_research.db
41485,13n_3920,1,107,105,0.07408954043890563,13,knot_research.db
41486,13n_2052,1,113,112,0.1813377347995952,13,knot_research.db
41487,13n_2426,1,109,108,0.3036215488008652,13,knot_research.db
41488,13n_3830,1,115,113,0.02608817317826123,13,knot_research.db
41489,13n_3858,1,117,115,0.014548391292043805,13,knot_research.db
41490,13n_1007,1,107,105,0.021282638334210256,13,knot_research.db
41491,13n_2437,1,107,106,0.04073705402814104,13,knot_research.db
41492,13n_4239,1,111,110,0.22199508251945038,13,knot_research.db
41493,13n_3911,1,109,107,0.03677663926038855,13,knot_research.db
41494,13n_2296,1,117,116,0.024441379176266053,13,knot_research.db
41495,13n_2602,1,111,110,0.07325756295837701,13,knot_research.db
41496,13n_4121,1,107,106,0.22302904654760314,13,knot_research.db
41497,13n_3940,1,111,109,0.018309298543591892,13,knot_research.db
41498,13n_4004,1,101,100,0.017713040083048023,13,knot_research.db
41499,13n_2434,1,113,112,0.07769409278663847,13,knot_research.db
41500,13n_1248,1,107,106,0.0064108941224830344,13,knot_research.db
41501,13n_2325,1,117,116,0.019384036792238123,13,knot_research.db
41502,13n_3850,1,119,117,0.036135997806992975,13,knot_research.db
41503,13n_3878,1,115,114,0.11534693059447282,13,knot_research.db
41504,13n_2395,1,113,112,0.025934135121877765,13,knot_research.db
41505,13n_2457,1,109,108,0.17280041988892295,13,knot_research.db
41506,13n_2446,1,111,111,0.06944406399718657,13,knot_research.db
41507,13n_2463,1,111,110,0.2698703735129164,13,knot_research.db
41508,13n_2072,1,107,106,0.04134131832410962,13,knot_research.db
41509,13n_3931,1,107,105,0.04694947019109771,13,knot_research.db
41510,13n_4024,1,97,96,0.055561953731375686,13,knot_research.db
41511,13n_1027,1,107,106,0.012510392973250215,13,knot_research.db
41512,13n_4259,1,109,108,0.10212599399814139,13,knot_research.db
41513,13n_3960,1,93,93,0.20276078262980662,13,knot_research.db
41514,13n_4141,1,101,100,0.2882077128544239,13,knot_research.db
41515,13n_2622,1,109,108,0.0045681607282027125,13,knot_research.db
41516,13n_2454,1,105,103,0.04255677490223867,13,knot_research.db
41517,13n_1268,1,115,114,0.18084711919010465,13,knot_research.db
41518,13n_3951,1,97,96,0.02382059492257561,13,knot_research.db
41519,13n_4044,1,107,106,0.03579274594283036,13,knot_research.db
41520,13n_4279,1,115,114,0.098391887006547,13,knot_research.db
41521,13n_2092,1,121,120,0.12186976993069333,13,knot_research.db
41522,13n_3980,1,101,100,0.04909532718392447,13,knot_research.db
41523,13n_2345,1,109,108,0.295601735113004,13,knot_research.db
41524,13n_2466,1,111,109,0.013154557354384122,13,knot_research.db
41525,13n_2415,1,117,115,0.008706417351690959,13,knot_research.db
41526,13n_2477,1,107,106,0.09964994061512604,13,knot_research.db
41527,13n_3898,1,105,103,0.041663675501070946,13,knot_research.db
41528,13n_3870,1,107,105,0.05759465507746519,13,knot_research.db
41529,13n_1047,1,107,106,0.19998885193898083,13,knot_research.db
41530,13n_3971,1,103,102,0.02660856554076456,13,knot_research.db
41531,13n_2316,1,107,106,0.021214365378061085,13,knot_research.db
41532,13n_2483,1,119,118,0.1948047189545421,13,knot_research.db
41533,13n_4064,1,101,100,0.04334682223651066,13,knot_research.db
41534,13n_4000,1,105,105,0.1282315718249554,13,knot_research.db
41535,13n_4161,1,113,112,0.21038990605048824,13,knot_research.db
41536,13n_2642,1,113,112,0.08963841500745594,13,knot_research.db
41537,13n_2474,1,111,110,0.2309820744631293,13,knot_research.db
41538,13n_4299,1,105,104,0.029153393217131836,13,knot_research.db
41539,13n_3991,1,111,110,0.23103248617743968,13,knot_research.db
41540,13n_2497,1,109,108,0.057773741146868486,13,knot_research.db
41541,13n_3890,1,107,106,0.17934624169984228,13,knot_research.db
41542,13n_3918,1,109,108,0.08493879831743757,13,knot_research.db
41543,13n_4084,1,97,97,0.037654428420640006,13,knot_research.db
41544,13n_4020,1,103,102,0.11065126687701773,13,knot_research.db
41545,13n_2486,1,105,104,0.046312204053111344,13,knot_research.db
41546,13n_2365,1,113,112,0.04955292888082461,13,knot_research.db
41547,13n_2112,1,103,102,0.16259659225674,13,knot_research.db
41548,13n_2336,1,105,104,0.2344537849050392,13,knot_research.db
41549,13n_2435,1,109,108,0.054116638338761895,13,knot_research.db
41550,13n_1288,1,115,114,0.12705277873200152,13,knot_research.db
41551,13n_4181,1,115,114,0.08326742052107261,13,knot_research.db
41552,13n_4319,1,111,110,0.17175772453046204,13,knot_research.db
41553,13n_1067,1,101,101,0.07110412819611608,13,knot_research.db
41554,13n_2662,1,115,114,0.07382333798787208,13,knot_research.db
41555,13n_2494,1,107,106,0.13776093594603048,13,knot_research.db
41556,13n_2503,1,107,106,0.013813585549256855,13,knot_research.db
41557,13n_4011,1,99,98,0.14452895389157805,13,knot_research.db
41558,13n_3938,1,109,107,0.03419536229235019,13,knot_research.db
41559,13n_4040,1,113,112,0.07054084804478454,13,knot_research.db
41560,13n_3910,1,105,103,0.09725720646871656,13,knot_research.db
41561,13n_4104,1,107,106,0.06554803045373944,13,knot_research.db
41562,13n_2132,1,109,108,0.0066983491501166935,13,knot_research.db
41563,13n_2455,1,107,106,0.27601208473435984,13,knot_research.db
41564,13n_2517,1,111,110,0.23575442526966614,13,knot_research.db
41565,13n_2506,1,115,114,0.1907174573037052,13,knot_research.db
41566,13n_4339,1,107,106,0.1839491107866093,13,knot_research.db
41567,13n_2385,1,113,112,0.1664826122511874,13,knot_research.db
41568,13n_4201,1,105,104,0.27642757057639533,13,knot_research.db
41569,13n_4031,1,107,107,0.037237364912060124,13,knot_research.db
41570,13n_2356,1,119,118,0.1762235861424698,13,knot_research.db
41571,13n_3958,1,105,105,0.09178045635325811,13,knot_research.db
41572,13n_1087,1,109,107,0.006301502804658325,13,knot_research.db
41573,13n_2514,1,109,108,0.2965100940012174,13,knot_research.db
41574,13n_3930,1,109,108,0.014807604245021956,13,knot_research.db
41575,13n_2523,1,111,110,0.11914456632266253,13,knot_research.db
41576,13n_2682,1,107,106,0.29520796420515527,13,knot_research.db
41577,13n_1308,1,111,110,0.1938110184403691,13,knot_research.db
41578,13n_4124,1,105,104,0.03738354720715563,13,knot_research.db
41579,13n_4359,1,121,120,0.12486269622297212,13,knot_research.db
41580,13n_4051,1,103,103,0.27408716747832834,13,knot_research.db
41581,13n_2152,1,115,114,0.17286329931067201,13,knot_research.db
41582,13n_2475,1,109,108,0.010034171828810737,13,knot_research.db
41583,13n_4221,1,101,100,0.20959265913642663,13,knot_research.db
41584,13n_2537,1,113,112,0.0329528807963012,13,knot_research.db
41585,13n_4060,1,105,104,0.24586193845807958,13,knot_research.db
41586,13n_3978,1,105,105,0.2640946099061008,13,knot_research.db
41587,13n_2526,1,109,108,0.004701938079965234,13,knot_research.db
41588,13n_3950,1,103,102,0.012836250709674143,13,knot_research.db
41589,13n_2405,1,111,109,0.14315090961597363,13,knot_research.db
41590,13n_2534,1,109,108,0.32047924657729737,13,knot_research.db
41591,13n_4144,1,115,114,0.09766350379731369,13,knot_research.db
41592,13n_2543,1,103,102,0.3230644124980185,13,knot_research.db
41593,13n_4071,1,117,116,0.10775326633889883,13,knot_research.db
41594,13n_2376,1,113,111,0.015323940842701625,13,knot_research.db
41595,13n_2702,1,107,106,0.006488936221281214,13,knot_research.db
41596,13n_1107,1,111,109,0.02175538833055878,13,knot_research.db
41597,13n_3998,1,97,96,0.03950157698092363,13,knot_research.db
41598,13n_3970,1,99,99,0.16156258163221401,13,knot_research.db
41599,13n_4080,1,103,102,0.03649363125992039,13,knot_research.db
41600,13n_1328,1,111,110,0.09929877685674317,13,knot_research.db
41601,13n_2495,1,107,106,0.17665895691381972,13,knot_research.db
41602,13n_4241,1,103,102,0.031459813202444856,13,knot_research.db
41603,13n_4379,1,111,110,0.010628950376335716,13,knot_research.db
41604,13n_2557,1,111,110,0.0040514462795136295,13,knot_research.db
41605,13n_2172,1,111,110,0.022525797762652653,13,knot_research.db
41606,13n_2546,1,109,108,0.09411232750049936,13,knot_research.db
41607,13n_4018,1,109,108,0.17879356677322727,13,knot_research.db
41608,13n_4164,1,103,102,0.19912295337347197,13,knot_research.db
41609,13n_2554,1,109,108,0.13030498200147805,13,knot_research.db
41610,13n_4091,1,107,106,0.14161620403875044,13,knot_research.db
41611,13n_3990,1,107,106,0.1231967186676784,13,knot_research.db
41612,13n_4100,1,115,114,0.14024713891883328,13,knot_research.db
41613,13n_2425,1,109,108,0.015133172924015678,13,knot_research.db
41614,13n_2563,1,107,106,0.056877914114240175,13,knot_research.db
41615,13n_2722,1,115,114,0.05843456114921844,13,knot_research.db
41616,13n_4261,1,105,104,0.21657467994510238,13,knot_research.db
41617,13n_1127,1,117,115,0.02162986985915006,13,knot_research.db
41618,13n_2515,1,109,108,0.11828867795327089,13,knot_research.db
41619,13n_4038,1,109,108,0.0020074239467238286,13,knot_research.db
41620,13n_4399,1,111,110,0.026335130718349344,13,knot_research.db
41621,13n_2577,1,115,113,0.00946206852150803,13,knot_research.db
41622,13n_4184,1,111,110,0.2641354708406565,13,knot_research.db
41623,13n_2396,1,113,112,0.027701142470697205,13,knot_research.db
41624,13n_1348,1,107,105,0.048786874547259815,13,knot_research.db
41625,13n_2192,1,103,102,0.07846124023090206,13,knot_research.db
41626,13n_4010,1,99,98,0.009534765566174334,13,knot_research.db
41627,13n_2566,1,119,118,0.0016678227321912963,13,knot_research.db
41628,13n_4120,1,95,94,0.25302222141457353,13,knot_research.db
41629,13n_4111,1,109,108,0.07915197835760614,13,knot_research.db
41630,13n_2445,1,111,110,0.011739882000914928,13,knot_research.db
41631,13n_2583,1,111,110,0.016579602503928786,13,knot_research.db
41632,13n_4281,1,109,109,0.041905419518817245,13,knot_research.db
41633,13n_2574,1,111,110,0.12288410333683863,13,knot_research.db
41634,13n_4419,1,107,106,0.10531060809948187,13,knot_research.db
41635,13n_4204,1,105,104,0.04465977418641481,13,knot_research.db
41636,13n_4030,1,101,100,0.03419780822133633,13,knot_research.db
41637,13n_2535,1,113,112,0.032499481952336276,13,knot_research.db
41638,13n_2742,1,105,104,0.20263001432188338,13,knot_research.db
41639,13n_4131,1,109,108,0.17217059064894633,13,knot_research.db
41640,13n_4140,1,107,107,0.0836771561634042,13,knot_research.db
41641,13n_2212,1,111,110,0.008079706633771833,13,knot_research.db
41642,13n_4301,1,109,108,0.06662988762518923,13,knot_research.db
41643,13n_4058,1,105,104,0.042437664932846425,13,knot_research.db
41644,13n_2416,1,103,102,0.05882885776646909,13,knot_research.db
41645,13n_2465,1,111,110,0.03195797381168532,13,knot_research.db
41646,13n_2597,1,109,108,0.1855402563522228,13,knot_research.db
41647,13n_2603,1,109,108,0.2434790800565627,13,knot_research.db
41648,13n_4439,1,111,110,0.16553417126555833,13,knot_research.db
41649,13n_1147,1,111,110,0.04395087821975535,13,knot_research.db
41650,13n_2594,1,111,110,0.027031149740999003,13,knot_research.db
41651,13n_4224,1,113,112,0.13736244801458747,13,knot_research.db
41652,13n_1368,1,107,107,0.19436095953092064,13,knot_research.db
41653,13n_2586,1,109,108,0.011977952568478407,13,knot_research.db
41654,13n_4050,1,103,102,0.2513485846745859,13,knot_research.db
41655,13n_4078,1,101,101,0.2173082434518441,13,knot_research.db
41656,13n_4151,1,113,112,0.09689884812803254,13,knot_research.db
41657,13n_4321,1,107,106,0.2440357609273987,13,knot_research.db
41658,13n_4160,1,107,106,0.2768685760430218,13,knot_research.db
41659,13n_2436,1,105,105,0.09470730844316443,13,knot_research.db
41660,13n_2555,1,113,112,0.23846936861795812,13,knot_research.db
41661,13n_2762,1,111,110,0.15880218262234366,13,knot_research.db
41662,13n_2232,1,111,110,0.09101259755875936,13,knot_research.db
41663,13n_4459,1,113,112,0.20729926032836582,13,knot_research.db
41664,13n_4098,1,109,108,0.23117689288566182,13,knot_research.db
41665,13n_2485,1,109,108,0.006684082257215198,13,knot_research.db
41666,13n_2617,1,113,112,0.2653809900605351,13,knot_research.db
41667,13n_4070,1,105,104,0.18504925917385034,13,knot_research.db
41668,13n_4244,1,105,104,0.02479889329201502,13,knot_research.db
41669,13n_2623,1,105,104,0.18930013002879606,13,knot_research.db
41670,13n_4171,1,105,104,0.1627763672010019,13,knot_research.db
41671,13n_2614,1,113,112,0.201435545297741,13,knot_research.db
41672,13n_2606,1,111,110,0.2634171715717883,13,knot_research.db
41673,13n_4341,1,109,108,0.1147789349313645,13,knot_research.db
41674,13n_4180,1,109,108,0.25329652011223575,13,knot_research.db
41675,13n_1388,1,107,106,0.02400513224834305,13,knot_research.db
41676,13n_1167,1,111,110,0.010308578196677154,13,knot_research.db
41677,13n_4118,1,109,108,0.11755675585694815,13,knot_research.db
41678,13n_2456,1,109,108,0.03947292168631911,13,knot_research.db
41679,13n_2782,1,111,110,0.11783648433113714,13,knot_research.db
41680,13n_2575,1,117,116,0.06524990385940198,13,knot_research.db
41681,13n_4479,1,107,106,0.01108132267445198,13,knot_research.db
41682,13n_2252,1,107,106,0.3017166058948662,13,knot_research.db
41683,13n_4264,1,101,100,0.24229013884041187,13,knot_research.db
41684,13n_4361,1,121,120,0.050319382341696736,13,knot_research.db
41685,13n_2505,1,107,106,0.16275418180411683,13,knot_research.db
41686,13n_4200,1,109,108,0.016064866875574804,13,knot_research.db
41687,13n_4090,1,107,106,0.09109073747561316,13,knot_research.db
41688,13n_2637,1,117,116,0.043599949475809176,13,knot_research.db
41689,13n_4191,1,103,102,0.0630694052521379,13,knot_research.db
41690,13n_4138,1,105,104,0.10694995934793886,13,knot_research.db
41691,13n_2634,1,109,108,0.21338788733553685,13,knot_research.db
41692,13n_2626,1,111,110,0.0920016143495802,13,knot_research.db
41693,13n_4499,1,111,110,0.07571245281511742,13,knot_research.db
41694,13n_2643,1,113,112,0.08846536731600961,13,knot_research.db
41695,13n_1408,1,111,110,0.011787199157282996,13,knot_research.db
41696,13n_2476,1,109,108,0.10532473824253265,13,knot_research.db
41697,13n_4211,1,103,102,0.2512353800795122,13,knot_research.db
41698,13n_4284,1,107,106,0.05154820148891718,13,knot_research.db
41699,13n_2525,1,107,106,0.13271027884500727,13,knot_research.db
41700,13n_2802,1,119,118,0.17789557808357434,13,knot_research.db
41701,13n_2595,1,107,106,0.204459583457116,13,knot_research.db
41702,13n_2272,1,109,108,0.07306485362568121,13,knot_research.db
41703,13n_1187,1,117,116,0.010404729896474112,13,knot_research.db
41704,13n_4220,1,109,108,0.20301587764805767,13,knot_research.db
41705,13n_4110,1,115,114,0.1302411041088465,13,knot_research.db
41706,13n_4158,1,115,114,0.04038063575884707,13,knot_research.db
41707,13n_2654,1,107,106,0.09285025116565938,13,knot_research.db
41708,13n_2663,1,111,110,0.231957859167128,13,knot_research.db
41709,13n_2646,1,111,110,0.14589846055037278,13,knot_research.db
41710,13n_2657,1,115,114,0.0464145609490668,13,knot_research.db
41711,13n_4231,1,115,114,0.04944922297692214,13,knot_research.db
41712,13n_4304,1,107,106,0.007108649842665558,13,knot_research.db
41713,13n_4519,1,109,108,0.08055982117483035,13,knot_research.db
41714,13n_2496,1,109,108,0.01801394142960555,13,knot_research.db
41715,13n_1428,1,107,106,0.061261241242804174,13,knot_research.db
41716,13n_4240,1,109,108,0.17104748023559949,13,knot_research.db
41717,13n_4381,1,103,102,0.20286157256592804,13,knot_research.db
41718,13n_2615,1,115,114,0.2476114881868998,13,knot_research.db
41719,13n_2545,1,113,112,0.008438634238528689,13,knot_research.db
41720,13n_2292,1,105,104,0.1321383573716921,13,knot_research.db
41721,13n_4178,1,103,102,0.14323014912192158,13,knot_research.db
41722,13n_4130,1,105,104,0.05559448873475942,13,knot_research.db
41723,13n_2674,1,115,114,0.2323770483478833,13,knot_research.db
41724,13n_2822,1,109,108,0.003987662514874354,13,knot_research.db
41725,13n_4324,1,101,100,0.010867155419955022,13,knot_research.db
41726,13n_4539,1,109,108,0.011959236848683106,13,knot_research.db
41727,13n_2683,1,107,106,0.005618167387094902,13,knot_research.db
41728,13n_4251,1,119,118,0.18063272498245744,13,knot_research.db
41729,13n_2666,1,117,116,0.16570946540518275,13,knot_research.db
41730,13n_1207,1,113,112,0.0065058954389852095,13,knot_research.db
41731,13n_2516,1,111,110,0.23221724960792847,13,knot_research.db
41732,13n_4198,1,119,118,0.042564986863724764,13,knot_research.db
41733,13n_4150,1,105,104,0.07059086570714904,13,knot_research.db
41734,13n_4401,1,111,110,0.04614035490847934,13,knot_research.db
41735,13n_4260,1,105,104,0.19467523267221382,13,knot_research.db
41736,13n_2677,1,109,108,0.19208933274157267,13,knot_research.db
41737,13n_2312,1,105,103,0.036437978399939175,13,knot_research.db
41738,13n_4344,1,105,104,0.09364458162018387,13,knot_research.db
41739,13n_2565,1,111,110,0.002987812172744163,13,knot_research.db
41740,13n_1448,1,103,102,0.05332049202840143,13,knot_research.db
41741,13n_2842,1,109,108,0.23910709820107282,13,knot_research.db
41742,13n_2694,1,111,110,0.11538363081859158,13,knot_research.db
41743,13n_2635,1,107,106,0.012147933754867293,13,knot_research.db
41744,13n_4559,1,107,106,0.22604151374401776,13,knot_research.db
41745,13n_2703,1,115,114,0.031088018237476322,13,knot_research.db
41746,13n_4280,1,113,112,0.1692574669019941,13,knot_research.db
41747,13n_4170,1,107,106,0.20614421084914994,13,knot_research.db
41748,13n_4421,1,107,106,0.07469710156846433,13,knot_research.db
41749,13n_4271,1,105,104,0.20597226103089938,13,knot_research.db
41750,13n_4364,1,115,114,0.2136407320294153,13,knot_research.db
41751,13n_4218,1,119,118,0.15283741001837498,13,knot_research.db
41752,13n_2536,1,115,114,0.2161992939664934,13,knot_research.db
41753,13n_2686,1,105,104,0.2244318237135406,13,knot_research.db
41754,13n_2332,1,109,108,0.17294876401258966,13,knot_research.db
41755,13n_2697,1,111,110,0.16985060449781503,13,knot_research.db
41756,13n_1468,1,105,104,0.17193740620815515,13,knot_research.db
41757,13n_4579,1,109,108,0.04180772411383242,13,knot_research.db
41758,13n_2655,1,115,114,0.16248922852090922,13,knot_research.db
41759,13n_2714,1,115,114,0.003750129602289952,13,knot_research.db
41760,13n_4441,1,113,112,0.13312616717054987,13,knot_research.db
41761,13n_2862,1,107,106,0.10928083934574606,13,knot_research.db
41762,13n_4190,1,101,100,0.016731533909554147,13,knot_research.db
41763,13n_4291,1,111,110,0.2298727088770241,13,knot_research.db
41764,13n_4300,1,105,104,0.03700451296912525,13,knot_research.db
41765,13n_2585,1,113,112,0.012355180241609757,13,knot_research.db
41766,13n_4384,1,109,108,0.00750210979177169,13,knot_research.db
41767,13n_4238,1,103,102,0.031616235186683335,13,knot_research.db
41768,13n_2723,1,113,112,0.01685997354845028,13,knot_research.db
41769,13n_1227,1,119,118,0.2290250610891505,13,knot_research.db
41770,13n_4599,1,101,100,0.1952137425297995,13,knot_research.db
41771,13n_2556,1,105,104,0.005232681897683324,13,knot_research.db
41772,13n_2717,1,113,112,0.19873951120143088,13,knot_research.db
41773,13n_1488,1,111,110,0.00832008764712793,13,knot_research.db
41774,13n_2352,1,113,112,0.04466966846753015,13,knot_research.db
41775,13n_2706,1,107,106,0.152174626329845,13,knot_research.db
41776,13n_4461,1,103,103,0.023439927906829593,13,knot_research.db
41777,13n_4210,1,109,108,0.16991980839988927,13,knot_research.db
41778,13n_2882,1,107,107,0.04394926647457071,13,knot_research.db
41779,13n_4311,1,111,110,0.13287594876945294,13,knot_research.db
41780,13n_4320,1,111,110,0.16068344859837905,13,knot_research.db
41781,13n_2675,1,115,114,0.09389047622106392,13,knot_research.db
41782,13n_4404,1,107,106,0.1515466489619381,13,knot_research.db
41783,13n_4258,1,113,112,0.016880239119421284,13,knot_research.db
41784,13n_2605,1,111,110,0.009326144801564525,13,knot_research.db
41785,13n_2743,1,107,106,0.06351321688159778,13,knot_research.db
41786,13n_2576,1,109,108,0.2328627487750151,13,knot_research.db
41787,13n_4481,1,113,112,0.06499213997185718,13,knot_research.db
41788,13n_2734,1,107,106,0.009053294686950944,13,knot_research.db
41789,13n_4331,1,107,106,0.2512373861837643,13,knot_research.db
41790,13n_2726,1,115,114,0.04148129577482625,13,knot_research.db
41791,13n_4230,1,111,110,0.048226472507905335,13,knot_research.db
41792,13n_2902,1,109,108,0.03252064231321574,13,knot_research.db
41793,13n_4340,1,105,104,0.02061739909301269,13,knot_research.db
41794,13n_1247,1,111,110,0.15127678907216593,13,knot_research.db
41795,13n_2737,1,109,108,0.08813133947703336,13,knot_research.db
41796,13n_2372,1,113,112,0.016968082287458722,13,knot_research.db
41797,13n_4278,1,113,112,0.17468651833074117,13,knot_research.db
41798,13n_2695,1,105,104,0.025689420563831337,13,knot_research.db
41799,13n_4619,1,109,108,0.06338727320462403,13,knot_research.db
41800,13n_4424,1,105,104,0.012134808526226074,13,knot_research.db
41801,13n_1508,1,111,110,0.037744841144738965,13,knot_research.db
41802,13n_4351,1,109,108,0.06187195405435723,13,knot_research.db
41803,13n_2763,1,111,110,0.15408822004355585,13,knot_research.db
41804,13n_4501,1,109,108,0.005649141900227292,13,knot_research.db
41805,13n_2754,1,107,106,0.21676249803479478,13,knot_research.db
41806,13n_2625,1,111,110,0.022181049713393415,13,knot_research.db
41807,13n_4250,1,115,114,0.2217535344361637,13,knot_research.db
41808,13n_4360,1,115,114,0.16715650882707223,13,knot_research.db
41809,13n_2596,1,107,106,0.0788778984432612,13,knot_research.db
41810,13n_2922,1,117,116,0.003048129741221867,13,knot_research.db
41811,13n_4639,1,95,94,0.04746010730367882,13,knot_research.db
41812,13n_2757,1,113,111,0.025662765151835357,13,knot_research.db
41813,13n_2746,1,109,108,0.17484952244812338,13,knot_research.db
41814,13n_4298,1,105,104,0.0035689358028354965,13,knot_research.db
41815,13n_2715,1,105,104,0.010064152091060203,13,knot_research.db
41816,13n_4444,1,113,112,0.15706508583710743,13,knot_research.db
41817,13n_1267,1,117,116,0.16060150336281634,13,knot_research.db
41818,13n_4371,1,113,113,0.24354810988032763,13,knot_research.db
41819,13n_4659,1,89,88,0.03973848829761092,13,knot_research.db
41820,13n_2774,1,109,108,0.01634859127372084,13,knot_research.db
41821,13n_4380,1,115,114,0.050168810510769324,13,knot_research.db
41822,13n_4521,1,105,104,0.11279099747930739,13,knot_research.db
41823,13n_4270,1,107,106,0.24404013277923298,13,knot_research.db
41824,13n_1528,1,109,108,0.00258673883857239,13,knot_research.db
41825,13n_2616,1,113,112,0.03195008916776407,13,knot_research.db
41826,13n_2783,1,107,106,0.010585002572298345,13,knot_research.db
41827,13n_2392,1,117,116,0.010296991686501241,13,knot_research.db
41828,13n_2645,1,109,107,0.032128911514736735,13,knot_research.db
41829,13n_4318,1,107,106,0.05591433200257456,13,knot_research.db
41830,13n_4679,1,107,106,0.21289832841740428,13,knot_research.db
41831,13n_2735,1,105,104,0.012800212780224382,13,knot_research.db
41832,13n_2777,1,113,112,0.15746265677064425,13,knot_research.db
41833,13n_4464,1,111,110,0.010428410874669312,13,knot_research.db
41834,13n_4541,1,117,116,0.20103434838302833,13,knot_research.db
41835,13n_2766,1,107,106,0.05435441642027872,13,knot_research.db
41836,13n_4391,1,107,106,0.04628128550059821,13,knot_research.db
41837,13n_2794,1,105,104,0.016181709711647372,13,knot_research.db
41838,13n_4290,1,117,116,0.09305348344251464,13,knot_research.db
41839,13n_2942,1,113,112,0.04645586186020712,13,knot_research.db
41840,13n_4400,1,111,110,0.02787238892503011,13,knot_research.db
41841,13n_2803,1,111,110,0.04352098904356253,13,knot_research.db
41842,13n_4338,1,107,106,0.18483712323991053,13,knot_research.db
41843,13n_4699,1,101,100,0.2422901388404882,13,knot_research.db
41844,13n_2636,1,103,102,0.18008010259594967,13,knot_research.db
41845,13n_2755,1,107,106,0.013915296147954694,13,knot_research.db
41846,13n_1548,1,113,112,0.010447621323952544,13,knot_research.db
41847,13n_2786,1,107,106,0.030316234906541065,13,knot_research.db
41848,13n_4484,1,105,104,0.10270311619536966,13,knot_research.db
41849,13n_4411,1,107,106,0.27227513317198904,13,knot_research.db
41850,13n_4561,1,113,112,0.11083395048281516,13,knot_research.db
41851,13n_1287,1,109,107,0.009431088950381196,13,knot_research.db
41852,13n_2797,1,117,116,0.05757968380985218,13,knot_research.db
41853,13n_4358,1,111,110,0.1402104471181406,13,knot_research.db
41854,13n_4420,1,101,100,0.027856024126960702,13,knot_research.db
41855,13n_2412,1,115,114,0.06327062944105179,13,knot_research.db
41856,13n_2814,1,113,112,0.13920996576714884,13,knot_research.db
41857,13n_4310,1,111,111,0.12132504941929098,13,knot_research.db
41858,13n_2665,1,105,104,0.14953725000926216,13,knot_research.db
41859,13n_2962,1,107,106,0.12580110672900022,13,knot_research.db
41860,13n_2823,1,111,110,0.21122599220907118,13,knot_research.db
41861,13n_2775,1,113,112,0.1369464971603426,13,knot_research.db
41862,13n_4504,1,109,108,0.0882475618854158,13,knot_research.db
41863,13n_4719,1,109,108,0.2589120467183417,13,knot_research.db
41864,13n_2656,1,109,108,0.009882150907326732,13,knot_research.db
41865,13n_2806,1,107,106,0.05499234022337206,13,knot_research.db
41866,13n_4440,1,109,108,0.19070506086605085,13,knot_research.db
41867,13n_4378,1,115,114,0.024400216605994413,13,knot_research.db
41868,13n_4581,1,105,104,0.07445097230218604,13,knot_research.db
41869,13n_4431,1,111,111,0.1450408552298969,13,knot_research.db
41870,13n_4330,1,115,114,0.054993988872884085,13,knot_research.db
41871,13n_2685,1,111,110,0.005227351766202463,13,knot_research.db
41872,13n_1307,1,115,113,0.0020349731208611967,13,knot_research.db
41873,13n_1568,1,111,110,0.06519266468176317,13,knot_research.db
41874,13n_2795,1,105,104,0.10802278214640802,13,knot_research.db
41875,13n_4739,1,107,106,0.16415768462977726,13,knot_research.db
41876,13n_4524,1,103,102,0.019426669931123654,13,knot_research.db
41877,13n_2676,1,115,114,0.07820850121747237,13,knot_research.db
41878,13n_2817,1,107,106,0.10918631900225505,13,knot_research.db
41879,13n_2834,1,109,108,0.008628816685833684,13,knot_research.db
41880,13n_2826,1,111,110,0.006510262984293025,13,knot_research.db
41881,13n_4460,1,113,112,0.17527149370868197,13,knot_research.db
41882,13n_2982,1,105,104,0.23615768718958047,13,knot_research.db
41883,13n_4601,1,105,104,0.05620294066564512,13,knot_research.db
41884,13n_2843,1,111,110,0.29794773381705336,13,knot_research.db
41885,13n_2432,1,111,110,0.1653329890686656,13,knot_research.db
41886,13n_4451,1,107,106,0.15053854504970818,13,knot_research.db
41887,13n_4398,1,105,104,0.19494662446829666,13,knot_research.db
41888,13n_4759,1,115,114,0.03274501135690356,13,knot_research.db
41889,13n_4350,1,107,106,0.19099738133724597,13,knot_research.db
41890,13n_4544,1,107,106,0.15154664896193853,13,knot_research.db
41891,13n_2815,1,113,112,0.010133855953102183,13,knot_research.db
41892,13n_2705,1,105,104,0.01186710009399044,13,knot_research.db
41893,13n_3002,1,119,118,0.02637280059200332,13,knot_research.db
41894,13n_4621,1,107,106,0.22528959336611767,13,knot_research.db
41895,13n_2837,1,107,106,0.2536655092656037,13,knot_research.db
41896,13n_2854,1,109,108,0.06722744415815166,13,knot_research.db
41897,13n_2846,1,115,113,0.010056296668804943,13,knot_research.db
41898,13n_4480,1,109,108,0.1945571326314257,13,knot_research.db
41899,13n_4471,1,111,110,0.04225902923483001,13,knot_research.db
41900,13n_2696,1,103,102,0.16749626400102544,13,knot_research.db
41901,13n_1588,1,113,112,0.010717575281755334,13,knot_research.db
41902,13n_4418,1,103,102,0.01972390654430404,13,knot_research.db
41903,13n_4370,1,101,100,0.19992425848340623,13,knot_research.db
41904,13n_4779,1,109,108,0.19743951561033304,13,knot_research.db
41905,13n_2452,1,113,112,0.02659315391166513,13,knot_research.db
41906,13n_2863,1,107,106,0.082816172555467,13,knot_research.db
41907,13n_1327,1,109,107,0.08468340694572608,13,knot_research.db
41908,13n_4641,1,103,102,0.03856469540671442,13,knot_research.db
41909,13n_2725,1,111,110,0.07344486808653689,13,knot_research.db
41910,13n_2835,1,111,110,0.20629854916564844,13,knot_research.db
41911,13n_4564,1,107,106,0.1639379276794784,13,knot_research.db
41912,13n_4500,1,103,102,0.28622781400438846,13,knot_research.db
41913,13n_4438,1,107,106,0.1507446344526981,13,knot_research.db
41914,13n_2857,1,109,108,0.13705005194301895,13,knot_research.db
41915,13n_2874,1,109,108,0.1691779350105009,13,knot_research.db
41916,13n_4491,1,111,110,0.15678639692641927,13,knot_research.db
41917,13n_2716,1,109,108,0.15789381539398928,13,knot_research.db
41918,13n_2883,1,109,108,0.1755992662962388,13,knot_research.db
41919,13n_4661,1,105,104,0.2084711769815131,13,knot_research.db
41920,13n_2866,1,109,108,0.059848337614055475,13,knot_research.db
41921,13n_4799,1,119,118,0.17207386481654596,13,knot_research.db
41922,13n_2472,1,111,110,0.024921439396103005,13,knot_research.db
41923,13n_4584,1,109,108,0.04269385804972046,13,knot_research.db
41924,13n_3022,1,107,106,0.2063954945915547,13,knot_research.db
41925,13n_4458,1,115,114,0.017197708994524035,13,knot_research.db
41926,13n_4390,1,105,104,0.018317144369092434,13,knot_research.db
41927,13n_4520,1,107,106,0.22692527631833329,13,knot_research.db
41928,13n_4511,1,107,106,0.2705096036164795,13,knot_research.db
41929,13n_1347,1,113,112,0.24019316055630618,13,knot_research.db
41930,13n_2894,1,107,106,0.1559209205654638,13,knot_research.db
41931,13n_2877,1,107,106,0.3096943651317691,13,knot_research.db
41932,13n_2855,1,101,100,0.35636122726428304,13,knot_research.db
41933,13n_1608,1,107,106,0.2666192326589002,13,knot_research.db
41934,13n_2736,1,105,104,0.2252787756417487,13,knot_research.db
41935,13n_4681,1,109,108,0.227953788546018,13,knot_research.db
41936,13n_4604,1,107,106,0.18566576538938567,13,knot_research.db
41937,13n_2745,1,113,112,0.157632330887682,13,knot_research.db
41938,13n_4540,1,107,106,0.2761790182239359,13,knot_research.db
41939,13n_2903,1,113,112,0.26485188990160413,13,knot_research.db
41940,13n_4410,1,121,120,0.10685310736557374,13,knot_research.db
41941,13n_2886,1,105,104,0.03723827356886231,13,knot_research.db
41942,13n_4531,1,105,104,0.11889761312136574,13,knot_research.db
41943,13n_4819,1,111,110,0.01787016950321585,13,knot_research.db
41944,13n_2914,1,111,110,0.24330618658183184,13,knot_research.db
41945,13n_2875,1,113,112,0.2279562670684497,13,knot_research.db
41946,13n_2492,1,105,105,0.009403630005464425,13,knot_research.db
41947,13n_3042,1,115,114,0.07402592189811358,13,knot_research.db
41948,13n_2897,1,115,114,0.02170058202057124,13,knot_research.db
41949,13n_2756,1,107,106,0.007586537362051337,13,knot_research.db
41950,13n_4478,1,103,102,0.25372926624317793,13,knot_research.db
41951,13n_4624,1,117,116,0.14995239100401767,13,knot_research.db
41952,13n_4560,1,113,112,0.05648176817255288,13,knot_research.db
41953,13n_1628,1,107,106,0.11619945678934313,13,knot_research.db
41954,13n_4551,1,107,106,0.29968402112520276,13,knot_research.db
41955,13n_4701,1,111,110,0.13192256066195177,13,knot_research.db
41956,13n_4430,1,117,116,0.07920522190267647,13,knot_research.db
41957,13n_2906,1,115,113,0.02077333598778861,13,knot_research.db
41958,13n_1367,1,109,108,0.08284072338395869,13,knot_research.db
41959,13n_4839,1,111,110,0.10672555898936656,13,knot_research.db
41960,13n_2512,1,113,112,0.08406636547750886,13,knot_research.db
41961,13n_2923,1,109,108,0.009849644506632563,13,knot_research.db
41962,13n_4498,1,117,116,0.09501244851676041,13,knot_research.db
41963,13n_4644,1,103,102,0.04460076456427266,13,knot_research.db
41964,13n_4580,1,109,108,0.035154157841279156,13,knot_research.db
41965,13n_2934,1,111,109,0.013586021909270525,13,knot_research.db
41966,13n_4721,1,123,122,0.213802229535126,13,knot_research.db
41967,13n_2776,1,107,106,0.054452800948725566,13,knot_research.db
41968,13n_2765,1,109,108,0.2201662906614659,13,knot_research.db
41969,13n_4571,1,113,112,0.04769398277350764,13,knot_research.db
41970,13n_3062,1,109,108,0.04226486295618431,13,knot_research.db
41971,13n_2895,1,105,104,0.05802532282644297,13,knot_research.db
41972,13n_1648,1,111,111,0.170116031427859,13,knot_research.db
41973,13n_4450,1,109,108,0.09563124739141259,13,knot_research.db
41974,13n_4859,1,109,108,0.011452340008006144,13,knot_research.db
41975,13n_4664,1,103,102,0.016981870860480433,13,knot_research.db
41976,13n_2926,1,109,107,0.04784707001140444,13,knot_research.db
41977,13n_1387,1,111,109,0.024053335111329035,13,knot_research.db
41978,13n_2943,1,109,107,0.044109844491632376,13,knot_research.db
41979,13n_4600,1,111,110,0.11278897449372947,13,knot_research.db
41980,13n_4518,1,109,108,0.05952018823527177,13,knot_research.db
41981,13n_2917,1,111,109,0.018090783782204852,13,knot_research.db
41982,13n_2796,1,111,110,0.258068507990096,13,knot_research.db
41983,13n_2532,1,109,108,0.008120088112228125,13,knot_research.db
41984,13n_4591,1,109,108,0.010178898968837741,13,knot_research.db
41985,13n_4470,1,109,108,0.19735140846641025,13,knot_research.db
41986,13n_2915,1,117,116,0.01633645233644902,13,knot_research.db
41987,13n_2954,1,111,109,0.02067082697515748,13,knot_research.db
41988,13n_3082,1,113,112,0.0027471486077012153,13,knot_research.db
41989,13n_4684,1,113,112,0.24322588450283328,13,knot_research.db
41990,13n_4879,1,99,98,0.22081220354528677,13,knot_research.db
41991,13n_4538,1,111,110,0.22446173394746352,13,knot_research.db
41992,13n_4741,1,107,106,0.3159905257310102,13,knot_research.db
41993,13n_4620,1,103,102,0.044415679184780114,13,knot_research.db
41994,13n_2946,1,105,104,0.15482986928412007,13,knot_research.db
41995,13n_2785,1,107,106,0.06455816403692283,13,knot_research.db
41996,13n_4611,1,109,108,0.0560559651124675,13,knot_research.db
41997,13n_2552,1,111,110,0.2451004957730065,13,knot_research.db
41998,13n_4490,1,109,108,0.05537348961277754,13,knot_research.db
41999,13n_2963,1,115,114,0.26363074639836553,13,knot_research.db
42000,13n_1668,1,113,112,0.14987448383360016,13,knot_research.db
42001,13n_4704,1,103,102,0.1921332229643829,13,knot_research.db
42002,13n_1407,1,109,108,0.13195955649008465,13,knot_research.db
42003,13n_4640,1,97,96,0.04188075283959499,13,knot_research.db
42004,13n_2937,1,115,114,0.15599062203318814,13,knot_research.db
42005,13n_2974,1,113,112,0.13981530129930245,13,knot_research.db
42006,13n_4761,1,109,108,0.18512423772900896,13,knot_research.db
42007,13n_4558,1,109,108,0.018920318232965253,13,knot_research.db
42008,13n_3102,1,109,108,0.17181416223881127,13,knot_research.db
42009,13n_2805,1,111,110,0.2948963710073447,13,knot_research.db
42010,13n_2935,1,109,107,0.04258961159747936,13,knot_research.db
42011,13n_2966,1,119,118,0.1381998365304416,13,knot_research.db
42012,13n_4631,1,109,108,0.0789060012834281,13,knot_research.db
42013,13n_4510,1,105,104,0.25881133985158994,13,knot_research.db
42014,13n_2816,1,113,112,0.17841166641423012,13,knot_research.db
42015,13n_4899,1,109,108,0.16769222539805592,13,knot_research.db
42016,13n_4660,1,103,102,0.13256366237093084,13,knot_research.db
42017,13n_2572,1,111,110,0.133067728246998,13,knot_research.db
42018,13n_4724,1,111,110,0.1000447773928063,13,knot_research.db
42019,13n_2983,1,105,104,0.2531714545688246,13,knot_research.db
42020,13n_4781,1,105,104,0.19085956253154457,13,knot_research.db
42021,13n_2957,1,111,110,0.0058479613899473865,13,knot_research.db
42022,13n_4578,1,109,108,0.025973465591542216,13,knot_research.db
42023,13n_4651,1,109,108,0.19656199819317527,13,knot_research.db
42024,13n_3122,1,121,120,0.11121116959516787,13,knot_research.db
42025,13n_2994,1,103,102,0.055751771221325234,13,knot_research.db
42026,13n_4919,1,111,110,0.05490822811032273,13,knot_research.db
42027,13n_4680,1,109,108,0.2703400664385742,13,knot_research.db
42028,13n_4530,1,107,106,0.29968402113652204,13,knot_research.db
42029,13n_1688,1,103,102,0.02632486004140994,13,knot_research.db
42030,13n_2825,1,113,112,0.05962812519536666,13,knot_research.db
42031,13n_1427,1,99,98,0.07848701261148447,13,knot_research.db
42032,13n_2955,1,115,114,0.15817245069851285,13,knot_research.db
42033,13n_4744,1,107,106,0.296449086638007,13,knot_research.db
42034,13n_3003,1,117,116,0.165709465405617,13,knot_research.db
42035,13n_2836,1,109,108,0.1834109954544216,13,knot_research.db
42036,13n_4801,1,115,114,0.0779772584101148,13,knot_research.db
42037,13n_4598,1,113,112,0.26616289576634855,13,knot_research.db
42038,13n_3014,1,117,116,0.05507402191880976,13,knot_research.db
42039,13n_4700,1,111,110,0.20453115189430657,13,knot_research.db
42040,13n_4939,1,115,114,0.14462995086663913,13,knot_research.db
42041,13n_4671,1,103,102,0.2335924530856658,13,knot_research.db
42042,13n_2592,1,113,112,0.0429295094540752,13,knot_research.db
42043,13n_2986,1,111,110,0.28636170338958644,13,knot_research.db
42044,13n_2977,1,111,109,0.026908361418545714,13,knot_research.db
42045,13n_4550,1,111,110,0.13559021970274293,13,knot_research.db
42046,13n_4764,1,111,110,0.23542091267636808,13,knot_research.db
42047,13n_1708,1,115,114,0.005871191098722056,13,knot_research.db
42048,13n_3142,1,111,110,0.004330057152356182,13,knot_research.db
42049,13n_1447,1,103,102,0.0898897252484455,13,knot_research.db
42050,13n_2975,1,109,108,0.20300998968187853,13,knot_research.db
42051,13n_2845,1,109,108,0.23814572335316933,13,knot_research.db
42052,13n_4821,1,105,104,0.06347444829399973,13,knot_research.db
42053,13n_4959,1,103,102,0.24620949239606268,13,knot_research.db
42054,13n_4618,1,109,108,0.10309579289000188,13,knot_research.db
42055,13n_4691,1,101,100,0.039936609698572094,13,knot_research.db
42056,13n_4720,1,115,114,0.02109348899122306,13,knot_research.db
42057,13n_4570,1,109,109,0.1611383279136084,13,knot_research.db
42058,13n_3023,1,117,116,0.013957466422050414,13,knot_research.db
42059,13n_3034,1,105,105,0.08517286287867655,13,knot_research.db
42060,13n_2612,1,115,114,0.061349547211952744,13,knot_research.db
42061,13n_2997,1,111,110,0.09455857662227918,13,knot_research.db
42062,13n_2856,1,105,104,0.00635179240938708,13,knot_research.db
42063,13n_3006,1,121,120,0.12249332459579121,13,knot_research.db
42064,13n_4841,1,113,112,0.05203455563767971,13,knot_research.db
42065,13n_4784,1,115,114,0.18250717509883235,13,knot_research.db
42066,13n_4711,1,103,102,0.1595162159336265,13,knot_research.db
42067,13n_2995,1,113,112,0.006077202411506661,13,knot_research.db
42068,13n_3162,1,111,109,0.014757715073833236,13,knot_research.db
42069,13n_1467,1,105,104,0.008226925164226195,13,knot_research.db
42070,13n_4638,1,101,100,0.031486568153291726,13,knot_research.db
42071,13n_2865,1,107,106,0.18803461831786208,13,knot_research.db
42072,13n_4979,1,113,112,0.029983627572058535,13,knot_research.db
42073,13n_4590,1,101,101,0.04215831135999884,13,knot_research.db
42074,13n_4861,1,111,110,0.09228826964311078,13,knot_research.db
42075,13n_3054,1,99,98,0.17220832270448608,13,knot_research.db
42076,13n_2876,1,109,108,0.0477322897409409,13,knot_research.db
42077,13n_4731,1,115,114,0.16414116077902438,13,knot_research.db
42078,13n_4658,1,87,86,0.12942329454504237,13,knot_research.db
42079,13n_3017,1,109,108,0.04213227029376087,13,knot_research.db
42080,13n_4804,1,105,104,0.0720181643838264,13,knot_research.db
42081,13n_4740,1,111,110,0.2620129391395492,13,knot_research.db
42082,13n_2632,1,109,108,0.020428929528361842,13,knot_research.db
42083,13n_3043,1,111,110,0.08466829208543405,13,knot_research.db
42084,13n_3015,1,113,112,0.17791988558529861,13,knot_research.db
42085,13n_4999,1,109,108,0.07886528987190447,13,knot_research.db
42123,13n_1728,1,97,97,0.18948163802524906,13,knot_research.db
42574,13n_1487,1,107,106,0.15129168055163517,13,knot_research.db
42589,13n_2885,1,113,112,0.08787709744680544,13,knot_research.db
42900,13n_3074,1,107,106,0.026127754261161196,13,knot_research.db
42916,13n_3026,1,117,116,0.015348483718232319,13,knot_research.db
43285,13n_4881,1,115,114,0.030212126723950992,13,knot_research.db
43290,13n_4610,1,117,116,0.18367338696573485,13,knot_research.db
43324,13n_4678,1,103,102,0.08628452214319776,13,knot_research.db
43325,13n_4751,1,111,110,0.13955176673348862,13,knot_research.db
43326,13n_3037,1,113,112,0.14607322626035515,13,knot_research.db
43327,13n_4760,1,109,108,0.18366542723220147,13,knot_research.db
43328,13n_3182,1,109,108,0.2642139166856861,13,knot_research.db
43329,13n_4824,1,115,114,0.19034810932975474,13,knot_research.db
43330,13n_2896,1,125,124,0.14621810297008972,13,knot_research.db
43331,13n_5019,1,105,104,0.03503257325897717,13,knot_research.db
43332,13n_2652,1,103,102,0.0989183581078075,13,knot_research.db
43333,13n_3063,1,113,112,0.156427580893138,13,knot_research.db
43334,13n_3035,1,111,110,0.2707419041084004,13,knot_research.db
43335,13n_1748,1,109,108,0.14195044769703216,13,knot_research.db
43336,13n_4698,1,105,104,0.09650136115871544,13,knot_research.db
43337,13n_1507,1,113,112,0.09552547342036515,13,knot_research.db
43338,13n_3094,1,107,107,0.09259685725709563,13,knot_research.db
43339,13n_2672,1,107,106,0.07888908282667048,13,knot_research.db
43340,13n_2905,1,111,110,0.22592049933457134,13,knot_research.db
43341,13n_5039,1,109,108,0.333959778944491,13,knot_research.db
43342,13n_4780,1,115,114,0.12163325273069381,13,knot_research.db
43343,13n_4901,1,101,100,0.34205499782918636,13,knot_research.db
43344,13n_4630,1,109,108,0.057300911457448846,13,knot_research.db
43345,13n_4844,1,113,112,0.14101253624139448,13,knot_research.db
43346,13n_3083,1,119,118,0.11035251412672765,13,knot_research.db
43347,13n_4771,1,107,106,0.2790006836375801,13,knot_research.db
43348,13n_3046,1,109,108,0.15863876612827452,13,knot_research.db
43349,13n_3202,1,109,108,0.22335121480773487,13,knot_research.db
43350,13n_3055,1,105,104,0.016842614404634595,13,knot_research.db
43351,13n_3057,1,107,106,0.28697664650031424,13,knot_research.db
43352,13n_1768,1,111,110,0.019428749532650072,13,knot_research.db
43353,13n_5059,1,113,112,0.24006016166064723,13,knot_research.db
43354,13n_2692,1,111,110,0.032856078231402894,13,knot_research.db
43355,13n_4650,1,115,114,0.14803761867940363,13,knot_research.db
43356,13n_3114,1,103,102,0.04006366153096618,13,knot_research.db
43357,13n_4921,1,111,110,0.1640636055435996,13,knot_research.db
43358,13n_4718,1,111,110,0.23278143735469367,13,knot_research.db
43359,13n_4800,1,115,114,0.04715403166318387,13,knot_research.db
43360,13n_2925,1,109,108,0.2557866063745145,13,knot_research.db
43361,13n_3066,1,111,110,0.04919356515132565,13,knot_research.db
43362,13n_1527,1,111,110,0.14377731259518162,13,knot_research.db
43363,13n_3075,1,111,110,0.08488203577197906,13,knot_research.db
43364,13n_4864,1,109,108,0.25027817898851057,13,knot_research.db
43365,13n_4791,1,119,118,0.2048548328606427,13,knot_research.db
43366,13n_2916,1,117,116,0.1448478018851444,13,knot_research.db
43367,13n_3222,1,115,114,0.26982756035638333,13,knot_research.db
43368,13n_3077,1,107,106,0.009427340543799213,13,knot_research.db
43369,13n_3103,1,109,108,0.2191109427015683,13,knot_research.db
43370,13n_4941,1,107,106,0.180854210977742,13,knot_research.db
43371,13n_5079,1,107,106,0.09151880105313472,13,knot_research.db
43372,13n_4738,1,113,112,0.0013066037912865776,13,knot_research.db
43373,13n_3134,1,111,110,0.051986219122033515,13,knot_research.db
43374,13n_4670,1,105,104,0.2287192034335285,13,knot_research.db
43375,13n_4820,1,111,110,0.22322194480191876,13,knot_research.db
43376,13n_2712,1,117,116,0.11128889148931707,13,knot_research.db
43377,13n_2945,1,107,106,0.11465361928841955,13,knot_research.db
43378,13n_4884,1,115,114,0.23507150459775092,13,knot_research.db
43379,13n_1788,1,111,110,0.019062885998012116,13,knot_research.db
43380,13n_3086,1,113,112,0.022907576975579692,13,knot_research.db
43381,13n_3095,1,109,108,0.03313951049737214,13,knot_research.db
43382,13n_4961,1,103,102,0.18897243556053658,13,knot_research.db
43383,13n_4811,1,107,106,0.1373883350738512,13,knot_research.db
43384,13n_5099,1,115,114,0.26416558534389745,13,knot_research.db
43385,13n_3097,1,109,108,0.31997501579967114,13,knot_research.db
43386,13n_4840,1,107,106,0.19873524831655898,13,knot_research.db
43387,13n_3123,1,109,108,0.1820481335798394,13,knot_research.db
43388,13n_1547,1,111,110,0.327449668166387,13,knot_research.db
43389,13n_4690,1,103,102,0.1878088115039859,13,knot_research.db
43390,13n_4758,1,111,110,0.11613689474951172,13,knot_research.db
43391,13n_3242,1,111,110,0.005588272670618245,13,knot_research.db
43392,13n_4904,1,109,108,0.15788992663124737,13,knot_research.db
43393,13n_2965,1,113,112,0.027874671505725857,13,knot_research.db
43394,13n_4831,1,113,112,0.09470801106750973,13,knot_research.db
43395,13n_3154,1,107,106,0.06074022562246783,13,knot_research.db
43396,13n_4981,1,111,110,0.11867747017203335,13,knot_research.db
43397,13n_2936,1,115,114,0.25755301931870805,13,knot_research.db
43398,13n_4860,1,111,110,0.04020979327762191,13,knot_research.db
43399,13n_3115,1,105,104,0.0104087241804461,13,knot_research.db
43400,13n_4710,1,103,102,0.19999002581448494,13,knot_research.db
43401,13n_3106,1,113,112,0.01042193416447836,13,knot_research.db
43402,13n_2732,1,111,110,0.02362345285888058,13,knot_research.db
43403,13n_1808,1,107,106,0.26389872888355365,13,knot_research.db
43404,13n_3143,1,107,106,0.05854609758344099,13,knot_research.db
43405,13n_3117,1,105,104,0.13459053215954794,13,knot_research.db
43406,13n_4778,1,109,108,0.10328923832070118,13,knot_research.db
43407,13n_5001,1,107,106,0.10983551707308394,13,knot_research.db
43408,13n_4924,1,109,108,0.1666997458854566,13,knot_research.db
43409,13n_3174,1,111,110,0.23195785916785477,13,knot_research.db
43410,13n_4851,1,109,108,0.040622548080839344,13,knot_research.db
43411,13n_4880,1,107,106,0.2981166152982592,13,knot_research.db
43412,13n_3262,1,103,102,0.21205355224909997,13,knot_research.db
43413,13n_3135,1,111,109,0.010427119425993014,13,knot_research.db
43414,13n_1567,1,111,110,0.15875485183148966,13,knot_research.db
43415,13n_4730,1,107,106,0.2619388851101939,13,knot_research.db
43416,13n_2985,1,107,106,0.019200525699556173,13,knot_research.db
43417,13n_2956,1,111,110,0.02267005175867502,13,knot_research.db
43418,13n_2752,1,111,110,0.019219822218640364,13,knot_research.db
43419,13n_3126,1,115,114,0.2694721129232873,13,knot_research.db
43420,13n_4798,1,113,112,0.012636504471404379,13,knot_research.db
43421,13n_5021,1,109,108,0.04893987210144622,13,knot_research.db
43422,13n_3137,1,115,114,0.10610773001740023,13,knot_research.db
43423,13n_4871,1,111,110,0.14583138898131132,13,knot_research.db
43424,13n_3163,1,117,116,0.027445899144895022,13,knot_research.db
43425,13n_3194,1,105,104,0.2921673850587904,13,knot_research.db
43426,13n_4750,1,111,110,0.049882956447043644,13,knot_research.db
43427,13n_1828,1,113,112,0.2865495582668212,13,knot_research.db
43428,13n_3282,1,111,110,0.13093873431862577,13,knot_research.db
43429,13n_4900,1,105,104,0.3093773413579193,13,knot_research.db
43430,13n_3155,1,107,106,0.0305887463900668,13,knot_research.db
43431,13n_3005,1,119,118,0.24949629745031865,13,knot_research.db
43432,13n_1587,1,111,110,0.00438495739172126,13,knot_research.db
43433,13n_5041,1,109,108,0.2514482188641586,13,knot_research.db
43434,13n_4891,1,109,108,0.29968402113643344,13,knot_research.db
43435,13n_4944,1,113,112,0.20889170986795833,13,knot_research.db
43436,13n_4818,1,111,110,0.2279460477018824,13,knot_research.db
43437,13n_2976,1,109,107,0.04618776545666641,13,knot_research.db
43438,13n_2772,1,111,110,0.20498693171784896,13,knot_research.db
43439,13n_4770,1,115,114,0.21746405443339267,13,knot_research.db
43440,13n_4920,1,111,110,0.0548882842218654,13,knot_research.db
43441,13n_3214,1,113,111,0.042295773073306765,13,knot_research.db
43442,13n_3146,1,121,120,0.030072640629840892,13,knot_research.db
43443,13n_3302,1,121,120,0.20591804448829604,13,knot_research.db
43444,13n_3157,1,101,100,0.13712978204061985,13,knot_research.db
43445,13n_3175,1,111,110,0.06107320475825961,13,knot_research.db
43446,13n_5061,1,107,106,0.22350050394059615,13,knot_research.db
43447,13n_4838,1,107,106,0.04220181582347856,13,knot_research.db
43448,13n_4964,1,107,106,0.1724379659237372,13,knot_research.db
43449,13n_3025,1,109,108,0.207977857279735,13,knot_research.db
43450,13n_4911,1,107,106,0.1464315954832075,13,knot_research.db
43451,13n_2792,1,117,116,0.09342447514306876,13,knot_research.db
43452,13n_4790,1,111,110,0.2386683840410637,13,knot_research.db
43453,13n_4940,1,111,110,0.10636212834713749,13,knot_research.db
43454,13n_1848,1,115,114,0.005426259240953569,13,knot_research.db
43455,13n_3177,1,109,108,0.04024148011921976,13,knot_research.db
43456,13n_2996,1,113,112,0.20035072861076847,13,knot_research.db
43457,13n_5081,1,115,114,0.03466713129198837,13,knot_research.db
43458,13n_3183,1,107,106,0.00445394320136241,13,knot_research.db
43459,13n_3234,1,109,108,0.00847712671549108,13,knot_research.db
43460,13n_1607,1,117,116,0.012270393091358169,13,knot_research.db
43461,13n_3195,1,109,108,0.1886899985620617,13,knot_research.db
43462,13n_4984,1,109,108,0.11037435808502805,13,knot_research.db
43463,13n_4858,1,109,108,0.0102653620930022,13,knot_research.db
43464,13n_3322,1,111,110,0.20498693171874632,13,knot_research.db
43465,13n_3045,1,105,104,0.1388456644930685,13,knot_research.db
43466,13n_3166,1,109,107,0.03492501722825782,13,knot_research.db
43467,13n_4960,1,105,104,0.07443654850052159,13,knot_research.db
43468,13n_4931,1,109,108,0.2617555688787192,13,knot_research.db
43469,13n_4810,1,113,112,0.12793974209797243,13,knot_research.db
43470,13n_5004,1,107,106,0.18548279181461652,13,knot_research.db
43471,13n_3203,1,113,112,0.15664957237986962,13,knot_research.db
43472,13n_2812,1,109,107,0.018692815904255082,13,knot_research.db
43473,13n_3254,1,97,96,0.20944290794441692,13,knot_research.db
43474,13n_5101,1,113,112,0.3134404402437726,13,knot_research.db
43475,13n_3197,1,115,113,0.029537598034604245,13,knot_research.db
43476,13n_3215,1,111,110,0.20947431356491383,13,knot_research.db
43477,13n_3016,1,115,114,0.006669397161023713,13,knot_research.db
43478,13n_4980,1,111,110,0.1881999413721327,13,knot_research.db
43479,13n_4878,1,107,106,0.2562960622717649,13,knot_research.db
43480,13n_3065,1,115,114,0.10539164292215358,13,knot_research.db
43481,13n_1868,1,115,114,0.016391783016497845,13,knot_research.db
43482,13n_3186,1,111,110,0.20538967684223913,13,knot_research.db
43483,13n_4951,1,105,104,0.0619991125328535,13,knot_research.db
43484,13n_3342,1,109,108,0.29745068179184253,13,knot_research.db
43485,13n_5024,1,111,110,0.24890055940631736,13,knot_research.db
43486,13n_4830,1,115,114,0.25422724423273435,13,knot_research.db
43487,13n_1627,1,107,106,0.18901505125578855,13,knot_research.db
43488,13n_3274,1,111,110,0.22340262857207896,13,knot_research.db
43489,13n_2832,1,109,108,0.032290676707762825,13,knot_research.db
43490,13n_5000,1,109,108,0.11187726777099638,13,knot_research.db
43491,13n_3235,1,109,108,0.011525781658733688,13,knot_research.db
43492,13n_4971,1,111,110,0.16417371299456654,13,knot_research.db
43493,13n_5044,1,115,114,0.048979713474661214,13,knot_research.db
43494,13n_4850,1,113,112,0.18311281653687858,13,knot_research.db
43495,13n_3085,1,105,104,0.023837789288081498,13,knot_research.db
43496,13n_3217,1,107,106,0.11963240488248801,13,knot_research.db
43497,13n_3036,1,111,110,0.11963252601529965,13,knot_research.db
43498,13n_3362,1,111,110,0.1576323308876829,13,knot_research.db
43499,13n_1888,1,99,98,0.006028448777488186,13,knot_research.db
43500,13n_4898,1,111,110,0.04073567754970156,13,knot_research.db
43501,13n_5020,1,107,106,0.08156639599837423,13,knot_research.db
43502,13n_3206,1,109,108,0.20254026408416745,13,knot_research.db
43503,13n_1647,1,111,110,0.02218129411471191,13,knot_research.db
43504,13n_2852,1,109,108,0.08818492401481974,13,knot_research.db
43505,13n_3294,1,113,112,0.1885616875292875,13,knot_research.db
43506,13n_3255,1,111,110,0.03595545348504484,13,knot_research.db
43507,13n_3223,1,113,112,0.1746527135001041,13,knot_research.db
43508,13n_3237,1,111,110,0.277032900333354,13,knot_research.db
43509,13n_5064,1,117,115,0.03528211216724154,13,knot_research.db
43510,13n_4991,1,115,114,0.034288470323953754,13,knot_research.db
43511,13n_4870,1,111,110,0.1168997737097244,13,knot_research.db
43512,13n_4918,1,113,112,0.08688041686701484,13,knot_research.db
43513,13n_5040,1,115,114,0.0934659399651875,13,knot_research.db
43514,13n_3056,1,105,104,0.13138334022254466,13,knot_research.db
43515,13n_3226,1,111,110,0.01158077451571265,13,knot_research.db
43516,13n_3105,1,113,112,0.11413622904636249,13,knot_research.db
43517,13n_1908,1,107,106,0.07370532322541705,13,knot_research.db
43518,13n_2872,1,97,96,0.005237768804421989,13,knot_research.db
43519,13n_3275,1,111,110,0.12613400806392133,13,knot_research.db
43520,13n_4890,1,109,108,0.1577080263275518,13,knot_research.db
43521,13n_5011,1,107,106,0.19159936644087175,13,knot_research.db
43522,13n_1667,1,117,116,0.21053593989333336,13,knot_research.db
43523,13n_3257,1,107,106,0.008797465090311095,13,knot_research.db
43524,13n_3076,1,109,108,0.02909638027234262,13,knot_research.db
43525,13n_5084,1,109,108,0.26709498976423257,13,knot_research.db
43526,13n_3382,1,105,105,0.1330316913796368,13,knot_research.db
43527,13n_5060,1,107,106,0.03917171470950112,13,knot_research.db
43528,13n_4938,1,107,106,0.2062467476544695,13,knot_research.db
43529,13n_3243,1,111,110,0.025485652844151753,13,knot_research.db
43530,13n_3314,1,109,108,0.27213151973046346,13,knot_research.db
43531,13n_3246,1,115,114,0.07574271375791279,13,knot_research.db
43532,13n_3125,1,111,110,0.0035536305538939393,13,knot_research.db
43533,13n_5031,1,105,104,0.007899476533201617,13,knot_research.db
43534,13n_1928,1,109,108,0.015170157815830107,13,knot_research.db
43535,13n_2892,1,103,102,0.09994566576834782,13,knot_research.db
43536,13n_4910,1,111,110,0.29592592786562805,13,knot_research.db
43537,13n_3295,1,107,106,0.07847369294936443,13,knot_research.db
43538,13n_5080,1,111,110,0.23588386372392967,13,knot_research.db
43539,13n_4958,1,105,104,0.07414185501162286,13,knot_research.db
43540,13n_3402,1,109,107,0.04029779090905954,13,knot_research.db
43541,13n_3096,1,109,108,0.043506764916594616,13,knot_research.db
43542,13n_3277,1,107,106,0.21676798675663334,13,knot_research.db
43543,13n_5104,1,107,106,0.2183280817514511,13,knot_research.db
43544,13n_3263,1,115,114,0.10974170149263433,13,knot_research.db
43545,13n_5051,1,115,114,0.12706509247193132,13,knot_research.db
43546,13n_1687,1,103,102,0.050021831226685444,13,knot_research.db
43547,13n_2912,1,109,108,0.005452924661095571,13,knot_research.db
43548,13n_3334,1,113,112,0.04442379137792118,13,knot_research.db
43549,13n_5100,1,115,114,0.13372443469763814,13,knot_research.db
43550,13n_4930,1,111,110,0.28209236338571747,13,knot_research.db
43551,13n_3145,1,113,112,0.16486875070801144,13,knot_research.db
43552,13n_4978,1,109,108,0.24186363217385917,13,knot_research.db
43553,13n_3266,1,111,110,0.1256262646725444,13,knot_research.db
43554,13n_3315,1,109,108,0.0013315245880476895,13,knot_research.db
43555,13n_1948,1,103,102,0.0058516630248448345,13,knot_research.db
43556,13n_3297,1,111,110,0.0023042938509825416,13,knot_research.db
43557,13n_5071,1,111,110,0.22517681240694679,13,knot_research.db
43558,13n_3116,1,107,106,0.18513969170306868,13,knot_research.db
43559,13n_3422,1,111,110,0.063555294357905,13,knot_research.db
43560,13n_4998,1,111,110,0.19426003419094212,13,knot_research.db
43561,13n_3283,1,111,110,0.11949799879586474,13,knot_research.db
43562,13n_1707,1,119,118,0.1762235861424727,13,knot_research.db
43563,13n_2932,1,113,112,0.013673750588096414,13,knot_research.db
43564,13n_4950,1,107,106,0.14461516475595443,13,knot_research.db
43565,13n_3354,1,107,106,0.1704796302805676,13,knot_research.db
43566,13n_3286,1,119,118,0.2269291663661674,13,knot_research.db
43567,13n_3335,1,109,108,0.03611618114465048,13,knot_research.db
43568,13n_1968,1,111,110,0.10086089164284896,13,knot_research.db
43569,13n_3165,1,111,110,0.08781606495758154,13,knot_research.db
43570,13n_5091,1,107,106,0.16370095675334265,13,knot_research.db
43571,13n_3136,1,109,108,0.19029550954117447,13,knot_research.db
43572,13n_3317,1,115,114,0.1151781207768558,13,knot_research.db
43573,13n_3442,1,107,106,0.021760207655318137,13,knot_research.db
43574,13n_4970,1,117,116,0.1216579892178086,13,knot_research.db
43575,13n_3303,1,111,110,0.01600873248495227,13,knot_research.db
43576,13n_5018,1,107,106,0.029169493061854738,13,knot_research.db
43577,13n_2952,1,123,122,0.04264229870142639,13,knot_research.db
43578,13n_3374,1,113,112,0.20498693170719415,13,knot_research.db
43579,13n_3185,1,117,116,0.02669707924738009,13,knot_research.db
43580,13n_3462,1,107,106,0.14598862199514098,13,knot_research.db
43581,13n_3156,1,103,102,0.09555406666258943,13,knot_research.db
43582,13n_3355,1,107,106,0.02378855898847358,13,knot_research.db
43583,13n_3306,1,111,110,0.11433810673324553,13,knot_research.db
43584,13n_1727,1,101,101,0.17250721349352952,13,knot_research.db
43585,13n_5038,1,111,110,0.22347078002869622,13,knot_research.db
43586,13n_1988,1,113,112,0.2137101346263245,13,knot_research.db
43587,13n_3337,1,109,108,0.02536215510332952,13,knot_research.db
43588,13n_3323,1,109,108,0.09949690845340162,13,knot_research.db
43589,13n_4990,1,109,108,0.17120621693806953,13,knot_research.db
43590,13n_3394,1,109,108,0.010782322803256866,13,knot_research.db
43591,13n_3176,1,107,106,0.22950735363263158,13,knot_research.db
43592,13n_3482,1,111,110,0.02147813667403676,13,knot_research.db
43593,13n_3375,1,111,110,0.02072867277728658,13,knot_research.db
43594,13n_5058,1,117,116,0.22715480969562873,13,knot_research.db
43595,13n_3205,1,115,114,0.13400174988054694,13,knot_research.db
43596,13n_1747,1,111,110,0.056428555848270695,13,knot_research.db
43597,13n_3343,1,107,106,0.006949228901221574,13,knot_research.db
43598,13n_3357,1,107,106,0.1512628964533048,13,knot_research.db
43599,13n_5010,1,105,104,0.10102536113356426,13,knot_research.db
43600,13n_3326,1,113,112,0.09188820891037652,13,knot_research.db
43601,13n_3414,1,105,105,0.03377194870870105,13,knot_research.db
43602,13n_2972,1,117,116,0.09236492753581421,13,knot_research.db
43603,13n_3395,1,107,106,0.16723873971942693,13,knot_research.db
43604,13n_3502,1,125,124,0.11677983057545986,13,knot_research.db
43605,13n_2008,1,109,108,0.02827843795564748,13,knot_research.db
43606,13n_3196,1,109,108,0.03429121684135048,13,knot_research.db
43607,13n_5078,1,103,102,0.1523116321752434,13,knot_research.db
43608,13n_5030,1,109,108,0.16834688237027057,13,knot_research.db
43609,13n_3225,1,107,106,0.06659957597508132,13,knot_research.db
43610,13n_3377,1,107,106,0.15597741710971935,13,knot_research.db
43611,13n_3434,1,107,106,0.20901282472768315,13,knot_research.db
43612,13n_3363,1,107,106,0.03960467951642868,13,knot_research.db
43613,13n_1767,1,119,118,0.03459254535820589,13,knot_research.db
43614,13n_3415,1,107,106,0.04535459717465473,13,knot_research.db
43615,13n_5098,1,107,106,0.03238242377959756,13,knot_research.db
43616,13n_3346,1,111,110,0.005694969554284318,13,knot_research.db
43617,13n_5050,1,107,106,0.19787920965960057,13,knot_research.db
43618,13n_2028,1,119,118,0.13354255978301308,13,knot_research.db
43619,13n_2992,1,115,113,0.014746382247574935,13,knot_research.db
43620,13n_3216,1,113,112,0.11437663232866369,13,knot_research.db
43621,13n_3397,1,109,108,0.28895751341527803,13,knot_research.db
43622,13n_3383,1,103,102,0.006975689701948321,13,knot_research.db
43623,13n_3454,1,107,107,0.22966718375825826,13,knot_research.db
43624,13n_3245,1,115,114,0.16737647622602078,13,knot_research.db
43625,13n_3435,1,109,108,0.11281381347724294,13,knot_research.db
43626,13n_3366,1,103,103,0.16253146211264874,13,knot_research.db
43627,13n_5070,1,109,108,0.1163205503222803,13,knot_research.db
43628,13n_3522,1,115,114,0.1573218820607564,13,knot_research.db
43629,13n_3403,1,109,108,0.18204935054924276,13,knot_research.db
43630,13n_3474,1,105,104,0.005612335462074861,13,knot_research.db
43631,13n_3417,1,111,110,0.05217891753569026,13,knot_research.db
43632,13n_3236,1,107,106,0.1903214750296159,13,knot_research.db
43633,13n_2048,1,105,105,0.09153439859397415,13,knot_research.db
43634,13n_3455,1,109,108,0.11323720647148516,13,knot_research.db
43635,13n_3012,1,113,112,0.13195210585169473,13,knot_research.db
43636,13n_5090,1,113,112,0.19902705502534448,13,knot_research.db
43637,13n_1787,1,109,108,0.16537999089799754,13,knot_research.db
43638,13n_3265,1,109,108,0.001562956909573891,13,knot_research.db
43639,13n_3386,1,103,102,0.06920654513029138,13,knot_research.db
43640,13n_3494,1,111,110,0.010853353897951338,13,knot_research.db
43641,13n_3423,1,109,108,0.29380179295598813,13,knot_research.db
43642,13n_3437,1,111,110,0.11718253182574344,13,knot_research.db
43643,13n_3406,1,111,110,0.05693658166423984,13,knot_research.db
43644,13n_3256,1,109,108,0.018145092352137727,13,knot_research.db
43645,13n_3475,1,107,106,0.06442816171232776,13,knot_research.db
43646,13n_2068,1,109,108,0.025493664249864538,13,knot_research.db
43647,13n_3542,1,107,106,0.030668374143283886,13,knot_research.db
43648,13n_3285,1,109,108,0.01416764234397996,13,knot_research.db
43649,13n_5110,1,105,104,0.311261992604059,13,knot_research.db
43650,13n_1807,1,103,102,0.06787709174866413,13,knot_research.db
43651,13n_3514,1,117,116,0.05027075888119548,13,knot_research.db
43652,13n_3276,1,107,106,0.3235343182444459,13,knot_research.db
43653,13n_3443,1,105,104,0.012670082079490115,13,knot_research.db
43654,13n_3457,1,111,109,0.007930627694779209,13,knot_research.db
43655,13n_3495,1,111,110,0.23149323219960896,13,knot_research.db
43656,13n_3305,1,107,106,0.0832384683696257,13,knot_research.db
43657,13n_3562,1,115,114,0.06755369594147045,13,knot_research.db
43658,13n_2088,1,107,106,0.24726479050724576,13,knot_research.db
43659,13n_3032,1,109,108,0.20498693171883595,13,knot_research.db
43660,13n_3426,1,107,106,0.23590264303367584,13,knot_research.db
43661,13n_3463,1,103,102,0.006809717350851753,13,knot_research.db
43662,13n_1827,1,115,114,0.27962648015959296,13,knot_research.db
43663,13n_3325,1,109,108,0.1477662990255749,13,knot_research.db
43664,13n_3296,1,107,106,0.0764067014512081,13,knot_research.db
43665,13n_3477,1,109,108,0.0251984475137322,13,knot_research.db
43666,13n_3515,1,121,120,0.21637945379146334,13,knot_research.db
43667,13n_3534,1,109,108,0.06831997795958894,13,knot_research.db
43668,13n_3446,1,113,112,0.19561772009637018,13,knot_research.db
43669,13n_3052,1,105,104,0.014864216042961271,13,knot_research.db
43670,13n_3582,1,97,96,0.01135661404885295,13,knot_research.db
43671,13n_2108,1,111,110,0.10526876099009842,13,knot_research.db
43672,13n_3483,1,109,108,0.18594535935955714,13,knot_research.db
43673,13n_3316,1,111,110,0.0752898944154015,13,knot_research.db
43674,13n_3497,1,105,104,0.2258089337504287,13,knot_research.db
43675,13n_3345,1,111,110,0.15817175654962043,13,knot_research.db
43676,13n_3554,1,111,110,0.002523777479619903,13,knot_research.db
43677,13n_3072,1,109,108,0.13852723574482437,13,knot_research.db
43678,13n_3602,1,103,102,0.04514811506686916,13,knot_research.db
43679,13n_1847,1,115,115,0.12947178049176694,13,knot_research.db
43680,13n_3466,1,107,106,0.0030600706003661143,13,knot_research.db
43681,13n_3535,1,109,108,0.15450590595559685,13,knot_research.db
43682,13n_3517,1,111,109,0.021009108261772713,13,knot_research.db
43683,13n_3336,1,115,114,0.135607851477926,13,knot_research.db
43684,13n_3503,1,117,116,0.001824496378593478,13,knot_research.db
43685,13n_2128,1,115,114,0.21615952965108406,13,knot_research.db
43686,13n_3574,1,115,114,0.0574113714283523,13,knot_research.db
43687,13n_3365,1,103,102,0.07251477702090614,13,knot_research.db
43688,13n_3092,1,113,112,0.07058147323742218,13,knot_research.db
43689,13n_3486,1,109,108,0.09607537062067463,13,knot_research.db
43690,13n_3555,1,109,108,0.009270430909123946,13,knot_research.db
43691,13n_3622,1,109,108,0.05746336422914457,13,knot_research.db
43692,13n_3537,1,105,104,0.012429250110447779,13,knot_research.db
43693,13n_3356,1,107,106,0.02037370747741086,13,knot_research.db
43694,13n_1867,1,109,108,0.021258506170977312,13,knot_research.db
43695,13n_3385,1,99,99,0.2680740272823806,13,knot_research.db
43696,13n_3523,1,115,114,0.00337335590566396,13,knot_research.db
43697,13n_3594,1,123,122,0.035699362287218844,13,knot_research.db
43698,13n_3506,1,111,110,0.014269861427857022,13,knot_research.db
43699,13n_3575,1,121,120,0.22658489723977304,13,knot_research.db
43700,13n_2148,1,113,112,0.005176715526160625,13,knot_research.db
43701,13n_3557,1,111,110,0.16443758124205288,13,knot_research.db
43702,13n_3642,1,115,113,0.018027054335792655,13,knot_research.db
43703,13n_3112,1,107,106,0.2416830450273973,13,knot_research.db
43704,13n_3376,1,109,108,0.22522008712950584,13,knot_research.db
43705,13n_3405,1,107,106,0.019263689873820548,13,knot_research.db
43706,13n_1887,1,105,104,0.24315582820317966,13,knot_research.db
43707,13n_3526,1,115,113,0.06630420233493864,13,knot_research.db
43708,13n_3577,1,109,108,0.009914974849753426,13,knot_research.db
43709,13n_3662,1,103,102,0.05495098103452078,13,knot_research.db
43710,13n_2168,1,111,110,0.08566950726950232,13,knot_research.db
43711,13n_3595,1,119,118,0.20274478590325015,13,knot_research.db
43712,13n_3425,1,103,102,0.14215956001314003,13,knot_research.db
43713,13n_3132,1,111,110,0.21914224274201505,13,knot_research.db
43714,13n_3396,1,107,106,0.12722892241643344,13,knot_research.db
43715,13n_3614,1,111,110,0.05983697692166006,13,knot_research.db
43716,13n_1907,1,105,105,0.03004011624630539,13,knot_research.db
43717,13n_3546,1,109,108,0.00629258052225568,13,knot_research.db
43718,13n_3597,1,107,106,0.032865097940952104,13,knot_research.db
43719,13n_3682,1,113,112,0.10154256276021775,13,knot_research.db
43720,13n_3445,1,109,108,0.15431443612456927,13,knot_research.db
43721,13n_2188,1,113,112,0.04907609988571415,13,knot_research.db
43722,13n_3543,1,111,110,0.13985960581461074,13,knot_research.db
43723,13n_3416,1,107,106,0.03184531760331595,13,knot_research.db
43724,13n_3617,1,115,114,0.02021399131034915,13,knot_research.db
43725,13n_3152,1,115,114,0.16890931607212703,13,knot_research.db
43726,13n_3634,1,111,110,0.031205270007157913,13,knot_research.db
43727,13n_3615,1,109,108,0.2889754099718967,13,knot_research.db
43728,13n_3566,1,107,106,0.17354246685029937,13,knot_research.db
43729,13n_1927,1,109,108,0.06855174990872409,13,knot_research.db
43730,13n_3702,1,105,104,0.0037496530567649646,13,knot_research.db
43731,13n_3465,1,113,112,0.049086791209654715,13,knot_research.db
43732,13n_3563,1,107,106,0.04523034890289738,13,knot_research.db
43733,13n_3436,1,111,110,0.03028721715020946,13,knot_research.db
43734,13n_2208,1,109,108,0.20077578769304683,13,knot_research.db
43735,13n_3654,1,113,112,0.0884452891762918,13,knot_research.db
43736,13n_3637,1,109,108,0.2442753754447973,13,knot_research.db
43737,13n_3586,1,103,102,0.3281897014822932,13,knot_research.db
43738,13n_3635,1,107,106,0.0033660360129967796,13,knot_research.db
43739,13n_3722,1,113,112,0.07529330126565814,13,knot_research.db
43740,13n_3172,1,115,114,0.06854998740465526,13,knot_research.db
43741,13n_3485,1,109,108,0.03461518653668825,13,knot_research.db
43742,13n_3583,1,105,104,0.029050387455669794,13,knot_research.db
43743,13n_1947,1,103,102,0.03700026795961603,13,knot_research.db
43744,13n_3456,1,107,106,0.17018505318362231,13,knot_research.db
43745,13n_3674,1,113,112,0.01606298024221223,13,knot_research.db
43746,13n_3657,1,109,108,0.3456116312912435,13,knot_research.db
43747,13n_3655,1,103,102,0.05948073933892339,13,knot_research.db
43748,13n_3603,1,111,110,0.01287108333647352,13,knot_research.db
43749,13n_3742,1,109,107,0.01922057334530664,13,knot_research.db
43750,13n_3505,1,109,108,0.002190287781429232,13,knot_research.db
43751,13n_3606,1,111,110,0.13516028745288208,13,knot_research.db
43752,13n_2228,1,111,110,0.0751615533387078,13,knot_research.db
43753,13n_1967,1,111,110,0.09065120246586081,13,knot_research.db
43754,13n_3192,1,107,106,0.034906893855210924,13,knot_research.db
43755,13n_3476,1,111,110,0.11551075858045644,13,knot_research.db
43756,13n_3675,1,119,118,0.25173363367025114,13,knot_research.db
43757,13n_3677,1,105,104,0.021961250403105915,13,knot_research.db
43758,13n_3626,1,107,106,0.10130796762626718,13,knot_research.db
43759,13n_3762,1,113,111,0.0378747498039733,13,knot_research.db
43760,13n_3623,1,115,114,0.1178450994603297,13,knot_research.db
43761,13n_3694,1,113,112,0.14314645105239582,13,knot_research.db
43762,13n_3525,1,117,116,0.09980153748135985,13,knot_research.db
43763,13n_2248,1,109,107,0.0417740015127726,13,knot_research.db
43764,13n_3496,1,109,108,0.0064707558004820495,13,knot_research.db
43765,13n_1987,1,117,115,0.0069330610538432865,13,knot_research.db
43766,13n_3212,1,109,108,0.0508638015472045,13,knot_research.db
43767,13n_3697,1,113,112,0.08883809805477863,13,knot_research.db
43768,13n_3695,1,107,106,0.015712502491623693,13,knot_research.db
43769,13n_3646,1,109,107,0.016447889375019002,13,knot_research.db
43770,13n_3782,1,119,117,0.01251608606627555,13,knot_research.db
43771,13n_3714,1,111,110,0.19997207276897583,13,knot_research.db
43772,13n_3545,1,109,108,0.007704375869340178,13,knot_research.db
43773,13n_3516,1,117,116,0.008017155088716676,13,knot_research.db
43774,13n_3643,1,109,107,0.03650412092280824,13,knot_research.db
43775,13n_3715,1,107,106,0.040850182629347816,13,knot_research.db
43776,13n_3232,1,111,110,0.005811916115630181,13,knot_research.db
43777,13n_2268,1,109,108,0.1859809060762038,13,knot_research.db
43778,13n_3717,1,109,108,0.04050638173427445,13,knot_research.db
43779,13n_3666,1,109,108,0.07340637117937263,13,knot_research.db
43780,13n_3565,1,105,104,0.10488302285268147,13,knot_research.db
43781,13n_3734,1,111,109,0.07506193793744116,13,knot_research.db
43782,13n_3735,1,117,116,0.2039377798769435,13,knot_research.db
43783,13n_2007,1,111,110,0.060028070304047346,13,knot_research.db
43784,13n_3663,1,101,99,0.04561526358676718,13,knot_research.db
43785,13n_3252,1,107,106,0.015472141702408376,13,knot_research.db
43786,13n_3737,1,105,103,0.007034180851358939,13,knot_research.db
43787,13n_3536,1,107,106,0.24095976158562046,13,knot_research.db
43788,13n_3802,1,107,105,0.033892760710243136,13,knot_research.db
43789,13n_2288,1,107,106,0.007238148946219993,13,knot_research.db
43790,13n_3686,1,111,110,0.03414734658858865,13,knot_research.db
43791,13n_3585,1,109,108,0.16079224661220934,13,knot_research.db
43792,13n_3754,1,109,108,0.23232208321762995,13,knot_research.db
43793,13n_3683,1,111,110,0.039777650314128686,13,knot_research.db
43794,13n_3755,1,117,116,0.10484548640773277,13,knot_research.db
43795,13n_3272,1,111,109,0.012242647181366497,13,knot_research.db
43796,13n_2027,1,113,112,0.20490298986338723,13,knot_research.db
43797,13n_3822,1,105,104,0.13652503994139256,13,knot_research.db
43798,13n_3556,1,107,106,0.03171832504049088,13,knot_research.db
43799,13n_2308,1,113,112,0.014011871536927645,13,knot_research.db
43800,13n_3757,1,121,120,0.15580466829047496,13,knot_research.db
43801,13n_3605,1,107,106,0.020623869119072116,13,knot_research.db
43802,13n_3706,1,107,106,0.020547473872798334,13,knot_research.db
43803,13n_3703,1,107,106,0.27081880613774345,13,knot_research.db
43804,13n_3774,1,113,112,0.17993589108636363,13,knot_research.db
43805,13n_3292,1,105,104,0.1277830372928362,13,knot_research.db
43806,13n_3775,1,109,107,0.032841609445565495,13,knot_research.db
43807,13n_3576,1,113,112,0.21914224274275942,13,knot_research.db
43808,13n_3726,1,105,103,0.06312152986427717,13,knot_research.db
43809,13n_3842,1,109,107,0.005305774453955175,13,knot_research.db
43810,13n_3625,1,111,110,0.1575274858861815,13,knot_research.db
43811,13n_2047,1,103,102,0.050141371119272755,13,knot_research.db
43812,13n_3723,1,105,103,0.05476622740808238,13,knot_research.db
43813,13n_2328,1,99,99,0.10994165391383472,13,knot_research.db
43814,13n_3312,1,113,112,0.17688597798493721,13,knot_research.db
43815,13n_3777,1,109,108,0.3105476933771945,13,knot_research.db
43816,13n_3794,1,121,120,0.07749574931366304,13,knot_research.db
43817,13n_3795,1,123,122,0.18666018947125265,13,knot_research.db
43818,13n_3746,1,109,108,0.3105476933817926,13,knot_research.db
43819,13n_3862,1,113,111,0.014854002423443141,13,knot_research.db
43820,13n_3743,1,113,112,0.1802884207742032,13,knot_research.db
43821,13n_3645,1,107,106,0.09481234903253118,13,knot_research.db
43822,13n_3596,1,113,112,0.006894563289322198,13,knot_research.db
43823,13n_3797,1,107,105,0.03272547161363992,13,knot_research.db
43824,13n_2348,1,111,110,0.16609234503423287,13,knot_research.db
43825,13n_3332,1,109,108,0.01293833896070901,13,knot_research.db
43826,13n_3766,1,107,105,0.02278122310202003,13,knot_research.db
43827,13n_2067,1,117,116,0.0029549613093421035,13,knot_research.db
43828,13n_3814,1,111,109,0.02057954526741175,13,knot_research.db
43829,13n_3665,1,105,104,0.0025912736158394626,13,knot_research.db
43830,13n_3882,1,115,114,0.13233199217038094,13,knot_research.db
43831,13n_3815,1,107,106,0.04230833623647817,13,knot_research.db
43832,13n_3763,1,105,103,0.004274887194919551,13,knot_research.db
43833,13n_3817,1,105,103,0.057547356297179546,13,knot_research.db
43834,13n_3352,1,109,109,0.078212490000037,13,knot_research.db
43835,13n_3786,1,115,114,0.2208210184352301,13,knot_research.db
43836,13n_3685,1,109,108,0.006920300892317817,13,knot_research.db
43837,13n_3834,1,111,109,0.049061244835773996,13,knot_research.db
43838,13n_3835,1,119,117,0.011100118263083379,13,knot_research.db
43839,13n_3902,1,105,104,0.035752297524155804,13,knot_research.db
43840,13n_2368,1,111,110,0.011217895488156564,13,knot_research.db
43841,13n_3837,1,109,107,0.07892386377307747,13,knot_research.db
43842,13n_3783,1,111,109,0.04484065470962737,13,knot_research.db
43843,13n_3372,1,121,120,0.18084711918983404,13,knot_research.db
43844,13n_2087,1,107,106,0.016857421447126993,13,knot_research.db
43845,13n_3806,1,113,112,0.1247109726766331,13,knot_research.db
43846,13n_3705,1,109,108,0.00850471081993321,13,knot_research.db
43847,13n_3616,1,107,106,0.017156017068197797,13,knot_research.db
43848,13n_3854,1,105,103,0.06856683181454551,13,knot_research.db
43849,13n_3922,1,107,106,0.24436268710415268,13,knot_research.db
43850,13n_3857,1,117,115,0.01038982053980486,13,knot_research.db
43851,13n_3803,1,115,113,0.026767136612847298,13,knot_research.db
43852,13n_3636,1,113,112,0.10982785737760317,13,knot_research.db
43853,13n_3855,1,113,111,0.009831538960564594,13,knot_research.db
43854,13n_3725,1,105,103,0.045370774244878814,13,knot_research.db
43855,13n_3874,1,107,105,0.05436845378383611,13,knot_research.db
43856,13n_3826,1,105,103,0.03027241531522604,13,knot_research.db
43857,13n_3392,1,97,96,0.16872837489957274,13,knot_research.db
43858,13n_2388,1,111,110,0.05497760312759228,13,knot_research.db
43859,13n_3942,1,117,116,0.04911574794177526,13,knot_research.db
43860,13n_3745,1,115,113,0.022171489602385797,13,knot_research.db
43861,13n_2107,1,113,112,0.1507671757072996,13,knot_research.db
43862,13n_3823,1,109,108,0.14357088666202417,13,knot_research.db
43863,13n_3656,1,107,106,0.1440621785126929,13,knot_research.db
43864,13n_3875,1,113,113,0.05595494273141855,13,knot_research.db
43865,13n_3894,1,115,113,0.03281597078407474,13,knot_research.db
43866,13n_3412,1,107,106,0.2666192326605654,13,knot_research.db
43867,13n_3877,1,121,120,0.19847625142459804,13,knot_research.db
43868,13n_3846,1,115,113,0.013074765132207357,13,knot_research.db
43869,13n_3962,1,101,100,0.08875220871876595,13,knot_research.db
43870,13n_3676,1,111,110,0.07056936331880291,13,knot_research.db
43871,13n_3765,1,111,109,0.03828262858231834,13,knot_research.db
43872,13n_2408,1,109,107,0.019621540663603644,13,knot_research.db
43873,13n_3843,1,117,115,0.008786122605194796,13,knot_research.db
43874,13n_3432,1,103,103,0.19932357481136231,13,knot_research.db
43875,13n_2127,1,109,108,0.0045157724762634,13,knot_research.db
43876,13n_3914,1,109,107,0.037445733010442454,13,knot_research.db
43877,13n_3982,1,103,102,0.029838732345271134,13,knot_research.db
43878,13n_3866,1,115,114,0.17353439233597237,13,knot_research.db
43879,13n_3897,1,109,107,0.03188473389767731,13,knot_research.db
43880,13n_3696,1,107,106,0.02241470890131693,13,knot_research.db
43881,13n_3895,1,115,113,0.015969549990173183,13,knot_research.db
43882,13n_3785,1,117,116,0.05182827725298295,13,knot_research.db
43883,13n_4002,1,101,100,0.028475656168955567,13,knot_research.db
43884,13n_3452,1,109,108,0.12544177267471165,13,knot_research.db
43885,13n_3934,1,111,109,0.036076851537122104,13,knot_research.db
43886,13n_3917,1,103,102,0.025802611844947573,13,knot_research.db
43887,13n_2147,1,117,116,0.14408288320181145,13,knot_research.db
43888,13n_3886,1,119,117,0.0028189938888139353,13,knot_research.db
43889,13n_2428,1,107,107,0.10373540953328791,13,knot_research.db
43890,13n_3863,1,111,109,0.02707539810106006,13,knot_research.db
43891,13n_3716,1,111,110,0.20108060385052956,13,knot_research.db
43892,13n_4022,1,95,95,0.19814761752277668,13,knot_research.db
43893,13n_3915,1,111,109,0.022586355114361797,13,knot_research.db
43894,13n_3472,1,105,104,0.32322930993230287,13,knot_research.db
43895,13n_3954,1,101,101,0.06826893190373544,13,knot_research.db
43896,13n_3805,1,105,103,0.05018013863230279,13,knot_research.db
43897,13n_3937,1,107,105,0.05178183963070384,13,knot_research.db
43898,13n_4042,1,103,103,0.12442273563019678,13,knot_research.db
43899,13n_3974,1,97,97,0.2594989043218042,13,knot_research.db
43900,13n_3883,1,115,114,0.1046247537346839,13,knot_research.db
43901,13n_3736,1,123,122,0.1796449500859086,13,knot_research.db
43902,13n_3935,1,105,103,0.056575120992111566,13,knot_research.db
43903,13n_2448,1,111,111,0.07771495604923717,13,knot_research.db
43904,13n_2167,1,107,106,0.01281624147777205,13,knot_research.db
43905,13n_3492,1,107,106,0.005870406385202466,13,knot_research.db
43906,13n_3906,1,115,114,0.019279349586739134,13,knot_research.db
43907,13n_3957,1,103,102,0.02840900053347307,13,knot_research.db
43908,13n_3825,1,111,109,0.04534115672439234,13,knot_research.db
43909,13n_3994,1,119,118,0.09177341448010715,13,knot_research.db
43910,13n_4062,1,103,102,0.015249022825916803,13,knot_research.db
43911,13n_3903,1,107,106,0.17223384040387812,13,knot_research.db
43912,13n_3955,1,95,95,0.23538954040004048,13,knot_research.db
43913,13n_3977,1,103,102,0.09785300106632555,13,knot_research.db
43914,13n_3512,1,113,112,0.15917368589210387,13,knot_research.db
43915,13n_2187,1,111,110,0.010849046077129276,13,knot_research.db
43916,13n_2468,1,113,112,0.07534561581141518,13,knot_research.db
43917,13n_3845,1,105,103,0.0060987806991569405,13,knot_research.db
43918,13n_3926,1,113,112,0.08339993075484071,13,knot_research.db
43919,13n_4082,1,107,106,0.16941222765276104,13,knot_research.db
43920,13n_4014,1,111,110,0.2986455961633638,13,knot_research.db
43921,13n_3997,1,101,100,0.013129709364622221,13,knot_research.db
43922,13n_3975,1,95,94,0.03553173702099047,13,knot_research.db
43923,13n_3756,1,107,105,0.00987976019990196,13,knot_research.db
43924,13n_3923,1,109,108,0.022555066773350736,13,knot_research.db
43925,13n_3532,1,115,114,0.1041771885748095,13,knot_research.db
43926,13n_3865,1,113,111,0.010993214082193867,13,knot_research.db
43927,13n_4102,1,109,108,0.18814674983758342,13,knot_research.db
43928,13n_3946,1,111,110,0.009534574871360103,13,knot_research.db
43929,13n_4017,1,105,104,0.1697698021287834,13,knot_research.db
43930,13n_3995,1,105,104,0.011048116672393247,13,knot_research.db
43931,13n_2488,1,115,114,0.06792559107806916,13,knot_research.db
43932,13n_2207,1,109,108,0.17507212159667906,13,knot_research.db
43933,13n_4034,1,107,106,0.02939912504635586,13,knot_research.db
43934,13n_3943,1,111,110,0.2336715096888489,13,knot_research.db
43935,13n_3776,1,115,113,0.021941791588978684,13,knot_research.db
43936,13n_4122,1,115,114,0.18994897807457317,13,knot_research.db
43937,13n_3885,1,105,103,0.0052848608539442146,13,knot_research.db
43938,13n_4037,1,107,106,0.20686880813465752,13,knot_research.db
43939,13n_4054,1,121,120,0.0744678782656866,13,knot_research.db
43940,13n_4015,1,111,110,0.08737556189911226,13,knot_research.db
43941,13n_3552,1,109,108,0.16187886059408413,13,knot_research.db
43942,13n_2227,1,113,112,0.027417987265597552,13,knot_research.db
43943,13n_3966,1,105,105,0.3656713001854613,13,knot_research.db
43944,13n_3796,1,119,118,0.034829548096695265,13,knot_research.db
43945,13n_2508,1,111,110,0.008203649201993315,13,knot_research.db
43946,13n_3963,1,103,102,0.018631152341314912,13,knot_research.db
43947,13n_4142,1,103,102,0.022429714580459642,13,knot_research.db
43948,13n_3905,1,113,111,0.035018026390591796,13,knot_research.db
43949,13n_3986,1,113,112,0.10522723032985005,13,knot_research.db
43950,13n_4035,1,111,111,0.14327783932356958,13,knot_research.db
43951,13n_4057,1,105,104,0.10536973108956339,13,knot_research.db
43952,13n_4074,1,119,118,0.28531312589983593,13,knot_research.db
43953,13n_3572,1,109,108,0.23285515594421355,13,knot_research.db
43954,13n_3983,1,105,104,0.06001863844381412,13,knot_research.db
43955,13n_2247,1,111,110,0.010550818464114396,13,knot_research.db
43956,13n_4077,1,101,100,0.02881659574407704,13,knot_research.db
43957,13n_3925,1,109,107,0.031351305065015565,13,knot_research.db
43958,13n_2528,1,99,98,0.0018876315936939,13,knot_research.db
43959,13n_3816,1,111,110,0.09929724246391462,13,knot_research.db
43960,13n_4162,1,113,112,0.18017899686017075,13,knot_research.db
43961,13n_4055,1,123,122,0.15753927782516786,13,knot_research.db
43962,13n_4006,1,105,105,0.12808219495486287,13,knot_research.db
43963,13n_4003,1,107,106,0.057957933191781275,13,knot_research.db
43964,13n_3592,1,97,96,0.022302538554438592,13,knot_research.db
43965,13n_4097,1,103,102,0.24620949234183562,13,knot_research.db
43966,13n_3945,1,115,114,0.22530141008136143,13,knot_research.db
43967,13n_4026,1,103,102,0.05646933805385114,13,knot_research.db
43968,13n_4094,1,115,114,0.19425662626805895,13,knot_research.db
43969,13n_4023,1,105,104,0.24454238098061623,13,knot_research.db
43970,13n_3836,1,107,106,0.25917798426038136,13,knot_research.db
43971,13n_2548,1,117,116,0.10817953243104148,13,knot_research.db
43972,13n_3612,1,111,110,0.10635968661947096,13,knot_research.db
43973,13n_2267,1,103,102,0.015351805810010674,13,knot_research.db
43974,13n_4182,1,113,112,0.1501862637031632,13,knot_research.db
43975,13n_4075,1,101,101,0.14587192481484473,13,knot_research.db
43976,13n_4117,1,109,108,0.0810742516789005,13,knot_research.db
43977,13n_3965,1,101,101,0.01324938539505674,13,knot_research.db
43978,13n_4046,1,107,107,0.20175468273738745,13,knot_research.db
43979,13n_4043,1,105,104,0.10019451996292579,13,knot_research.db
43980,13n_4095,1,105,104,0.21460222691978476,13,knot_research.db
43981,13n_3856,1,109,107,0.005188552117015951,13,knot_research.db
43982,13n_4114,1,107,106,0.10106599587524898,13,knot_research.db
43983,13n_3632,1,113,112,0.23784950145045844,13,knot_research.db
43984,13n_2287,1,113,112,0.20057522457112073,13,knot_research.db
43985,13n_4137,1,103,102,0.35076969609761754,13,knot_research.db
43986,13n_4202,1,113,112,0.028803491879793953,13,knot_research.db
43987,13n_3985,1,105,104,0.24124191776150375,13,knot_research.db
43988,13n_2568,1,99,98,0.005871067160831984,13,knot_research.db
43989,13n_4066,1,101,101,0.07761357462532363,13,knot_research.db
43990,13n_4063,1,111,110,0.05449784037172441,13,knot_research.db
43991,13n_4115,1,103,102,0.010097729190955449,13,knot_research.db
43992,13n_4134,1,105,105,0.036680685779120314,13,knot_research.db
43993,13n_3876,1,119,119,0.0842334904172643,13,knot_research.db
43994,13n_4086,1,109,108,0.07958735058760713,13,knot_research.db
43995,13n_4005,1,103,102,0.11759494068243842,13,knot_research.db
43996,13n_4222,1,117,116,0.15673802842249263,13,knot_research.db
43997,13n_3652,1,113,112,0.17247403497596175,13,knot_research.db
43998,13n_2307,1,111,110,0.04152357260170169,13,knot_research.db
43999,13n_4157,1,107,106,0.015040890962431424,13,knot_research.db
44000,13n_2588,1,105,105,0.03744424110164081,13,knot_research.db
44001,13n_4135,1,107,106,0.17206844686810574,13,knot_research.db
44002,13n_4154,1,109,108,0.20453840644731794,13,knot_research.db
44003,13n_4083,1,105,104,0.04561053364523406,13,knot_research.db
44004,13n_4025,1,101,100,0.01575304557707563,13,knot_research.db
44005,13n_4106,1,113,112,0.02372454255019586,13,knot_research.db
44006,13n_3672,1,109,108,0.17100365018020144,13,knot_research.db
44007,13n_3896,1,109,107,0.023281716624379122,13,knot_research.db
44008,13n_4177,1,113,112,0.07943796061756811,13,knot_research.db
44009,13n_4242,1,107,106,0.0888827299417883,13,knot_research.db
44010,13n_4155,1,111,110,0.19460470980290936,13,knot_research.db
44011,13n_4103,1,111,110,0.11355636371471182,13,knot_research.db
44012,13n_4174,1,107,106,0.11111341172075455,13,knot_research.db
44013,13n_2608,1,109,107,0.019688436397566077,13,knot_research.db
44014,13n_4045,1,111,110,0.026778111551587845,13,knot_research.db
44015,13n_2327,1,107,106,0.11324610062917209,13,knot_research.db
44016,13n_3692,1,113,112,0.06701142007166504,13,knot_research.db
44017,13n_3916,1,107,105,0.03721142478633323,13,knot_research.db
44018,13n_4197,1,113,112,0.22348354242651777,13,knot_research.db
44019,13n_4126,1,109,108,0.15284774186129346,13,knot_research.db
44020,13n_4262,1,115,114,0.18052382252654972,13,knot_research.db
44021,13n_4194,1,107,106,0.053246340375972576,13,knot_research.db
44022,13n_4175,1,113,112,0.0969231713838287,13,knot_research.db
44023,13n_4065,1,103,102,0.03370893611466811,13,knot_research.db
44024,13n_4123,1,109,108,0.1336663788521392,13,knot_research.db
44025,13n_2628,1,115,114,0.01911941437175744,13,knot_research.db
44026,13n_3936,1,111,109,0.037322492160542405,13,knot_research.db
44027,13n_2347,1,113,112,0.02084648104661123,13,knot_research.db
44028,13n_4146,1,109,108,0.17585224554974754,13,knot_research.db
44029,13n_4217,1,109,108,0.208101210630618,13,knot_research.db
44030,13n_4214,1,107,106,0.1866030276978705,13,knot_research.db
44031,13n_3712,1,107,106,0.09627757292622756,13,knot_research.db
44032,13n_4282,1,113,112,0.17987848962151226,13,knot_research.db
44033,13n_4085,1,105,104,0.00407016715391598,13,knot_research.db
44034,13n_4195,1,105,104,0.23844249118408828,13,knot_research.db
44035,13n_4143,1,103,103,0.10492447437608926,13,knot_research.db
44036,13n_3956,1,99,99,0.08820495480727225,13,knot_research.db
44037,13n_4234,1,107,106,0.2631979412773004,13,knot_research.db
44038,13n_3732,1,113,112,0.014275529122913765,13,knot_research.db
44039,13n_4166,1,111,110,0.05228842834564951,13,knot_research.db
44040,13n_4105,1,113,112,0.008248470920085016,13,knot_research.db
44041,13n_4215,1,109,108,0.09044042976462893,13,knot_research.db
44042,13n_4302,1,113,112,0.17276693552514588,13,knot_research.db
44043,13n_4237,1,109,108,0.010277841296570668,13,knot_research.db
44044,13n_2648,1,115,114,0.06466736571397183,13,knot_research.db
44045,13n_3976,1,101,101,0.24452309020646978,13,knot_research.db
44046,13n_2367,1,113,112,0.2116388256956993,13,knot_research.db
44047,13n_4163,1,115,114,0.19738145334505106,13,knot_research.db
44048,13n_4254,1,113,112,0.019854665308723873,13,knot_research.db
44049,13n_4186,1,117,116,0.18516955864798568,13,knot_research.db
44050,13n_4235,1,111,110,0.010945641588521163,13,knot_research.db
44051,13n_3752,1,105,103,0.0524698955441302,13,knot_research.db
44052,13n_4125,1,113,112,0.2011511926583933,13,knot_research.db
44053,13n_3996,1,111,110,0.26128077107063885,13,knot_research.db
44054,13n_4322,1,103,102,0.14851945051302684,13,knot_research.db
44055,13n_4257,1,113,112,0.03425071149364986,13,knot_research.db
44056,13n_4274,1,111,110,0.05847613573313967,13,knot_research.db
44057,13n_4183,1,107,106,0.1204022904526623,13,knot_research.db
44058,13n_2668,1,107,106,0.12100161385583437,13,knot_research.db
44059,13n_3772,1,115,113,0.006671831920763001,13,knot_research.db
44060,13n_4206,1,105,104,0.005888679637649931,13,knot_research.db
44061,13n_4342,1,109,108,0.1097617749250608,13,knot_research.db
44062,13n_2387,1,111,110,0.05578726503694028,13,knot_research.db
44063,13n_4016,1,109,109,0.15147423805568885,13,knot_research.db
44064,13n_4255,1,107,106,0.25666919547336214,13,knot_research.db
44065,13n_4145,1,109,108,0.179752104337132,13,knot_research.db
44066,13n_4277,1,113,112,0.19925319189637453,13,knot_research.db
44067,13n_4294,1,111,110,0.229872708877095,13,knot_research.db
44068,13n_4203,1,111,110,0.0438132895956652,13,knot_research.db
44069,13n_4226,1,109,108,0.20515478318796537,13,knot_research.db
44070,13n_4362,1,115,114,0.16945566450844965,13,knot_research.db
44071,13n_4275,1,115,114,0.04766638322019033,13,knot_research.db
44072,13n_3792,1,117,116,0.10889184254781184,13,knot_research.db
44073,13n_4036,1,109,108,0.039845509225583456,13,knot_research.db
44074,13n_4165,1,103,103,0.12296097073351556,13,knot_research.db
44075,13n_2688,1,109,108,0.14799747888144474,13,knot_research.db
44076,13n_2407,1,115,114,0.062089275339083976,13,knot_research.db
44077,13n_4223,1,115,114,0.10074388501624693,13,knot_research.db
44078,13n_4297,1,105,104,0.0743799515760025,13,knot_research.db
44079,13n_4314,1,105,105,0.14778530904139886,13,knot_research.db
44080,13n_4056,1,105,104,0.030234969145820568,13,knot_research.db
44081,13n_4246,1,109,108,0.24213970362546303,13,knot_research.db
44082,13n_4295,1,105,104,0.027914968618456458,13,knot_research.db
44083,13n_4185,1,111,110,0.19159663360002163,13,knot_research.db
44084,13n_3812,1,111,110,0.012174521132691005,13,knot_research.db
44085,13n_4382,1,101,101,0.034225403276761136,13,knot_research.db
44086,13n_2708,1,113,112,0.013721615458753195,13,knot_research.db
44087,13n_4317,1,107,106,0.026717524663036653,13,knot_research.db
44088,13n_4076,1,101,100,0.05705814436937844,13,knot_research.db
44089,13n_4243,1,115,114,0.11129426697397309,13,knot_research.db
44090,13n_4334,1,109,108,0.03974474376652907,13,knot_research.db
44091,13n_4266,1,109,108,0.06332902914962152,13,knot_research.db
44092,13n_4315,1,101,101,0.12259195117084855,13,knot_research.db
44093,13n_2427,1,111,110,0.2542090584511155,13,knot_research.db
44094,13n_4402,1,105,104,0.3717323625552504,13,knot_research.db
44095,13n_3832,1,105,103,0.030323013411874537,13,knot_research.db
44096,13n_4205,1,105,104,0.07136091454250489,13,knot_research.db
44097,13n_4096,1,97,96,0.15993942480500065,13,knot_research.db
44098,13n_4337,1,103,102,0.09826008921467308,13,knot_research.db
44099,13n_2728,1,107,106,0.03027837719423402,13,knot_research.db
44100,13n_4263,1,111,110,0.21819217622464077,13,knot_research.db
44101,13n_4354,1,115,114,0.16194171978932712,13,knot_research.db
44102,13n_4286,1,113,112,0.025562763294923598,13,knot_research.db
44103,13n_4335,1,105,104,0.1075952492255796,13,knot_research.db
44104,13n_4422,1,105,104,0.0790864104989005,13,knot_research.db
44105,13n_4357,1,107,106,0.03960559104162744,13,knot_research.db
44106,13n_2447,1,113,112,0.06524198576540757,13,knot_research.db
44107,13n_4225,1,109,108,0.21235976011341634,13,knot_research.db
44108,13n_4116,1,105,104,0.06318106930682053,13,knot_research.db
44109,13n_3852,1,107,106,0.2549265787100594,13,knot_research.db
44110,13n_4283,1,101,100,0.06101629511127282,13,knot_research.db
44111,13n_4374,1,115,114,0.0736308257238091,13,knot_research.db
44112,13n_4355,1,113,112,0.19902705502562607,13,knot_research.db
44113,13n_4306,1,109,108,0.17310284152386543,13,knot_research.db
44114,13n_2748,1,113,112,0.08123956131108448,13,knot_research.db
44115,13n_4442,1,107,106,0.24727295548538253,13,knot_research.db
44116,13n_4377,1,113,112,0.05216315613071574,13,knot_research.db
44117,13n_4136,1,107,107,0.28287369183967354,13,knot_research.db
44118,13n_4303,1,113,112,0.18352452294211993,13,knot_research.db
44119,13n_4245,1,115,114,0.25301306538321655,13,knot_research.db
44120,13n_2467,1,115,114,0.29592592782858645,13,knot_research.db
44121,13n_3872,1,111,109,0.035217133288418793,13,knot_research.db
44122,13n_4326,1,113,112,0.12370864590757216,13,knot_research.db
44123,13n_4375,1,111,110,0.011571497805811817,13,knot_research.db
44124,13n_4462,1,111,110,0.026662226392931532,13,knot_research.db
44125,13n_2768,1,113,112,0.0017122088937436973,13,knot_research.db
44126,13n_4394,1,107,106,0.04036864730228932,13,knot_research.db
44127,13n_4397,1,111,110,0.041662347967372615,13,knot_research.db
44128,13n_4265,1,109,108,0.05941673674412747,13,knot_research.db
44129,13n_4156,1,115,114,0.08762128026180654,13,knot_research.db
44130,13n_3892,1,109,107,0.02285002931502014,13,knot_research.db
44131,13n_4323,1,109,108,0.1248331602219812,13,knot_research.db
44132,13n_4346,1,117,116,0.18628654394664845,13,knot_research.db
44133,13n_4482,1,107,106,0.035716385640193575,13,knot_research.db
44134,13n_4414,1,107,106,0.016802678708166367,13,knot_research.db
44135,13n_2487,1,117,116,0.15330228097499576,13,knot_research.db
44136,13n_4395,1,111,110,0.019771316818365952,13,knot_research.db
44137,13n_4417,1,103,102,0.06481625984549233,13,knot_research.db
44138,13n_4176,1,111,110,0.11420264254007001,13,knot_research.db
44139,13n_4343,1,103,102,0.052008730576623766,13,knot_research.db
44140,13n_4285,1,115,114,0.24623646276719818,13,knot_research.db
44141,13n_3912,1,107,106,0.026826759467969336,13,knot_research.db
44142,13n_2788,1,107,106,0.10045673959773782,13,knot_research.db
44143,13n_4434,1,115,114,0.23508334245340026,13,knot_research.db
44144,13n_4502,1,113,112,0.0924667823615231,13,knot_research.db
44145,13n_4366,1,115,114,0.1907957863857733,13,knot_research.db
44146,13n_4437,1,103,102,0.10991432390288147,13,knot_research.db
44147,13n_4415,1,111,110,0.0707788120495254,13,knot_research.db
44148,13n_4363,1,113,112,0.2772437002890802,13,knot_research.db
44149,13n_4196,1,119,118,0.12927112680762531,13,knot_research.db
44150,13n_3932,1,107,105,0.050187268616181425,13,knot_research.db
44151,13n_2507,1,107,106,0.16364612286245217,13,knot_research.db
44152,13n_4305,1,115,114,0.2911241267998424,13,knot_research.db
44153,13n_4454,1,105,104,0.1864755473677536,13,knot_research.db
44154,13n_4457,1,115,114,0.09081796570838609,13,knot_research.db
44155,13n_4522,1,97,96,0.007770854956007909,13,knot_research.db
44156,13n_2808,1,109,108,0.21372745392636733,13,knot_research.db
44157,13n_4435,1,107,106,0.24646442897736395,13,knot_research.db
44158,13n_4386,1,113,112,0.020419525109131656,13,knot_research.db
44159,13n_3952,1,97,96,0.04929630867253193,13,knot_research.db
44160,13n_4325,1,111,110,0.19551847337428457,13,knot_research.db
44161,13n_4383,1,103,103,0.17411967564007147,13,knot_research.db
44162,13n_4474,1,111,110,0.046773057487008864,13,knot_research.db
44163,13n_4542,1,115,114,0.15109929985878773,13,knot_research.db
44164,13n_4216,1,121,120,0.15799320599206568,13,knot_research.db
44165,13n_4455,1,103,102,0.1387754069438087,13,knot_research.db
44166,13n_2527,1,107,106,0.003037542105923773,13,knot_research.db
44167,13n_4477,1,113,112,0.1431231358420372,13,knot_research.db
44168,13n_3972,1,99,99,0.011250287935375441,13,knot_research.db
44169,13n_4406,1,119,118,0.21550399116105454,13,knot_research.db
44170,13n_2828,1,109,108,0.009615652945670234,13,knot_research.db
44171,13n_4494,1,107,106,0.259733480564372,13,knot_research.db
44172,13n_4403,1,111,110,0.02399013335619712,13,knot_research.db
44173,13n_4345,1,117,116,0.05200441704161269,13,knot_research.db
44174,13n_4562,1,107,107,0.16434746957915988,13,knot_research.db
44175,13n_3992,1,113,112,0.2027979949985493,13,knot_research.db
44176,13n_4236,1,113,112,0.0055995816942358435,13,knot_research.db
44177,13n_2547,1,111,110,0.11251003099360816,13,knot_research.db
44178,13n_4497,1,105,103,0.06282937802886242,13,knot_research.db
44179,13n_4426,1,107,106,0.10082853354384716,13,knot_research.db
44180,13n_4475,1,105,104,0.014412093454009699,13,knot_research.db
44181,13n_4514,1,109,108,0.007110527457661952,13,knot_research.db
44182,13n_4423,1,113,112,0.13890553942477074,13,knot_research.db
44183,13n_2848,1,107,106,0.004144409804822358,13,knot_research.db
44184,13n_4582,1,109,108,0.011098991976088804,13,knot_research.db
44185,13n_4365,1,103,102,0.1818160213035392,13,knot_research.db
44186,13n_4256,1,111,111,0.13465229347997304,13,knot_research.db
44187,13n_4517,1,107,107,0.1499710004387357,13,knot_research.db
44188,13n_4446,1,107,106,0.011940887156680223,13,knot_research.db
44189,13n_4012,1,107,106,0.11539738758841825,13,knot_research.db
44190,13n_4443,1,113,112,0.030562486027154487,13,knot_research.db
44191,13n_4602,1,111,110,0.1170820181120132,13,knot_research.db
44192,13n_4495,1,113,112,0.17147541173936034,13,knot_research.db
44193,13n_2567,1,107,106,0.2049958651403895,13,knot_research.db
44194,13n_4534,1,107,106,0.16516881139969244,13,knot_research.db
44195,13n_4537,1,119,118,0.08830819142811562,13,knot_research.db
44196,13n_4276,1,117,116,0.04703783342427048,13,knot_research.db
44197,13n_2868,1,115,114,0.01094155201499117,13,knot_research.db
44198,13n_4466,1,111,110,0.008751406806897144,13,knot_research.db
44199,13n_4032,1,105,104,0.06667700956754918,13,knot_research.db
44200,13n_4554,1,109,108,0.0640711451875281,13,knot_research.db
44201,13n_4622,1,117,116,0.16968567559489642,13,knot_research.db
44202,13n_4463,1,109,108,0.08863863684175476,13,knot_research.db
44203,13n_4515,1,107,106,0.24881672748637107,13,knot_research.db
44204,13n_4385,1,101,100,0.06817410978894795,13,knot_research.db
44205,13n_2587,1,105,104,0.07120266480004417,13,knot_research.db
44206,13n_4486,1,101,100,0.014362658093826912,13,knot_research.db
44207,13n_4574,1,113,112,0.0632645706775388,13,knot_research.db
44208,13n_4296,1,105,104,0.04655193806176708,13,knot_research.db
44209,13n_4052,1,117,116,0.23223211037488006,13,knot_research.db
44210,13n_4557,1,103,102,0.15457290922131908,13,knot_research.db
44211,13n_4483,1,109,108,0.0669153744901061,13,knot_research.db
44212,13n_4535,1,113,112,0.027593230595462117,13,knot_research.db
44213,13n_4642,1,107,106,0.1066145913951089,13,knot_research.db
44214,13n_2888,1,107,106,0.18982594860384197,13,knot_research.db
44215,13n_4405,1,115,114,0.14054984837873935,13,knot_research.db
44216,13n_4506,1,117,116,0.22715592318367567,13,knot_research.db
44217,13n_4662,1,109,108,0.2843845814101181,13,knot_research.db
44218,13n_4577,1,105,105,0.12981453754710123,13,knot_research.db
44219,13n_4594,1,105,104,0.08706432349381113,13,knot_research.db
44220,13n_4316,1,109,108,0.08143641930760402,13,knot_research.db
44221,13n_4503,1,113,112,0.1112872007610238,13,knot_research.db
44222,13n_4072,1,115,114,0.09907862203461769,13,knot_research.db
44223,13n_2607,1,111,110,0.2636621705808896,13,knot_research.db
44224,13n_4555,1,107,106,0.21051240976011798,13,knot_research.db
44225,13n_2908,1,109,108,0.125293170214458,13,knot_research.db
44226,13n_4614,1,109,108,0.26752961205442616,13,knot_research.db
44227,13n_4597,1,113,112,0.07709233718031316,13,knot_research.db
44228,13n_4425,1,109,108,0.11720487838106322,13,knot_research.db
44229,13n_4336,1,107,106,0.027719212689194028,13,knot_research.db
44230,13n_4526,1,103,102,0.25256527069249646,13,knot_research.db
44231,13n_4523,1,107,106,0.18838920599798886,13,knot_research.db
44232,13n_4682,1,109,108,0.3276010795451835,13,knot_research.db
44233,13n_4575,1,113,112,0.030219742181810817,13,knot_research.db
44234,13n_4092,1,103,102,0.009674770913898371,13,knot_research.db
44235,13n_4445,1,115,114,0.19902705502442303,13,knot_research.db
44236,13n_4634,1,105,104,0.03472889972419235,13,knot_research.db
44237,13n_4543,1,115,114,0.24238826896240376,13,knot_research.db
44238,13n_4617,1,107,106,0.2474867954829052,13,knot_research.db
44239,13n_2627,1,113,112,0.0982313599373519,13,knot_research.db
44240,13n_4702,1,103,102,0.021834621165206444,13,knot_research.db
44241,13n_4356,1,105,104,0.02637821680186745,13,knot_research.db
44242,13n_2928,1,111,110,0.029596536680072706,13,knot_research.db
44243,13n_4546,1,113,112,0.1070577807966135,13,knot_research.db
44244,13n_4595,1,109,108,0.007337087176478806,13,knot_research.db
44245,13n_4112,1,105,104,0.006693650593138855,13,knot_research.db
44246,13n_4654,1,111,110,0.18720783256917953,13,knot_research.db
44247,13n_4563,1,111,110,0.06300105110866674,13,knot_research.db
44248,13n_4465,1,113,112,0.03847775472407436,13,knot_research.db
44249,13n_4376,1,111,111,0.1858796940994024,13,knot_research.db
44250,13n_4615,1,111,110,0.16523295880466826,13,knot_research.db
44251,13n_4637,1,103,102,0.06507247637294535,13,knot_research.db
44252,13n_4722,1,117,116,0.018785940928279826,13,knot_research.db
44253,13n_4566,1,107,106,0.18640776025618833,13,knot_research.db
44254,13n_2948,1,115,114,0.01177035478348658,13,knot_research.db
44255,13n_2647,1,105,104,0.1356748425499274,13,knot_research.db
44256,13n_4132,1,97,96,0.01799585455897477,13,knot_research.db
44257,13n_4485,1,107,106,0.19179681240953897,13,knot_research.db
44258,13n_4583,1,109,108,0.06130929203052951,13,knot_research.db
44259,13n_4657,1,101,100,0.33239187515662905,13,knot_research.db
44260,13n_4674,1,109,108,0.21879613498363001,13,knot_research.db
44261,13n_4635,1,103,102,0.04725950398098209,13,knot_research.db
44262,13n_4586,1,113,112,0.0828906746245395,13,knot_research.db
44263,13n_4396,1,111,110,0.04150022406838264,13,knot_research.db
44264,13n_4742,1,107,106,0.017163148136736295,13,knot_research.db
44265,13n_4152,1,107,106,0.16247724633597008,13,knot_research.db
44266,13n_2667,1,119,118,0.20605432285437347,13,knot_research.db
44267,13n_4505,1,111,110,0.016934003237004894,13,knot_research.db
44268,13n_4694,1,109,108,0.2214336751045549,13,knot_research.db
44269,13n_4677,1,101,100,0.03679910891075187,13,knot_research.db
44270,13n_4603,1,109,108,0.19048273327736426,13,knot_research.db
44271,13n_4655,1,107,106,0.10502984081851506,13,knot_research.db
44272,13n_4606,1,101,100,0.08113283605245222,13,knot_research.db
44273,13n_2968,1,113,111,0.022982256532489368,13,knot_research.db
44274,13n_4416,1,111,110,0.10190642609318144,13,knot_research.db
44275,13n_4762,1,111,110,0.2404211153419748,13,knot_research.db
44276,13n_4172,1,111,110,0.17424686267102252,13,knot_research.db
44277,13n_4525,1,105,104,0.10673962848618104,13,knot_research.db
44278,13n_4697,1,105,104,0.20306027048527064,13,knot_research.db
44279,13n_4714,1,113,112,0.03662432818803587,13,knot_research.db
44280,13n_4675,1,103,102,0.27894110352667734,13,knot_research.db
44281,13n_4623,1,113,112,0.08969043430614558,13,knot_research.db
44282,13n_4626,1,107,107,0.21954518209501905,13,knot_research.db
44283,13n_2687,1,111,110,0.1245076431188681,13,knot_research.db
44284,13n_4436,1,103,102,0.2463628359241578,13,knot_research.db
44285,13n_4545,1,119,118,0.10874114826214831,13,knot_research.db
44286,13n_4782,1,111,110,0.25787954539049746,13,knot_research.db
44287,13n_4192,1,109,108,0.09991287970157875,13,knot_research.db
44288,13n_4695,1,107,106,0.1645056168804196,13,knot_research.db
44289,13n_4646,1,109,108,0.2551085265021558,13,knot_research.db
44290,13n_4734,1,111,110,0.2660557243286384,13,knot_research.db
44291,13n_4643,1,99,98,0.056999560662041336,13,knot_research.db
44292,13n_4717,1,107,106,0.11127774710355977,13,knot_research.db
44293,13n_4456,1,109,108,0.19219278810394075,13,knot_research.db
44294,13n_2707,1,109,108,0.2299804993443519,13,knot_research.db
44295,13n_4802,1,107,106,0.004720716923359536,13,knot_research.db
44296,13n_4212,1,111,110,0.2261796913655033,13,knot_research.db
44297,13n_4715,1,107,106,0.12669510220291105,13,knot_research.db
44298,13n_4663,1,109,108,0.25764531700451626,13,knot_research.db
44299,13n_2988,1,107,106,0.10698557608542161,13,knot_research.db
44300,13n_4737,1,107,106,0.002716115581383537,13,knot_research.db
44301,13n_4565,1,109,108,0.15739192576553743,13,knot_research.db
44302,13n_4754,1,107,106,0.09247011466176121,13,knot_research.db
44303,13n_4666,1,107,106,0.2576229322195066,13,knot_research.db
44304,13n_4476,1,113,112,0.174638573755832,13,knot_research.db
44305,13n_4822,1,107,106,0.12639534250505047,13,knot_research.db
44306,13n_4735,1,117,116,0.06519836333098793,13,knot_research.db
44307,13n_4232,1,115,114,0.10498954741097759,13,knot_research.db
44308,13n_2727,1,113,112,0.23508356899252472,13,knot_research.db
44309,13n_4683,1,111,110,0.08477982171253151,13,knot_research.db
44310,13n_4774,1,113,113,0.19953361029875083,13,knot_research.db
44311,13n_4585,1,107,106,0.08622778456649215,13,knot_research.db
44312,13n_3008,1,115,114,0.13646511327845565,13,knot_research.db
44313,13n_4686,1,113,112,0.10745522309351037,13,knot_research.db
44314,13n_4757,1,107,106,0.20797785727973553,13,knot_research.db
44315,13n_4842,1,113,112,0.0344793869359596,13,knot_research.db
44316,13n_4496,1,107,106,0.17368946532214447,13,knot_research.db
44317,13n_4755,1,105,104,0.027101804512598204,13,knot_research.db
44318,13n_4252,1,107,106,0.2277542772280005,13,knot_research.db
44319,13n_4605,1,109,108,0.1990028132223406,13,knot_research.db
44320,13n_4794,1,119,118,0.1914895381725229,13,knot_research.db
44321,13n_4703,1,115,114,0.2014963862401413,13,knot_research.db
44322,13n_4777,1,109,108,0.09819037903055015,13,knot_research.db
44323,13n_4706,1,113,112,0.2181921762261872,13,knot_research.db
44324,13n_4516,1,105,104,0.014531128866746783,13,knot_research.db
44325,13n_4862,1,113,112,0.13193277053083605,13,knot_research.db
44326,13n_4775,1,113,112,0.13883898840735148,13,knot_research.db
44327,13n_2747,1,109,108,0.004653775035524249,13,knot_research.db
44328,13n_4536,1,113,112,0.12858723720884915,13,knot_research.db
44329,13n_4625,1,103,102,0.05053187349446866,13,knot_research.db
44330,13n_3028,1,107,106,0.008967631031334664,13,knot_research.db
44331,13n_4797,1,113,112,0.010762610781822304,13,knot_research.db
44332,13n_4272,1,113,112,0.12400930121874326,13,knot_research.db
44333,13n_4723,1,109,108,0.017393212410556403,13,knot_research.db
44334,13n_4882,1,115,114,0.05770772024786599,13,knot_research.db
44335,13n_4726,1,105,104,0.07206069788363462,13,knot_research.db
44336,13n_4795,1,105,104,0.20564408853651225,13,knot_research.db
44337,13n_2767,1,95,94,0.15039583101058765,13,knot_research.db
44338,13n_4645,1,105,104,0.04592757374583511,13,knot_research.db
44339,13n_4743,1,113,112,0.2238858180645913,13,knot_research.db
44340,13n_4556,1,107,106,0.18523047966708917,13,knot_research.db
44341,13n_4746,1,111,110,0.19025479115178792,13,knot_research.db
44342,13n_4292,1,109,108,0.012755181479988354,13,knot_research.db
44343,13n_4902,1,109,108,0.1607501488543702,13,knot_research.db
44344,13n_4817,1,109,108,0.03494858695350236,13,knot_research.db
44345,13n_4814,1,111,110,0.21000160364230833,13,knot_research.db
44346,13n_3048,1,111,111,0.18892814163121216,13,knot_research.db
44347,13n_4665,1,105,104,0.08678048109281108,13,knot_research.db
44348,13n_2787,1,105,105,0.052651687779628566,13,knot_research.db
44349,13n_4576,1,103,102,0.2964485792609862,13,knot_research.db
44350,13n_4763,1,105,104,0.19955203179947417,13,knot_research.db
44351,13n_4837,1,105,105,0.27949118182174887,13,knot_research.db
44352,13n_4766,1,109,108,0.003561084486888904,13,knot_research.db
44353,13n_4685,1,103,102,0.18014266174269844,13,knot_research.db
44354,13n_4815,1,111,110,0.14337521925648813,13,knot_research.db
44355,13n_4834,1,109,108,0.2183926447455519,13,knot_research.db
44356,13n_4596,1,113,112,0.0545032292088822,13,knot_research.db
44357,13n_2807,1,111,110,0.027959322131615384,13,knot_research.db
44358,13n_4783,1,113,112,0.017743078343067514,13,knot_research.db
44359,13n_4312,1,111,110,0.27735907525765346,13,knot_research.db
44360,13n_4922,1,107,106,0.29968402113814885,13,knot_research.db
44361,13n_3068,1,115,114,0.16801616206303147,13,knot_research.db
44362,13n_4857,1,113,112,0.17124071370879024,13,knot_research.db
44363,13n_4786,1,107,106,0.2566691954658924,13,knot_research.db
44364,13n_4705,1,109,108,0.13813010699699318,13,knot_research.db
44365,13n_4854,1,105,104,0.06304000192504698,13,knot_research.db
44366,13n_4616,1,111,110,0.07282032749233025,13,knot_research.db
44367,13n_4835,1,107,106,0.22468447388873397,13,knot_research.db
44368,13n_4942,1,109,108,0.046068651478009634,13,knot_research.db
44369,13n_4332,1,109,108,0.018646286218262004,13,knot_research.db
44370,13n_4877,1,117,116,0.12725789150637007,13,knot_research.db
44371,13n_2827,1,111,110,0.24829357892846735,13,knot_research.db
44372,13n_4803,1,111,110,0.06989237474131876,13,knot_research.db
44373,13n_4874,1,107,106,0.10699721517397105,13,knot_research.db
44374,13n_4806,1,99,98,0.004660901065487255,13,knot_research.db
44375,13n_4725,1,115,114,0.04942267011150574,13,knot_research.db
44376,13n_3088,1,107,106,0.01641300716607161,13,knot_research.db
44377,13n_4855,1,115,114,0.04335289114266652,13,knot_research.db
44378,13n_4636,1,111,110,0.21084433828286792,13,knot_research.db
44379,13n_4962,1,103,102,0.1210298505258036,13,knot_research.db
44380,13n_4352,1,109,108,0.06018055211453208,13,knot_research.db
44381,13n_4823,1,115,114,0.009241587855095313,13,knot_research.db
44382,13n_4894,1,113,112,0.008129890772058135,13,knot_research.db
44383,13n_4875,1,109,108,0.02254691588831583,13,knot_research.db
44384,13n_4745,1,111,110,0.21065268660345787,13,knot_research.db
44385,13n_4826,1,113,112,0.16398279912691932,13,knot_research.db
44386,13n_4897,1,113,112,0.021868602168438046,13,knot_research.db
44387,13n_4656,1,107,106,0.2475883879502511,13,knot_research.db
44388,13n_4982,1,107,106,0.29067153874726387,13,knot_research.db
44389,13n_2847,1,103,102,0.26794919243112214,13,knot_research.db
44390,13n_4372,1,111,111,0.18454443331542855,13,knot_research.db
44391,13n_4895,1,113,112,0.04964391718536343,13,knot_research.db
44392,13n_3108,1,111,110,0.14327682677716083,13,knot_research.db
44393,13n_4676,1,113,112,0.2123855169369391,13,knot_research.db
44394,13n_4914,1,111,110,0.28343237054527803,13,knot_research.db
44395,13n_4917,1,113,112,0.10211332572532954,13,knot_research.db
44396,13n_5002,1,109,108,0.1906375750430894,13,knot_research.db
44397,13n_4843,1,113,112,0.2020933109888862,13,knot_research.db
44398,13n_4765,1,115,114,0.07097736410064849,13,knot_research.db
44399,13n_4846,1,111,110,0.046765261317490356,13,knot_research.db
44400,13n_2867,1,107,106,0.25397863364830975,13,knot_research.db
44401,13n_4392,1,113,112,0.08187992062152052,13,knot_research.db
44402,13n_4915,1,109,108,0.21839264474088182,13,knot_research.db
44403,13n_5022,1,111,110,0.14624211233309492,13,knot_research.db
44404,13n_4696,1,99,98,0.07689179962800344,13,knot_research.db
44405,13n_4937,1,107,106,0.27528695074082543,13,knot_research.db
44406,13n_4934,1,107,106,0.009644567733623575,13,knot_research.db
44407,13n_4785,1,107,106,0.16659297808208398,13,knot_research.db
44408,13n_4866,1,107,106,0.21534933967570818,13,knot_research.db
44409,13n_4863,1,109,108,0.2417544452116436,13,knot_research.db
44410,13n_3128,1,113,112,0.18801131660654818,13,knot_research.db
44411,13n_4412,1,115,114,0.1098591078073567,13,knot_research.db
44412,13n_4935,1,111,110,0.16564412691126387,13,knot_research.db
44413,13n_2887,1,113,112,0.01478789071776475,13,knot_research.db
44414,13n_4716,1,103,102,0.015215922723837426,13,knot_research.db
44415,13n_4954,1,113,112,0.21158688193424285,13,knot_research.db
44416,13n_5042,1,111,110,0.17820831284822108,13,knot_research.db
44417,13n_4957,1,105,104,0.17222118810551726,13,knot_research.db
44418,13n_4883,1,109,108,0.18493266501341193,13,knot_research.db
44419,13n_4886,1,113,112,0.15713349501408438,13,knot_research.db
44420,13n_4805,1,109,108,0.15443576377869822,13,knot_research.db
44421,13n_4955,1,103,102,0.07981050861441631,13,knot_research.db
44422,13n_4432,1,115,114,0.09320298540521009,13,knot_research.db
44423,13n_4736,1,111,110,0.19348675170129737,13,knot_research.db
44424,13n_5062,1,113,111,0.03861435134871326,13,knot_research.db
44425,13n_3148,1,109,108,0.18224233402546378,13,knot_research.db
44426,13n_2907,1,117,116,0.1961652771456659,13,knot_research.db
44427,13n_4903,1,119,118,0.12748026535186882,13,knot_research.db
44428,13n_4975,1,109,108,0.16728415967369736,13,knot_research.db
44429,13n_4977,1,107,106,0.25187439035232606,13,knot_research.db
44430,13n_4974,1,105,103,0.05880173453232056,13,knot_research.db
44431,13n_4906,1,111,110,0.32838858818231575,13,knot_research.db
44432,13n_4825,1,111,110,0.1666301476992521,13,knot_research.db
44433,13n_4452,1,109,108,0.106583129233127,13,knot_research.db
44434,13n_4756,1,109,108,0.08636551818708113,13,knot_research.db
44435,13n_5082,1,113,112,0.029876086768345772,13,knot_research.db
44436,13n_4923,1,101,100,0.27877223087264347,13,knot_research.db
44437,13n_3168,1,105,104,0.14494278285206486,13,knot_research.db
44438,13n_4994,1,111,110,0.21955072204562248,13,knot_research.db
44439,13n_4997,1,115,114,0.13174640103546215,13,knot_research.db
44440,13n_4926,1,107,106,0.37173236247820085,13,knot_research.db
44441,13n_4472,1,109,108,0.002596626306216356,13,knot_research.db
44442,13n_4845,1,111,110,0.21357441099191357,13,knot_research.db
44443,13n_2927,1,107,106,0.05405799259992597,13,knot_research.db
44444,13n_4776,1,105,104,0.00822423934077515,13,knot_research.db
44445,13n_5102,1,109,108,0.13918383785580685,13,knot_research.db
44446,13n_5017,1,105,104,0.033010920649807554,13,knot_research.db
44447,13n_4943,1,105,104,0.04710374742880104,13,knot_research.db
44448,13n_5014,1,119,118,0.12457964360142187,13,knot_research.db
44449,13n_3188,1,107,106,0.057245390975685685,13,knot_research.db
44450,13n_4865,1,111,110,0.02272286726912847,13,knot_research.db
44451,13n_4492,1,105,104,0.2691441697606062,13,knot_research.db
44452,13n_4946,1,109,108,0.011089896235818849,13,knot_research.db
44453,13n_4796,1,111,110,0.2602597610513042,13,knot_research.db
44454,13n_2947,1,105,104,0.12308214428707842,13,knot_research.db
44455,13n_4995,1,111,110,0.18711377095145978,13,knot_research.db
44456,13n_5037,1,109,108,0.20279637778898968,13,knot_research.db
44457,13n_4963,1,109,108,0.2913070604433319,13,knot_research.db
44458,13n_3208,1,115,114,0.2290846098063943,13,knot_research.db
44459,13n_4885,1,113,112,0.13672457343638614,13,knot_research.db
44460,13n_4966,1,115,114,0.03766334773631745,13,knot_research.db
44461,13n_4512,1,109,108,0.06225836916165159,13,knot_research.db
44462,13n_5034,1,105,104,0.006829121232665926,13,knot_research.db
44463,13n_2967,1,109,108,0.2172002366219232,13,knot_research.db
44464,13n_4816,1,109,108,0.05687544449051936,13,knot_research.db
44465,13n_5057,1,115,114,0.051348141156558356,13,knot_research.db
44466,13n_4983,1,115,114,0.061457298789595334,13,knot_research.db
44467,13n_5054,1,115,114,0.1220261610155069,13,knot_research.db
44468,13n_4905,1,109,108,0.20300998968062417,13,knot_research.db
44469,13n_4986,1,111,110,0.06544311417742234,13,knot_research.db
44470,13n_3228,1,109,108,0.016462094947487,13,knot_research.db
44471,13n_4532,1,107,106,0.1826440219841722,13,knot_research.db
44472,13n_4836,1,111,110,0.07784027333961549,13,knot_research.db
44473,13n_5015,1,103,102,0.015450621263833779,13,knot_research.db
44474,13n_5077,1,117,116,0.16484718487086905,13,knot_research.db
44475,13n_5074,1,107,106,0.18437244665147998,13,knot_research.db
44476,13n_4552,1,105,104,0.02144127719497893,13,knot_research.db
44477,13n_5006,1,115,114,0.24036818518612643,13,knot_research.db
44478,13n_5003,1,103,102,0.20297053037864127,13,knot_research.db
44479,13n_2987,1,101,101,0.12263921086976866,13,knot_research.db
44480,13n_4925,1,117,116,0.23051054294865503,13,knot_research.db
44481,13n_5035,1,105,104,0.048900241151709115,13,knot_research.db
44482,13n_4856,1,105,104,0.055432189196130625,13,knot_research.db
44483,13n_3248,1,111,110,0.1902547911504615,13,knot_research.db
44484,13n_5023,1,105,104,0.17548323118802028,13,knot_research.db
44485,13n_5094,1,111,110,0.3157876285605869,13,knot_research.db
44486,13n_5097,1,109,108,0.2489118276114348,13,knot_research.db
44487,13n_4572,1,113,112,0.04077833855946351,13,knot_research.db
44488,13n_5026,1,113,112,0.037715635245537914,13,knot_research.db
44489,13n_5055,1,109,108,0.1743071460139816,13,knot_research.db
44490,13n_3007,1,107,106,0.15482470657658962,13,knot_research.db
44491,13n_4876,1,115,114,0.013897477932704872,13,knot_research.db
44492,13n_4945,1,113,112,0.18555173687472676,13,knot_research.db
44493,13n_3268,1,111,110,0.1579453087935675,13,knot_research.db
44494,13n_5043,1,109,108,0.0881034270722509,13,knot_research.db
44495,13n_4592,1,109,108,0.010560246311088694,13,knot_research.db
44496,13n_5075,1,115,114,0.2108112397638833,13,knot_research.db
44497,13n_5046,1,107,106,0.008652959195139724,13,knot_research.db
44498,13n_4965,1,109,108,0.2654061477332153,13,knot_research.db
44499,13n_4896,1,113,112,0.08476694398477945,13,knot_research.db
44500,13n_5063,1,109,108,0.1718817671704141,13,knot_research.db
44501,13n_4612,1,107,106,0.0716259100144616,13,knot_research.db
44502,13n_5066,1,107,106,0.08672069185145889,13,knot_research.db
44503,13n_5095,1,111,110,0.0138073372587893,13,knot_research.db
44504,13n_3027,1,113,112,0.09221095691119971,13,knot_research.db
44505,13n_4916,1,107,106,0.14952076878263318,13,knot_research.db
44506,13n_4985,1,107,106,0.25295140722779647,13,knot_research.db
44507,13n_3288,1,111,110,0.02193063785852905,13,knot_research.db
44508,13n_5083,1,107,106,0.17487058523773463,13,knot_research.db
44509,13n_4632,1,109,108,0.25119614803404106,13,knot_research.db
44510,13n_5086,1,113,112,0.029349497778096915,13,knot_research.db
44511,13n_4936,1,111,110,0.12725901222965688,13,knot_research.db
44512,13n_5005,1,115,114,0.30943319209282655,13,knot_research.db
44513,13n_5103,1,115,114,0.17726757287246078,13,knot_research.db
44514,13n_3047,1,115,114,0.012062577107504148,13,knot_research.db
44515,13n_3308,1,111,110,0.06080077883880168,13,knot_research.db
44516,13n_5106,1,109,108,0.10583937530067096,13,knot_research.db
44517,13n_4652,1,109,108,0.19028356546238406,13,knot_research.db
44518,13n_4956,1,103,102,0.09920690113774895,13,knot_research.db
44519,13n_5025,1,111,110,0.009927311505146964,13,knot_research.db
44520,13n_4976,1,115,114,0.11971973221722529,13,knot_research.db
44521,13n_4672,1,107,106,0.2215233057562258,13,knot_research.db
44522,13n_3328,1,109,108,0.004379213315976806,13,knot_research.db
44523,13n_3067,1,107,106,0.002359766706621517,13,knot_research.db
44524,13n_5045,1,117,116,0.21931353787435542,13,knot_research.db
44525,13n_4996,1,105,104,0.19190192856919494,13,knot_research.db
44526,13n_4692,1,107,106,0.20937792638416547,13,knot_research.db
44527,13n_3348,1,107,106,0.0022993409186892223,13,knot_research.db
44528,13n_5065,1,111,110,0.25301306538281093,13,knot_research.db
44529,13n_3087,1,117,116,0.11603912923428937,13,knot_research.db
44530,13n_4712,1,105,104,0.23802534063442835,13,knot_research.db
44531,13n_3368,1,107,106,0.1464233755052232,13,knot_research.db
44532,13n_5085,1,109,108,0.2857688179810754,13,knot_research.db
44533,13n_4732,1,107,106,0.2928479855104693,13,knot_research.db
44534,13n_5016,1,101,99,0.037757003978471655,13,knot_research.db
44535,13n_5105,1,107,106,0.2129012227360067,13,knot_research.db
44536,13n_3107,1,113,112,0.24001603338472843,13,knot_research.db
44537,13n_3388,1,117,116,0.04448432894988384,13,knot_research.db
44538,13n_4752,1,115,114,0.19606741391013605,13,knot_research.db
44539,13n_5036,1,111,110,0.13251885514899744,13,knot_research.db
44540,13n_5056,1,111,110,0.03413060765256226,13,knot_research.db
44541,13n_4772,1,115,114,0.23902333253038552,13,knot_research.db
44542,13n_3127,1,113,112,0.11011710748862531,13,knot_research.db
44543,13n_3408,1,111,110,0.03632357795686922,13,knot_research.db
44544,13n_5076,1,111,110,0.18678104176389532,13,knot_research.db
44545,13n_4792,1,119,118,0.10631744261762904,13,knot_research.db
44546,13n_5096,1,119,118,0.0863576128608633,13,knot_research.db
44547,13n_3147,1,113,112,0.01954727461597128,13,knot_research.db
44548,13n_3428,1,109,108,0.006650077700732142,13,knot_research.db
44549,13n_4812,1,107,106,0.08373416524809908,13,knot_research.db
44550,13n_4832,1,113,112,0.06657612898603969,13,knot_research.db
44551,13n_3167,1,105,104,0.01382592826753029,13,knot_research.db
44552,13n_3448,1,107,106,0.14236496586570738,13,knot_research.db
44553,13n_4852,1,111,110,0.04781638724708227,13,knot_research.db
44554,13n_3187,1,119,118,0.20640982751732523,13,knot_research.db
44555,13n_3468,1,107,106,0.00554181716453851,13,knot_research.db
44556,13n_4872,1,105,104,0.10282638061249415,13,knot_research.db
44557,13n_3207,1,121,120,0.1383265207968879,13,knot_research.db
44558,13n_3488,1,107,106,0.10692430801101263,13,knot_research.db
44559,13n_4892,1,111,110,0.1924053484975098,13,knot_research.db
44560,13n_3508,1,113,113,0.23929527261387043,13,knot_research.db
44561,13n_4912,1,115,114,0.20957748378316857,13,knot_research.db
44562,13n_3227,1,107,106,0.0560690619730237,13,knot_research.db
44563,13n_4932,1,109,108,0.18398521117179303,13,knot_research.db
44564,13n_3528,1,115,114,0.08462053276062029,13,knot_research.db
44565,13n_3247,1,109,108,0.0045992561609164125,13,knot_research.db
44566,13n_4952,1,109,108,0.20056694829281466,13,knot_research.db
44567,13n_3548,1,105,104,0.018962608549874804,13,knot_research.db
44568,13n_4972,1,115,114,0.23148330667818987,13,knot_research.db
44569,13n_3267,1,107,106,0.2957850541702388,13,knot_research.db
44570,13n_3287,1,109,107,0.03196825888693857,13,knot_research.db
44571,13n_3568,1,113,112,0.04637226383042072,13,knot_research.db
44572,13n_4992,1,115,114,0.06689731036336334,13,knot_research.db
44573,13n_3588,1,107,106,0.02214443161470309,13,knot_research.db
44574,13n_5012,1,115,114,0.2205624689558487,13,knot_research.db
44575,13n_3307,1,111,110,0.05881704311587742,13,knot_research.db
44576,13n_5032,1,107,106,0.024899410238934307,13,knot_research.db
44577,13n_3608,1,111,110,0.16143883105085724,13,knot_research.db
44578,13n_3327,1,109,108,0.00601250030331561,13,knot_research.db
44579,13n_5052,1,107,106,0.23628127929840706,13,knot_research.db
44580,13n_5072,1,117,116,0.15446166326997138,13,knot_research.db
44581,13n_3628,1,109,108,0.05508682986161894,13,knot_research.db
44582,13n_3347,1,113,112,0.01361370234102195,13,knot_research.db
44583,13n_5092,1,107,106,0.12612107066361414,13,knot_research.db
44584,13n_3648,1,105,104,0.22890856399414247,13,knot_research.db
44585,13n_3367,1,105,105,0.08984378470154106,13,knot_research.db
44586,13n_3387,1,107,106,0.051579699396246695,13,knot_research.db
44587,13n_3668,1,105,104,0.01535409380384185,13,knot_research.db
44588,13n_3688,1,115,114,0.03550989523702901,13,knot_research.db
44589,13n_3407,1,111,110,0.3015929329877607,13,knot_research.db
44590,13n_3708,1,111,110,0.08534011338636567,13,knot_research.db
44591,13n_3427,1,107,106,0.22568659920840156,13,knot_research.db
44592,13n_3447,1,109,108,0.0738832906057515,13,knot_research.db
44593,13n_3728,1,113,112,0.1007610378724712,13,knot_research.db
44594,13n_3467,1,113,112,0.1630992363146577,13,knot_research.db
44595,13n_3748,1,109,107,0.018679312294270098,13,knot_research.db
44596,13n_3487,1,107,106,0.21256466034517305,13,knot_research.db
44597,13n_3768,1,117,115,0.011533764623806226,13,knot_research.db
44598,13n_3507,1,105,105,0.03789223417048328,13,knot_research.db
44599,13n_3788,1,117,116,0.23993588635592056,13,knot_research.db
44600,13n_3527,1,113,113,0.1701326771816458,13,knot_research.db
44601,13n_3808,1,105,103,0.057495846038467,13,knot_research.db
44602,13n_3547,1,113,112,0.002637084939627812,13,knot_research.db
44603,13n_3828,1,111,109,0.02480720782311478,13,knot_research.db
44604,13n_3567,1,109,108,0.007101755260799307,13,knot_research.db
44605,13n_3848,1,113,112,0.01186180775716078,13,knot_research.db
44606,13n_3587,1,107,106,0.013706827965515178,13,knot_research.db
44607,13n_3868,1,111,110,0.06585594912817284,13,knot_research.db
44608,13n_3607,1,111,110,0.28284326015600936,13,knot_research.db
44609,13n_3888,1,115,113,0.015573919081607596,13,knot_research.db
44610,13n_3627,1,111,110,0.20383781880688012,13,knot_research.db
44611,13n_3908,1,111,110,0.09974378760243736,13,knot_research.db
44612,13n_3647,1,111,110,0.07480230092502624,13,knot_research.db
44613,13n_3928,1,107,105,0.07454384373418768,13,knot_research.db
44614,13n_3667,1,109,108,0.16685382751494737,13,knot_research.db
44615,13n_3948,1,113,112,0.031518881188755316,13,knot_research.db
44616,13n_3687,1,111,110,0.03745559231301966,13,knot_research.db
44617,13n_3968,1,103,102,0.087643083913205,13,knot_research.db
44618,13n_3707,1,109,108,0.26269329326444274,13,knot_research.db
44619,13n_3988,1,105,104,0.2704317120112128,13,knot_research.db
44620,13n_3727,1,105,103,0.045605659746727284,13,knot_research.db
44621,13n_4008,1,107,106,0.08310973875593057,13,knot_research.db
44622,13n_3747,1,115,113,0.0076015444256825136,13,knot_research.db
44623,13n_4028,1,101,100,0.018126703548543593,13,knot_research.db
44624,13n_4048,1,107,106,0.20628393902721273,13,knot_research.db
44625,13n_3767,1,113,111,0.04315766872442319,13,knot_research.db
44626,13n_4068,1,107,106,0.11990591045748408,13,knot_research.db
44627,13n_3787,1,111,110,0.13162957924017493,13,knot_research.db
44628,13n_4088,1,107,106,0.09265791772517636,13,knot_research.db
44629,13n_3807,1,119,118,0.10441052006407896,13,knot_research.db
44630,13n_4108,1,119,118,0.1101880896583462,13,knot_research.db
44631,13n_3827,1,109,107,0.03135537975388197,13,knot_research.db
44632,13n_4128,1,113,112,0.19155453853826707,13,knot_research.db
44633,13n_3847,1,113,111,0.007715700194336981,13,knot_research.db
44634,13n_4148,1,95,94,0.3179508714152813,13,knot_research.db
44635,13n_3867,1,111,110,0.009325042491865046,13,knot_research.db
44636,13n_4168,1,105,104,0.18376948462372944,13,knot_research.db
44637,13n_3887,1,115,113,0.030660268043202085,13,knot_research.db
44638,13n_4188,1,105,104,0.10062178684316311,13,knot_research.db
44639,13n_4208,1,109,108,0.09432848438223945,13,knot_research.db
44640,13n_3907,1,115,114,0.18874531870417435,13,knot_research.db
44641,13n_4228,1,111,110,0.010770649931857619,13,knot_research.db
44642,13n_3927,1,111,110,0.019079740624615642,13,knot_research.db
44643,13n_4248,1,105,104,0.1432499013121402,13,knot_research.db
44644,13n_3947,1,115,114,0.19625735895313284,13,knot_research.db
44645,13n_4268,1,109,108,0.09820311647912759,13,knot_research.db
44646,13n_3967,1,103,102,0.10822474350656588,13,knot_research.db
44647,13n_3987,1,107,106,0.045862597024397725,13,knot_research.db
44648,13n_4288,1,115,114,0.014817049392477053,13,knot_research.db
44649,13n_4007,1,101,100,0.06322782826565455,13,knot_research.db
44650,13n_4308,1,115,114,0.041993785396594284,13,knot_research.db
44651,13n_4027,1,115,114,0.22650905029135723,13,knot_research.db
44652,13n_4328,1,113,112,0.08668390868479581,13,knot_research.db
44653,13n_4047,1,111,110,0.08551496163285426,13,knot_research.db
44654,13n_4348,1,113,112,0.05448566902287397,13,knot_research.db
44655,13n_4067,1,105,104,0.11749049236631812,13,knot_research.db
44656,13n_4368,1,109,108,0.1381077197546663,13,knot_research.db
44657,13n_4087,1,109,108,0.2931517698337729,13,knot_research.db
44658,13n_4107,1,115,114,0.03797684525965642,13,knot_research.db
44659,13n_4388,1,109,109,0.17507594390122583,13,knot_research.db
44660,13n_4127,1,101,100,0.0647608073269142,13,knot_research.db
44661,13n_4408,1,115,114,0.13717113567929504,13,knot_research.db
44662,13n_4147,1,101,100,0.07767623551231694,13,knot_research.db
44663,13n_4428,1,113,112,0.0060047185446514585,13,knot_research.db
44664,13n_4167,1,107,106,0.2222725308853352,13,knot_research.db
44665,13n_4187,1,105,104,0.21913138433123378,13,knot_research.db
44666,13n_4448,1,111,110,0.11617481064938019,13,knot_research.db
44667,13n_4468,1,115,114,0.12668355167615508,13,knot_research.db
44668,13n_4207,1,109,108,0.08137116427616278,13,knot_research.db
44669,13n_4227,1,117,116,0.15502106035217383,13,knot_research.db
44670,13n_4488,1,105,104,0.28228101928404487,13,knot_research.db
44671,13n_4508,1,99,99,0.038084750446189426,13,knot_research.db
44672,13n_4247,1,113,113,0.05688504509752974,13,knot_research.db
44673,13n_4528,1,111,110,0.031052300460129273,13,knot_research.db
44674,13n_4267,1,115,114,0.1736034275843598,13,knot_research.db
44675,13n_4548,1,107,106,0.15585444180890415,13,knot_research.db
44676,13n_4287,1,115,114,0.029340684940547295,13,knot_research.db
44677,13n_4568,1,109,109,0.1648437675391978,13,knot_research.db
44678,13n_4307,1,113,112,0.1271701554875888,13,knot_research.db
44679,13n_4588,1,113,112,0.07700365567880836,13,knot_research.db
44680,13n_4327,1,111,110,0.05679455832897359,13,knot_research.db
44681,13n_4608,1,107,106,0.18948110317035308,13,knot_research.db
44682,13n_4347,1,119,118,0.22834659410878058,13,knot_research.db
44683,13n_4628,1,103,102,0.04612321002234679,13,knot_research.db
44684,13n_4648,1,109,108,0.03041404313678398,13,knot_research.db
44685,13n_4367,1,115,114,0.09147231154521407,13,knot_research.db
44686,13n_4668,1,113,112,0.10279738481345334,13,knot_research.db
44687,13n_4387,1,107,106,0.14822115847845257,13,knot_research.db
44688,13n_4688,1,109,108,0.0917890171289273,13,knot_research.db
44689,13n_4407,1,117,116,0.263033653003497,13,knot_research.db
44690,13n_4708,1,105,104,0.028904042911631782,13,knot_research.db
44691,13n_4427,1,105,104,0.04518431660157532,13,knot_research.db
44692,13n_4728,1,109,108,0.0907989951812604,13,knot_research.db
44693,13n_4447,1,111,110,0.11686438325946563,13,knot_research.db
44694,13n_4748,1,115,114,0.10307672238561674,13,knot_research.db
44695,13n_4467,1,113,112,0.016798410532766688,13,knot_research.db
44696,13n_4768,1,119,118,0.06067241790199627,13,knot_research.db
44697,13n_4487,1,109,108,0.021867570040624944,13,knot_research.db
44698,13n_4507,1,107,106,0.11440448005541175,13,knot_research.db
44699,13n_4788,1,109,108,0.23374675782012708,13,knot_research.db
44700,13n_4808,1,107,106,0.2099235631054894,13,knot_research.db
44701,13n_4527,1,109,108,0.16085029448376373,13,knot_research.db
44702,13n_4828,1,107,106,0.01401913712283524,13,knot_research.db
44703,13n_4547,1,109,108,0.11186965842197734,13,knot_research.db
44704,13n_4848,1,107,106,0.20351077064633172,13,knot_research.db
44705,13n_4567,1,99,98,0.20468404339435664,13,knot_research.db
44706,13n_4587,1,99,98,0.04933869954357906,13,knot_research.db
44707,13n_4868,1,113,112,0.23854776932825714,13,knot_research.db
44708,13n_4607,1,107,106,0.009903260647976066,13,knot_research.db
44709,13n_4888,1,109,108,0.2830222540657123,13,knot_research.db
44710,13n_4627,1,107,106,0.18770314383345307,13,knot_research.db
44711,13n_4908,1,105,104,0.14045715057688193,13,knot_research.db
44712,13n_4647,1,103,102,0.16233664706259315,13,knot_research.db
44713,13n_4928,1,103,102,0.18936887900998156,13,knot_research.db
44714,13n_4667,1,105,104,0.15514079908918268,13,knot_research.db
44715,13n_4948,1,111,110,0.07657791208170209,13,knot_research.db
44716,13n_4687,1,105,104,0.0307265369717347,13,knot_research.db
44717,13n_4707,1,115,114,0.10602702022891114,13,knot_research.db
44718,13n_4968,1,111,110,0.006059449311042218,13,knot_research.db
44719,13n_4727,1,105,104,0.020768135506181264,13,knot_research.db
44720,13n_4988,1,103,102,0.19041820020524988,13,knot_research.db
44721,13n_4747,1,115,114,0.24659103138461733,13,knot_research.db
44722,13n_5008,1,109,108,0.15193690570674076,13,knot_research.db
44723,13n_4767,1,113,112,0.28328567186195946,13,knot_research.db
44724,13n_5028,1,113,112,0.1830073669254411,13,knot_research.db
44725,13n_4787,1,113,112,0.240368185191767,13,knot_research.db
44726,13n_5048,1,109,108,0.05014040436927257,13,knot_research.db
44727,13n_5068,1,101,100,0.24229013881744935,13,knot_research.db
44728,13n_4807,1,111,110,0.25531372029409144,13,knot_research.db
44729,13n_5088,1,107,106,0.2595219838821953,13,knot_research.db
44730,13n_4827,1,109,108,0.29578505417206474,13,knot_research.db
44731,13n_5108,1,111,110,0.20534425222286587,13,knot_research.db
44732,13n_4847,1,111,110,0.21270203439072857,13,knot_research.db
44733,13n_4867,1,109,108,0.26555274580220684,13,knot_research.db
44734,13n_4887,1,111,110,0.06961015322166855,13,knot_research.db
44735,13n_4907,1,107,106,0.06922427839524108,13,knot_research.db
44736,13n_4927,1,109,108,0.348960297970882,13,knot_research.db
44737,13n_4947,1,111,110,0.06756233708971933,13,knot_research.db
44738,13n_4967,1,113,112,0.05848745599898683,13,knot_research.db
44739,13n_4987,1,107,106,0.1893704369555075,13,knot_research.db
44740,13n_5007,1,113,112,0.30232572895566373,13,knot_research.db
44741,13n_5027,1,105,104,0.01911273588027183,13,knot_research.db
44742,13n_5047,1,109,108,0.20235914645062458,13,knot_research.db
44743,13n_5067,1,107,106,0.22847733250473792,13,knot_research.db
44744,13n_5087,1,115,114,0.1540259267911332,13,knot_research.db
44745,13n_5107,1,117,116,0.13674662411950228,13,knot_research.db
55159,13n_3033,1,111,110,0.03443472026878032,13,knot_research.db
55476,13n_1509,1,111,110,0.10371456631820536,13,knot_research.db
56323,13n_3053,1,99,98,0.03760142621012071,13,knot_research.db
56685,13n_1529,1,109,108,0.054588928760071,13,knot_research.db
57187,13n_3073,1,111,110,0.07340884683081036,13,knot_research.db
57442,13n_1549,1,107,106,0.3088252673300585,13,knot_research.db
57705,13n_3093,1,109,108,0.06362937291849027,13,knot_research.db
57712,13n_1569,1,107,106,0.26828151907601655,13,knot_research.db
57713,13n_3113,1,109,108,0.09321432957329263,13,knot_research.db
57714,13n_1589,1,119,118,0.0068675992293704595,13,knot_research.db
57715,13n_3133,1,105,104,0.13907116246932386,13,knot_research.db
57716,13n_3153,1,115,114,0.11045059684839449,13,knot_research.db
57717,13n_1609,1,113,112,0.050127401013748435,13,knot_research.db
57718,13n_3173,1,109,107,0.011723503224004079,13,knot_research.db
57719,13n_1629,1,111,110,0.01631730122580271,13,knot_research.db
57720,13n_3193,1,109,108,0.034986948146100365,13,knot_research.db
57721,13n_1649,1,107,106,0.16649780664182778,13,knot_research.db
57722,13n_3213,1,111,110,0.2096471392528739,13,knot_research.db
57723,13n_1669,1,119,118,0.1235983043955725,13,knot_research.db
57724,13n_3233,1,105,104,0.24153762522223363,13,knot_research.db
57725,13n_1689,1,101,100,0.15637456481016557,13,knot_research.db
57726,13n_3253,1,103,102,0.15196057198216337,13,knot_research.db
57727,13n_1709,1,115,114,0.03329679185393321,13,knot_research.db
57728,13n_3273,1,115,114,0.2959259278598132,13,knot_research.db
57729,13n_3293,1,113,112,0.009884566596793766,13,knot_research.db
57730,13n_1729,1,99,98,0.08573755604353671,13,knot_research.db
57731,13n_1749,1,109,108,0.13091060782675173,13,knot_research.db
57732,13n_3313,1,111,110,0.011175952447527539,13,knot_research.db
57733,13n_1769,1,119,118,0.2517336336707269,13,knot_research.db
57734,13n_3333,1,111,110,0.08811115040262675,13,knot_research.db
57735,13n_1789,1,119,118,0.253202849429148,13,knot_research.db
57736,13n_3353,1,109,109,0.2683462827948579,13,knot_research.db
57737,13n_3373,1,117,116,0.08777970818327373,13,knot_research.db
57738,13n_1809,1,115,114,0.16371178332120612,13,knot_research.db
57739,13n_3393,1,99,98,0.03877519584117066,13,knot_research.db
57740,13n_1829,1,107,106,0.0034920080294011022,13,knot_research.db
57741,13n_1849,1,113,112,0.012044509162792373,13,knot_research.db
57742,13n_3413,1,109,108,0.012128672174073516,13,knot_research.db
57743,13n_3433,1,109,108,0.14629112467181782,13,knot_research.db
57744,13n_1869,1,111,110,0.22602276283063,13,knot_research.db
57745,13n_3453,1,109,108,0.0469039011323361,13,knot_research.db
57746,13n_1889,1,105,104,0.12926869687883577,13,knot_research.db
57747,13n_3473,1,111,110,0.05567110691254181,13,knot_research.db
57748,13n_1909,1,107,106,0.018712507895132024,13,knot_research.db
57749,13n_3493,1,105,104,0.029163956236411576,13,knot_research.db
57750,13n_1929,1,109,108,0.030924776068861445,13,knot_research.db
57751,13n_3513,1,111,109,0.010266622260965674,13,knot_research.db
57752,13n_1949,1,101,100,0.05835198793919427,13,knot_research.db
57753,13n_3533,1,119,118,0.1567799305484175,13,knot_research.db
57754,13n_1969,1,113,112,0.022089571608813655,13,knot_research.db
57755,13n_3553,1,111,110,0.05157241859759991,13,knot_research.db
57756,13n_1989,1,119,118,0.11015359472823516,13,knot_research.db
57757,13n_3573,1,109,108,0.013799619924479535,13,knot_research.db
57758,13n_2009,1,105,103,0.061951182035479724,13,knot_research.db
57759,13n_3593,1,103,102,0.22144762565090778,13,knot_research.db
57760,13n_2029,1,111,110,0.019943473545239992,13,knot_research.db
57761,13n_3613,1,111,110,0.10526659566142822,13,knot_research.db
57762,13n_2049,1,107,106,0.2105703245335163,13,knot_research.db
57763,13n_3633,1,103,102,0.04237038163733432,13,knot_research.db
57764,13n_2069,1,107,106,0.012795884961779993,13,knot_research.db
57765,13n_3653,1,113,112,0.09935833367645674,13,knot_research.db
57766,13n_2089,1,113,112,0.17528235296785805,13,knot_research.db
57767,13n_3673,1,111,110,0.027801628057640467,13,knot_research.db
57768,13n_2109,1,107,106,0.11998788968202441,13,knot_research.db
57769,13n_3693,1,107,106,0.022547196442669056,13,knot_research.db
57770,13n_2129,1,111,110,0.10070561162557773,13,knot_research.db
57771,13n_3713,1,111,110,0.039991152459877465,13,knot_research.db
57772,13n_2149,1,107,106,0.08541940882039355,13,knot_research.db
57773,13n_3733,1,111,110,0.030587016302070807,13,knot_research.db
57774,13n_2169,1,109,107,0.013215005798680193,13,knot_research.db
57775,13n_3753,1,115,113,0.009062121255755876,13,knot_research.db
57776,13n_2189,1,111,110,0.20979361120627263,13,knot_research.db
57777,13n_3773,1,109,107,0.01896439591726995,13,knot_research.db
57778,13n_3793,1,109,108,0.033498649564251526,13,knot_research.db
57779,13n_2209,1,111,109,0.010076412083021234,13,knot_research.db
57780,13n_3813,1,109,108,0.20800934522902603,13,knot_research.db
57781,13n_2229,1,109,108,0.3003893021058512,13,knot_research.db
57782,13n_3833,1,109,107,0.03105434882331685,13,knot_research.db
57783,13n_2249,1,109,107,0.04099321698106692,13,knot_research.db
57784,13n_3853,1,117,115,0.007526799933795918,13,knot_research.db
57785,13n_2269,1,109,108,0.16808979052548903,13,knot_research.db
57786,13n_2289,1,103,102,0.09170926368538455,13,knot_research.db
57787,13n_3873,1,105,103,0.055818861514920784,13,knot_research.db
57788,13n_2309,1,117,116,0.09207409620903352,13,knot_research.db
57789,13n_3893,1,117,115,0.0032073636841398233,13,knot_research.db
57790,13n_2329,1,103,102,0.02582967187042515,13,knot_research.db
57791,13n_3913,1,113,112,0.19508514544956443,13,knot_research.db
57792,13n_2349,1,113,112,0.08851900178350705,13,knot_research.db
57793,13n_3933,1,107,105,0.048344709720797845,13,knot_research.db
57794,13n_2369,1,127,126,0.14234619059245493,13,knot_research.db
57795,13n_3953,1,101,100,0.029553578740967007,13,knot_research.db
57796,13n_3973,1,95,95,0.1799626994784216,13,knot_research.db
57797,13n_2389,1,111,110,0.11350885618369748,13,knot_research.db
57798,13n_3993,1,119,118,0.00768804244148609,13,knot_research.db
57799,13n_2409,1,113,111,0.02747393513413931,13,knot_research.db
57800,13n_4013,1,103,102,0.04851366349363397,13,knot_research.db
57801,13n_2429,1,109,108,0.09249324787484238,13,knot_research.db
57802,13n_4033,1,101,100,0.18479194493790357,13,knot_research.db
57803,13n_2449,1,113,112,0.04086850106906595,13,knot_research.db
57804,13n_4053,1,109,108,0.018322239239658103,13,knot_research.db
57805,13n_2469,1,107,106,0.16043177506047096,13,knot_research.db
57806,13n_4073,1,117,116,0.17808632626983914,13,knot_research.db
57807,13n_2489,1,107,106,0.10285157483055425,13,knot_research.db
57808,13n_4093,1,109,108,0.13892626483501377,13,knot_research.db
57809,13n_2509,1,113,112,0.09379162977555676,13,knot_research.db
57810,13n_4113,1,113,112,0.14713488453388054,13,knot_research.db
57811,13n_2529,1,107,106,0.10057317383238573,13,knot_research.db
57812,13n_2549,1,111,110,0.016409567181193428,13,knot_research.db
57813,13n_4133,1,105,104,0.1053264612116516,13,knot_research.db
57814,13n_4153,1,111,110,0.16662325089819993,13,knot_research.db
57815,13n_2569,1,111,110,0.00847698998387521,13,knot_research.db
57816,13n_2589,1,109,108,0.23724974778817276,13,knot_research.db
57817,13n_4173,1,111,110,0.19023568326034002,13,knot_research.db
57818,13n_2609,1,109,108,0.26271234880607586,13,knot_research.db
57819,13n_4193,1,107,107,0.18978476037241682,13,knot_research.db
57820,13n_2629,1,105,104,0.19264558225996847,13,knot_research.db
57821,13n_4213,1,115,114,0.08124432428551434,13,knot_research.db
57822,13n_2649,1,113,112,0.22795626706882904,13,knot_research.db
57823,13n_4233,1,115,114,0.05905172651380619,13,knot_research.db
57824,13n_4253,1,111,111,0.008343054055246003,13,knot_research.db
57825,13n_2669,1,109,108,0.1588284298079028,13,knot_research.db
57826,13n_4273,1,105,104,0.2823457203242415,13,knot_research.db
57827,13n_2689,1,109,108,0.06295964837072861,13,knot_research.db
57828,13n_4293,1,117,116,0.047766089109886396,13,knot_research.db
57829,13n_2709,1,109,108,0.09249100539719374,13,knot_research.db
57830,13n_4313,1,103,102,0.2706285243852268,13,knot_research.db
57831,13n_2729,1,111,110,0.018880000145937555,13,knot_research.db
57832,13n_4333,1,109,108,0.028324928294124817,13,knot_research.db
57833,13n_2749,1,107,106,0.011082782308962652,13,knot_research.db
57834,13n_4353,1,111,110,0.10198828464150458,13,knot_research.db
57835,13n_2769,1,115,114,0.001304212446156029,13,knot_research.db
57836,13n_4373,1,113,112,0.031567890276557896,13,knot_research.db
57837,13n_2789,1,107,106,0.17136681083657546,13,knot_research.db
57838,13n_4393,1,105,105,0.053539821546473354,13,knot_research.db
57839,13n_2809,1,109,108,0.01665988782956161,13,knot_research.db
57840,13n_4413,1,115,114,0.30949815096677186,13,knot_research.db
57841,13n_2829,1,111,110,0.09171286923267116,13,knot_research.db
57842,13n_2849,1,113,112,0.17502401125251812,13,knot_research.db
57843,13n_4433,1,113,112,0.20188662963829818,13,knot_research.db
57844,13n_4453,1,111,110,0.07507465156560494,13,knot_research.db
57845,13n_2869,1,109,108,0.17132257907328818,13,knot_research.db
57846,13n_4473,1,111,110,0.06116832072023282,13,knot_research.db
57847,13n_2889,1,107,106,0.09224521888378807,13,knot_research.db
57848,13n_4493,1,111,110,0.1311935896604834,13,knot_research.db
57849,13n_2909,1,109,108,0.06058430804600763,13,knot_research.db
57850,13n_2929,1,115,114,0.23368739973111377,13,knot_research.db
57851,13n_4513,1,117,116,0.08172006950446037,13,knot_research.db
57852,13n_2949,1,121,120,0.20849870919716118,13,knot_research.db
57853,13n_4533,1,111,110,0.042866210389683225,13,knot_research.db
57854,13n_4553,1,109,108,0.16202148198094257,13,knot_research.db
57855,13n_2969,1,123,122,0.010044547179516769,13,knot_research.db
57856,13n_4573,1,113,112,0.029808332604588466,13,knot_research.db
57857,13n_2989,1,111,110,0.21999865417422235,13,knot_research.db
57858,13n_4593,1,113,112,0.062094944719020696,13,knot_research.db
57859,13n_3009,1,121,120,0.14951543817905644,13,knot_research.db
57860,13n_4613,1,99,98,0.022199153342834694,13,knot_research.db
57861,13n_4633,1,107,106,0.03381697265361737,13,knot_research.db
57862,13n_3029,1,113,112,0.10880418124845648,13,knot_research.db
57863,13n_4653,1,101,100,0.08276277292513232,13,knot_research.db
57864,13n_3049,1,111,110,0.25728541750974315,13,knot_research.db
57865,13n_4673,1,111,110,0.20216721281624628,13,knot_research.db
57866,13n_3069,1,107,106,0.03935846459080751,13,knot_research.db
57867,13n_4693,1,107,106,0.2799096232664033,13,knot_research.db
57868,13n_3089,1,111,110,0.027720187261713516,13,knot_research.db
57869,13n_4713,1,109,108,0.008157344787463394,13,knot_research.db
57870,13n_3109,1,111,111,0.1642055315647984,13,knot_research.db
57871,13n_4733,1,115,114,0.15392587528738721,13,knot_research.db
57872,13n_3129,1,111,110,0.22219233300459895,13,knot_research.db
57873,13n_4753,1,111,110,0.21712442603529064,13,knot_research.db
57874,13n_3149,1,111,110,0.007885853995584618,13,knot_research.db
57875,13n_4773,1,113,112,0.2243926803424537,13,knot_research.db
57876,13n_3169,1,105,104,0.009725516161527824,13,knot_research.db
57877,13n_3189,1,111,110,0.16556740238811718,13,knot_research.db
57878,13n_4793,1,111,110,0.00819500888370295,13,knot_research.db
57879,13n_3209,1,109,108,0.13781183508263545,13,knot_research.db
57880,13n_4813,1,107,106,0.2732334070819841,13,knot_research.db
57881,13n_3229,1,113,112,0.20963629293888028,13,knot_research.db
57882,13n_4833,1,115,114,0.12285596839231129,13,knot_research.db
57883,13n_3249,1,117,116,0.003697776325141252,13,knot_research.db
57884,13n_4853,1,107,106,0.2594792340476308,13,knot_research.db
57885,13n_4873,1,107,106,0.0746067111712699,13,knot_research.db
57886,13n_3269,1,109,108,0.2606897523133313,13,knot_research.db
57887,13n_4893,1,111,110,0.10156550800569751,13,knot_research.db
57888,13n_3289,1,117,116,0.11070461870615697,13,knot_research.db
57889,13n_4913,1,103,102,0.2027447434239934,13,knot_research.db
57890,13n_3309,1,113,112,0.014759005723500744,13,knot_research.db
57891,13n_4933,1,99,98,0.12871934614871902,13,knot_research.db
57892,13n_3329,1,111,110,0.08470878173151515,13,knot_research.db
57893,13n_3349,1,115,114,0.15671803004386448,13,knot_research.db
57894,13n_4953,1,113,112,0.07219760446269093,13,knot_research.db
57895,13n_3369,1,109,108,0.1631697691780842,13,knot_research.db
57896,13n_4973,1,109,108,0.02310831034676991,13,knot_research.db
57897,13n_3389,1,109,108,0.22724291314218598,13,knot_research.db
57898,13n_4993,1,119,118,0.27989988431782326,13,knot_research.db
57899,13n_3409,1,107,106,0.06632990021758814,13,knot_research.db
57900,13n_5013,1,107,106,0.02439451174620306,13,knot_research.db
57901,13n_3429,1,105,104,0.006319759870454021,13,knot_research.db
57902,13n_5033,1,105,104,0.10783054432102472,13,knot_research.db
57903,13n_3449,1,109,108,0.0632897896274577,13,knot_research.db
57904,13n_5053,1,107,106,0.24513486132896806,13,knot_research.db
57905,13n_3469,1,107,106,0.005755298524617917,13,knot_research.db
57906,13n_5073,1,105,104,0.12626780848636976,13,knot_research.db
57907,13n_3489,1,111,110,0.02098748024962232,13,knot_research.db
57908,13n_5093,1,109,108,0.26284988058592723,13,knot_research.db
57909,13n_3509,1,115,114,0.2548143439004528,13,knot_research.db
57910,13n_3529,1,117,116,0.02610640505380638,13,knot_research.db
57911,13n_3549,1,109,108,0.04595173318219381,13,knot_research.db
57912,13n_3569,1,107,106,0.25574785796908445,13,knot_research.db
57913,13n_3589,1,105,104,0.0273319849956391,13,knot_research.db
57914,13n_3609,1,111,110,0.16574986330761166,13,knot_research.db
57915,13n_3629,1,109,108,0.22967987876247575,13,knot_research.db
57916,13n_3649,1,105,104,0.028757932993278598,13,knot_research.db
57917,13n_3669,1,105,104,0.03480320126551599,13,knot_research.db
57918,13n_3689,1,113,112,0.06444028936359902,13,knot_research.db
57919,13n_3709,1,111,110,0.27804758503317395,13,knot_research.db
57920,13n_3729,1,109,108,0.04903905770558824,13,knot_research.db
57921,13n_3749,1,113,112,0.20407485234260805,13,knot_research.db
57922,13n_3769,1,105,103,0.052471121369739075,13,knot_research.db
57923,13n_3789,1,115,114,0.03519666826470857,13,knot_research.db
57924,13n_3809,1,113,111,0.013069007199282296,13,knot_research.db
57925,13n_3829,1,111,110,0.2225858868591288,13,knot_research.db
57926,13n_3849,1,113,112,0.2643736704694692,13,knot_research.db
57927,13n_3869,1,113,112,0.03182252396348902,13,knot_research.db
57928,13n_3889,1,111,110,0.019644528605077635,13,knot_research.db
57929,13n_3909,1,113,112,0.20112758520211188,13,knot_research.db
57930,13n_3929,1,109,108,0.09820438540394148,13,knot_research.db
57931,13n_3949,1,111,110,0.06689139368465612,13,knot_research.db
57932,13n_3969,1,101,101,0.19493562424268934,13,knot_research.db
57933,13n_3989,1,107,106,0.14918014986316586,13,knot_research.db
57934,13n_4009,1,103,102,0.2704317120107161,13,knot_research.db
57935,13n_4029,1,103,102,0.06128966879932891,13,knot_research.db
57936,13n_4049,1,107,106,0.041092079921952865,13,knot_research.db
57937,13n_4069,1,111,110,0.22610959722262344,13,knot_research.db
57938,13n_4089,1,105,104,0.19989389057710452,13,knot_research.db
57939,13n_4109,1,105,104,0.12173468507031421,13,knot_research.db
57940,13n_4129,1,111,110,0.1338209414551971,13,knot_research.db
57941,13n_4149,1,113,112,0.08499742267454646,13,knot_research.db
57942,13n_4169,1,109,108,0.22634971527577735,13,knot_research.db
57943,13n_4189,1,107,106,0.26807889658180245,13,knot_research.db
57944,13n_4209,1,109,108,0.17635082863807558,13,knot_research.db
57945,13n_4229,1,113,112,0.04755896152164314,13,knot_research.db
57946,13n_4249,1,107,106,0.1870723534879017,13,knot_research.db
57947,13n_4269,1,109,108,0.024490287178726887,13,knot_research.db
57948,13n_4289,1,107,106,0.3105476933863528,13,knot_research.db
57949,13n_4309,1,111,110,0.046509426818987065,13,knot_research.db
57950,13n_4329,1,115,114,0.08569836010576652,13,knot_research.db
57951,13n_4349,1,107,107,0.15036249441207739,13,knot_research.db
57952,13n_4369,1,115,114,0.11862575252495858,13,knot_research.db
57953,13n_4389,1,109,108,0.012818832484648516,13,knot_research.db
57954,13n_4409,1,109,108,0.16123368390465864,13,knot_research.db
57955,13n_4429,1,109,108,0.27492392368533536,13,knot_research.db
57956,13n_4449,1,107,107,0.1934792077681011,13,knot_research.db
57957,13n_4469,1,109,108,0.24786922890903543,13,knot_research.db
57958,13n_4489,1,109,108,0.11197731435932125,13,knot_research.db
57959,13n_4509,1,111,110,0.1715846026187293,13,knot_research.db
57960,13n_4529,1,103,102,0.2012033444997349,13,knot_research.db
57961,13n_4549,1,111,110,0.20478182212602242,13,knot_research.db
57962,13n_4569,1,113,112,0.04556775550710542,13,knot_research.db
57963,13n_4589,1,101,100,0.13220992791550054,13,knot_research.db
57964,13n_4609,1,107,106,0.26690306911216605,13,knot_research.db
57965,13n_4629,1,105,104,0.0036734402034149225,13,knot_research.db
57966,13n_4649,1,111,110,0.009807945204079708,13,knot_research.db
57967,13n_4669,1,105,104,0.24892595124697273,13,knot_research.db
57968,13n_4689,1,103,102,0.28252081288609965,13,knot_research.db
57969,13n_4709,1,107,106,0.23442846504920742,13,knot_research.db
57970,13n_4729,1,105,104,0.26071327181628406,13,knot_research.db
57971,13n_4749,1,113,112,0.21819217622026607,13,knot_research.db
57972,13n_4769,1,113,112,0.25259670867747847,13,knot_research.db
57973,13n_4789,1,117,116,0.08313779922284291,13,knot_research.db
57974,13n_4809,1,107,106,0.2338902664667159,13,knot_research.db
57975,13n_4829,1,115,114,0.06544944574018362,13,knot_research.db
57976,13n_4849,1,113,112,0.17426869263718006,13,knot_research.db
57977,13n_4869,1,107,106,0.0900655142125313,13,knot_research.db
57978,13n_4889,1,111,110,0.08587500926642981,13,knot_research.db
57979,13n_4909,1,113,112,0.11939844645181752,13,knot_research.db
57980,13n_4929,1,105,104,0.23354754523664592,13,knot_research.db
57981,13n_4949,1,107,106,0.24979749903483134,13,knot_research.db
57982,13n_4969,1,105,104,0.2036306142119883,13,knot_research.db
57983,13n_4989,1,105,104,0.20267101470028237,13,knot_research.db
57984,13n_5009,1,115,114,0.2173448194172624,13,knot_research.db
57985,13n_5029,1,107,106,0.1878082537083193,13,knot_research.db
57986,13n_5049,1,107,106,0.1605533959549203,13,knot_research.db
57987,13n_5069,1,111,110,0.16879473308223536,13,knot_research.db
57988,13n_5089,1,113,112,0.11754411500257582,13,knot_research.db
57989,13n_5109,1,113,112,0.13584889379780904,13,knot_research.db
